Removed_ID,Removed_Source,Removed_Title,Removed_DOI,Reason,Matched_Key,Retained_ID,Retained_Source,Retained_Title
EMBASE:15,Embase,Combining mass spectrometry and machine learning models for predicting Klebsiella pneumoniae antimicrobial resistance: a multicenter experience from clinical isolates in Italy,10.1186/s12866-025-04657-2,Duplicate DOI,10.1186/s12866-025-04657-2,PMID:41555234,PubMed,Combining mass spectrometry and machine learning models for predicting Klebsiella pneumoniae antimicrobial resistance: a multicenter experience from clinical isolates in Italy.
SPRINGER:25,SpringerLink,"A community screening tool for neuropsychiatric symptoms in the elderly: integrating cortisol, microbiome, and social factors with machine learning",10.1038/s41398-025-03797-3,Duplicate DOI,10.1038/s41398-025-03797-3,PMID:41513603,PubMed,"A community screening tool for neuropsychiatric symptoms in the elderly: integrating cortisol, microbiome, and social factors with machine learning."
2-s2.0-105039586062,Scopus,Comparative evaluation of deep learning architectures for microbial colony classification in microbiological imaging,10.1186/s12866-026-05028-1,Duplicate DOI,10.1186/s12866-026-05028-1,PMID:42144581,PubMed,Comparative evaluation of deep learning architectures for microbial colony classification in microbiological imaging.
2-s2.0-105046667959,Scopus,A three-metabolite microbiota-associated signature for early risk stratification of gestational diabetes mellitus,10.1186/s12933-026-03278-x,Duplicate DOI,10.1186/s12933-026-03278-x,PMID:42568080,PubMed,A three-metabolite microbiota-associated signature for early risk stratification of gestational diabetes mellitus.
2-s2.0-105050499702,Scopus,Deep learning analysis of 12-lead electrocardiograms for bloodstream infection prediction: a multi-center validation study,10.1186/s12911-026-03657-0,Duplicate DOI,10.1186/s12911-026-03657-0,PMID:42374403,PubMed,Deep learning analysis of 12-lead electrocardiograms for bloodstream infection prediction: a multi-center validation study.
2-s2.0-105034599349,Scopus,Proteomic profiling and pathway analyses reveal molecular signatures and immune networks in pediatric sepsis,10.1007/s00011-026-02200-1,Duplicate DOI,10.1007/s00011-026-02200-1,EMBASE:20,Embase,Proteomic profiling and pathway analyses reveal molecular signatures and immune networks in pediatric sepsis
2-s2.0-105027513685,Scopus,Complex genetic effects linked to plasma protein abundance in the UK Biobank,10.1038/s41467-025-67235-0,Duplicate DOI,10.1038/s41467-025-67235-0,EMBASE:8,Embase,Complex genetic effects linked to plasma protein abundance in the UK Biobank
2-s2.0-105046490021,Scopus,Development and validation of a novel multimodal deep neural network model based on CBC digit parameters and scattergrams for rapid hematolymphoid malignancy classification: a multicenter cohort study,10.1186/s12916-026-05036-y,Duplicate DOI,10.1186/s12916-026-05036-y,PMID:42421054,PubMed,Development and validation of a novel multimodal deep neural network model based on CBC digit parameters and scattergrams for rapid hematolymphoid malignancy classification: a multicenter cohort study.
2-s2.0-105038697270,Scopus,Comparison of bacterial detection performance between UF-5000 and USCANNER(E) based on urine culture,10.1016/j.diagmicrobio.2026.117455,Duplicate DOI,10.1016/j.diagmicrobio.2026.117455,PMID:42142478,PubMed,Comparison of bacterial detection performance between UF-5000 and USCANNER(E) based on urine culture.
2-s2.0-105029141185,Scopus,Integrating gut microbiota and violence exposure metrics to classify psychological distress in middle-aged adults,10.1038/s43856-025-01319-2,Duplicate DOI,10.1038/s43856-025-01319-2,SPRINGER:38,SpringerLink,Integrating gut microbiota and violence exposure metrics to classify psychological distress in middle-aged adults
2-s2.0-105033357771,Scopus,Evaluation of three rapid antimicrobial susceptibility testing methods directly from positive blood cultures integrated with rapid pathogen identification,10.1186/s12866-025-04697-8,Duplicate DOI,10.1186/s12866-025-04697-8,PMID:41629772,PubMed,Evaluation of three rapid antimicrobial susceptibility testing methods directly from positive blood cultures integrated with rapid pathogen identification.
2-s2.0-105029971135,Scopus,Injectable hydrogels for osteomyelitis treatment induce metabolic reprogramming for protection against reinfection,10.1038/s41467-026-68318-2,Duplicate DOI,10.1038/s41467-026-68318-2,EMBASE:14,Embase,Injectable hydrogels for osteomyelitis treatment induce metabolic reprogramming for protection against reinfection
2-s2.0-105029160816,Scopus,"Deep learning-driven morphological fingerprinting: rapid, accurate and low-cost pathogen identification via the analysis of dried patterns of droplets",10.1186/s12951-025-03923-9,Duplicate DOI,10.1186/s12951-025-03923-9,EMBASE:12,Embase,"Deep learning-driven morphological fingerprinting: rapid, accurate and low-cost pathogen identification via the analysis of dried patterns of droplets"
2-s2.0-105037532283,Scopus,"Soluble triggering receptor expressed on myeloid cells-1 as a predictive biomarker in sepsis: insights into cut-offs, mortality risk, and treatment guidance—secondary analysis of the Next GeneSiS-Trial",10.1186/s13054-026-06025-6,Duplicate DOI,10.1186/s13054-026-06025-6,PMID:42015279,PubMed,"Soluble triggering receptor expressed on myeloid cells-1 as a predictive biomarker in sepsis: insights into cut-offs, mortality risk, and treatment guidance-secondary analysis of the Next GeneSiS-Trial."
2-s2.0-105036499657,Scopus,Epidemiological burden of multidrug-resistant bacteria and carbapenemases in Northern Morocco: a one-year observational study,10.1186/s12879-026-13016-z,Duplicate DOI,10.1186/s12879-026-13016-z,PMID:41832406,PubMed,Epidemiological burden of multidrug-resistant bacteria and carbapenemases in Northern Morocco: a one-year observational study.
2-s2.0-105027136773,Scopus,Rapid culture-free diagnosis of clinical pathogens via integrated microfluidic-Raman micro-spectroscopy,10.1038/s41467-025-66996-y,Duplicate DOI,10.1038/s41467-025-66996-y,EMBASE:6,Embase,Rapid culture-free diagnosis of clinical pathogens via integrated microfluidic-Raman micro-spectroscopy
2-s2.0-105029640363,Scopus,"Comparative analysis of PRR receptors and R genes reveals structural and functional divergence between wild, ancestral, and commercial citrus species",10.1186/s12864-025-12043-5,Duplicate DOI,10.1186/s12864-025-12043-5,PMID:41535748,PubMed,"Comparative analysis of PRR receptors and R genes reveals structural and functional divergence between wild, ancestral, and commercial citrus species."
2-s2.0-105048241337,Scopus,Development and validation of a machine learning-based diagnostic system for 22 pediatric respiratory pathogens: a large-scale multicenter study,10.1038/s41746-026-02818-9,Duplicate DOI,10.1038/s41746-026-02818-9,SPRINGER:11,SpringerLink,Development and validation of a machine learning-based diagnostic system for 22 pediatric respiratory pathogens: a large-scale multicenter study
2-s2.0-105035450731,Scopus,Self-destructing attenuated adjuvant Salmonella serves as a safe and potent live vaccine adjuvant,10.1038/s41541-026-01406-y,Duplicate DOI,10.1038/s41541-026-01406-y,EMBASE:22,Embase,Self-destructing attenuated adjuvant Salmonella serves as a safe and potent live vaccine adjuvant
2-s2.0-105028385213,Scopus,Porphyromonas gingivalis extracellular vesicles promotes tumor metastasis in esophageal squamous cell carcinoma by inducing PRKACB/JNK/ NFATC2 axis,10.1186/s12951-025-03932-8,Duplicate DOI,10.1186/s12951-025-03932-8,EMBASE:9,Embase,Porphyromonas gingivalis extracellular vesicles promotes tumor metastasis in esophageal squamous cell carcinoma by inducing PRKACB/JNK/ NFATC2 axis
2-s2.0-105051067695,Scopus,Predicting resistance to fluoroquinolones among patients with rifampicin-resistant tuberculosis: A cross-country validation study,10.1371/journal.pmed.1004965,Duplicate DOI,10.1371/journal.pmed.1004965,PMID:42743308,PubMed,Predicting resistance to fluoroquinolones among patients with rifampicin-resistant tuberculosis: A cross-country validation study.
2-s2.0-105029575778,Scopus,Blood culture diagnostics - a comparative and experimental study on the impact of delayed incubation,10.1186/s12866-025-04623-y,Duplicate DOI,10.1186/s12866-025-04623-y,PMID:41514207,PubMed,Blood culture diagnostics - a comparative and experimental study on the impact of delayed incubation.
2-s2.0-105044910589,Scopus,A microbiome meta-transcriptomics pipeline identifies a neutrophil elastase inhibitor that protects the colonic epithelial barrier,10.1038/s41392-026-02774-6,Duplicate DOI,10.1038/s41392-026-02774-6,SPRINGER:71,SpringerLink,A microbiome meta-transcriptomics pipeline identifies a neutrophil elastase inhibitor that protects the colonic epithelial barrier
2-s2.0-105028910036,Scopus,Clinical implications of traction bronchiectasis in IPF and fibrotic RA-ILD – a retrospective single-center cohort study,10.1186/s12931-026-03497-6,Duplicate DOI,10.1186/s12931-026-03497-6,EMBASE:10,Embase,Clinical implications of traction bronchiectasis in IPF and fibrotic RA-ILD – a retrospective single-center cohort study
2-s2.0-105031558084,Scopus,Combining mass spectrometry and machine learning models for predicting Klebsiella pneumoniae antimicrobial resistance: a multicenter experience from clinical isolates in Italy,10.1186/s12866-025-04657-2,Duplicate DOI,10.1186/s12866-025-04657-2,PMID:41555234,PubMed,Combining mass spectrometry and machine learning models for predicting Klebsiella pneumoniae antimicrobial resistance: a multicenter experience from clinical isolates in Italy.
2-s2.0-105028944035,Scopus,"Cathelicidin-Ka, the first frog-derived TLR2 and TLR4 agonist, induces macrophage activation and promotes inflammation",10.1007/s00018-025-06068-y,Duplicate DOI,10.1007/s00018-025-06068-y,EMBASE:11,Embase,"Cathelicidin-Ka, the first frog-derived TLR2 and TLR4 agonist, induces macrophage activation and promotes inflammation"
2-s2.0-105046710360,Scopus,Modeling Treatment Response in Tuberculosis Early Bactericidal Activity Trials,10.1002/psp4.70311,Duplicate DOI,10.1002/psp4.70311,PMID:42568101,PubMed,Modeling Treatment Response in Tuberculosis Early Bactericidal Activity Trials.
2-s2.0-105042293630,Scopus,Evaluation of AI-enhanced FTIR spectroscopy for species and biovar typing of intracellular pathogenic Brucella spp.,10.1186/s12866-026-05057-w,Duplicate DOI,10.1186/s12866-026-05057-w,PMID:42062846,PubMed,Evaluation of AI-enhanced FTIR spectroscopy for species and biovar typing of intracellular pathogenic Brucella spp.
2-s2.0-105051299242,Scopus,Benchmarking deep learning architectures for MALDI-TOF mass spectrometry in infectious disease diagnostics and vector-borne disease surveillance,10.1038/s41746-026-02816-x,Duplicate DOI,10.1038/s41746-026-02816-x,SPRINGER:2,SpringerLink,Benchmarking deep learning architectures for MALDI-TOF mass spectrometry in infectious disease diagnostics and vector-borne disease surveillance
2-s2.0-105051060799,Scopus,A deep learning system for bacterial identification and resistance prediction from MALDI-TOF data,10.1038/s41746-026-02879-w,Duplicate DOI,10.1038/s41746-026-02879-w,SPRINGER:1,SpringerLink,A deep learning system for bacterial identification and resistance prediction from MALDI-TOF data
2-s2.0-105035921656,Scopus,An adaptive weight self-distillation deep learning framework for phenotype prediction from longitudinal gut microbiome data,10.1186/s12866-026-04922-y,Duplicate DOI,10.1186/s12866-026-04922-y,EMBASE:25,Embase,An adaptive weight self-distillation deep learning framework for phenotype prediction from longitudinal gut microbiome data
2-s2.0-105027543454,Scopus,"A community screening tool for neuropsychiatric symptoms in the elderly: integrating cortisol, microbiome, and social factors with machine learning",10.1038/s41398-025-03797-3,Duplicate DOI,10.1038/s41398-025-03797-3,PMID:41513603,PubMed,"A community screening tool for neuropsychiatric symptoms in the elderly: integrating cortisol, microbiome, and social factors with machine learning."
2-s2.0-105045299438,Scopus,TB-Genaly: A multicenter evaluated whole genome sequencing pipeline for tuberculosis drug resistance assessment and transmission analysis,10.1016/j.ijid.2026.108942,Duplicate DOI,10.1016/j.ijid.2026.108942,PMID:42379459,PubMed,TB-Genaly: A multicenter evaluated whole genome sequencing pipeline for tuberculosis drug resistance assessment and transmission analysis.
2-s2.0-105033453577,Scopus,GhLYK5-mediated GhNIT4B activates asparagine and ROS accumulation enhancing cotton Verticillium wilt resistance,10.1186/s13036-026-00628-x,Duplicate DOI,10.1186/s13036-026-00628-x,EMBASE:17,Embase,GhLYK5-mediated GhNIT4B activates asparagine and ROS accumulation enhancing cotton Verticillium wilt resistance
2-s2.0-105029796751,Scopus,Shipped and shifted: modeling collection-induced bias in microbiome multi-omics using a tractable fermentation system,10.1038/s41522-025-00909-1,Duplicate DOI,10.1038/s41522-025-00909-1,EMBASE:13,Embase,Shipped and shifted: modeling collection-induced bias in microbiome multi-omics using a tractable fermentation system
2-s2.0-105046764728,Scopus,Comparison of Gram stain interpretation accuracy between a computer-aided diagnosis app and microbiology specialists in blood culture samples,10.1128/spectrum.00081-26,Duplicate DOI,10.1128/spectrum.00081-26,PMID:42334218,PubMed,Comparison of Gram stain interpretation accuracy between a computer-aided diagnosis app and microbiology specialists in blood culture samples.
2-s2.0-105033817236,Scopus,Uncovering Cas9 PAM diversity through metagenomic mining and machine learning,10.1038/s41467-026-69098-5,Duplicate DOI,10.1038/s41467-026-69098-5,EMBASE:18,Embase,Uncovering Cas9 PAM diversity through metagenomic mining and machine learning
2-s2.0-105026368622,Scopus,Multiplexed detection of febrile infections using CARMEN,10.1038/s41467-025-66243-4,Duplicate DOI,10.1038/s41467-025-66243-4,EMBASE:4,Embase,Multiplexed detection of febrile infections using CARMEN
2-s2.0-105049018568,Scopus,Re-incubation of positive anaerobic blood culture bottles for detecting additional anaerobes in polymicrobial bacteremia,10.1128/spectrum.01551-26,Duplicate DOI,10.1128/spectrum.01551-26,PMID:42545020,PubMed,Re-incubation of positive anaerobic blood culture bottles for detecting additional anaerobes in polymicrobial bacteremia.
2-s2.0-105029976562,Scopus,"Prevalence, clinical characteristics, and antibiotic resistance of carbapenem-resistant Klebsiella pneumoniae in a tertiary hospital in Türkiye (2023–2025)",10.1186/s12866-026-04727-z,Duplicate DOI,10.1186/s12866-026-04727-z,PMID:41580656,PubMed,"Prevalence, clinical characteristics, and antibiotic resistance of carbapenem-resistant Klebsiella pneumoniae in a tertiary hospital in Türkiye (2023-2025)."
2-s2.0-105049158338,Scopus,SURE-Pipe: a pipeline to compare genomes and extract shared and unique regions,10.1093/nargab/lqag105,Duplicate DOI,10.1093/nargab/lqag105,PMID:42707711,PubMed,SURE-Pipe: a pipeline to compare genomes and extract shared and unique regions.
2-s2.0-105047066201,Scopus,Evaluation of the BD urine culture application for artificial intelligence-assisted urine culture interpretation,10.1128/jcm.00270-26,Duplicate DOI,10.1128/jcm.00270-26,PMID:42324609,PubMed,Evaluation of the BD urine culture application for artificial intelligence-assisted urine culture interpretation.
2-s2.0-105035427776,Scopus,Many but not all pathogen-associated molecular patterns aggravate neurogenic heterotopic ossification after spinal cord injury,10.1186/s12929-026-01237-y,Duplicate DOI,10.1186/s12929-026-01237-y,EMBASE:23,Embase,Many but not all pathogen-associated molecular patterns aggravate neurogenic heterotopic ossification after spinal cord injury
2-s2.0-105028422522,Scopus,Machine learning-based prediction of mortality and multidrug-resistant infection risks in ICU patients with suspected infection: a prospective national multicenter cohort study,10.1186/s12879-025-12354-8,Duplicate DOI,10.1186/s12879-025-12354-8,PMID:41422100,PubMed,Machine learning-based prediction of mortality and multidrug-resistant infection risks in ICU patients with suspected infection: a prospective national multicenter cohort study.
2-s2.0-105033555761,Scopus,The insect Toll pathway activates antibacterial immunity against the citrus Huanglongbing pathogen,10.1038/s41467-026-68575-1,Duplicate DOI,10.1038/s41467-026-68575-1,EMBASE:19,Embase,The insect Toll pathway activates antibacterial immunity against the citrus Huanglongbing pathogen
2-s2.0-105027305664,Scopus,Exploring the Pathogens in Primary Predominantly Antibody Deficiencies of Unknown Genetic Origin,10.1007/s10875-025-01970-3,Duplicate DOI,10.1007/s10875-025-01970-3,EMBASE:7,Embase,Exploring the Pathogens in Primary Predominantly Antibody Deficiencies of Unknown Genetic Origin
2-s2.0-105024309070,Scopus,Interpretable large language models for early prediction of antimicrobial multidrug resistance,10.1007/s13755-025-00401-2,Duplicate DOI,10.1007/s13755-025-00401-2,EMBASE:2,Embase,Interpretable large language models for early prediction of antimicrobial multidrug resistance
2-s2.0-105050205254,Scopus,A clinical scoring system for the early identification of superinfections in patients with severe fever with thrombocytopenia syndrome: An ambispective multicentre cohort study,10.1371/journal.pntd.0014696,Duplicate DOI,10.1371/journal.pntd.0014696,PMID:42721159,PubMed,A clinical scoring system for the early identification of superinfections in patients with severe fever with thrombocytopenia syndrome: An ambispective multicentre cohort study.
2-s2.0-105032671152,Scopus,Development and validation of a sample-to-result real time multiplex RT-PCR test for human African trypanosomiasis and arboviral febrile illnesses in the Democratic Republic of the Congo,10.1186/s12879-026-12550-0,Duplicate DOI,10.1186/s12879-026-12550-0,PMID:41645098,PubMed,Development and validation of a sample-to-result real time multiplex RT-PCR test for human African trypanosomiasis and arboviral febrile illnesses in the Democratic Republic of the Congo.
2-s2.0-105042586375,Scopus,Investigating infection and clinical data to predict effective antibiotic therapy and monitor resistance trends,10.1016/j.ijid.2026.108842,Duplicate DOI,10.1016/j.ijid.2026.108842,PMID:42214660,PubMed,Investigating infection and clinical data to predict effective antibiotic therapy and monitor resistance trends.
2-s2.0-105044301747,Scopus,Multi-Layer Stacking Ensemble Learning Framework Utilizing Gut Microbiota Data for Colorectal Cancer Classification,10.26599/BDMA.2025.9020088,Duplicate DOI,10.26599/bdma.2025.9020088,IEEE:11600501,IEEE Xplore,Multi-Layer Stacking Ensemble Learning Framework Utilizing Gut Microbiota Data for Colorectal Cancer Classification
2-s2.0-105045332955,Scopus,Personalized Antibiogram: A Novel Multitask Machine Learning Framework for Simultaneous Prediction of Antimicrobial Resistance Profile With Enhanced Detection of Carbapenem Resistance in Enterobacteriaceae,10.1093/cid/ciag027,Duplicate DOI,10.1093/cid/ciag027,PMID:41546531,PubMed,Personalized Antibiogram: A Novel Multitask Machine Learning Framework for Simultaneous Prediction of Antimicrobial Resistance Profile With Enhanced Detection of Carbapenem Resistance in Enterobacteriaceae.
2-s2.0-105039772683,Scopus,A smartphone-based optical detection for rapid and reliable quantification of bacterial contamination on stainless-steel surfaces,10.1128/aem.00073-26,Duplicate DOI,10.1128/aem.00073-26,PMID:41973541,PubMed,A smartphone-based optical detection for rapid and reliable quantification of bacterial contamination on stainless-steel surfaces.
2-s2.0-105046129752,Scopus,A dual-phase strategy to integrate the VITEK MS RUO database into routine clinical practice: from validation of analytical performance to implementation of an automated workflow,10.3389/fcimb.2026.1822779,Duplicate DOI,10.3389/fcimb.2026.1822779,PMID:42490852,PubMed,A dual-phase strategy to integrate the VITEK MS RUO database into routine clinical practice: from validation of analytical performance to implementation of an automated workflow.
2-s2.0-105043547466,Scopus,Subfamily-level comparative transcriptomics of key immune regulators in plants and suspension cells reveals novel rice blast resistance genes,10.1093/pcp/pcag019,Duplicate DOI,10.1093/pcp/pcag019,PMID:41665283,PubMed,Subfamily-level comparative transcriptomics of key immune regulators in plants and suspension cells reveals novel rice blast resistance genes.
2-s2.0-105042834905,Scopus,A Mixture-of-Experts Network for Infectious Keratitis Classification Using Multimodal Slit-Lamp Images: A Multicenter Study,10.1167/tvst.15.6.31,Duplicate DOI,10.1167/tvst.15.6.31,PMID:42345637,PubMed,A Mixture-of-Experts Network for Infectious Keratitis Classification Using Multimodal Slit-Lamp Images: A Multicenter Study.
2-s2.0-105040842420,Scopus,Identification and evaluation of gut microbiome as non-invasive biomarkers for early lung adenocarcinoma from a multi-center study,10.3389/fcimb.2026.1813261,Duplicate DOI,10.3389/fcimb.2026.1813261,PMID:42221580,PubMed,Identification and evaluation of gut microbiome as non-invasive biomarkers for early lung adenocarcinoma from a multi-center study.
2-s2.0-105028491696,Scopus,Fully automated sample-to-answer PCR detection of severe fever with thrombocytopenia syndrome virus in cat serum and whole blood,10.1016/j.jviromet.2026.115353,Duplicate DOI,10.1016/j.jviromet.2026.115353,PMID:41587641,PubMed,Fully automated sample-to-answer PCR detection of severe fever with thrombocytopenia syndrome virus in cat serum and whole blood.
2-s2.0-105046392153,Scopus,Screening performance of the MUS-3600 urine analyzer for urinary tract infection: comparison with urine culture,10.3389/abp.2026.16555,Duplicate DOI,10.3389/abp.2026.16555,PMID:42534856,PubMed,Screening performance of the MUS-3600 urine analyzer for urinary tract infection: comparison with urine culture.
2-s2.0-105032551663,Scopus,Impact of delayed blood culture bottles incubation on the recovery and detection of microorganisms : Effect of ambient room temperature versus 4°C,10.1016/j.diagmicrobio.2026.117342,Duplicate DOI,10.1016/j.diagmicrobio.2026.117342,PMID:41763125,PubMed,Impact of delayed blood culture bottles incubation on the recovery and detection of microorganisms : Effect of ambient room temperature versus 4°C.
2-s2.0-105039481774,Scopus,Antibiotic safety signals in Saudi Arabia: A pharmacovigilance study using disproportionality analysis,10.1016/j.ijid.2026.108734,Duplicate DOI,10.1016/j.ijid.2026.108734,PMID:42034281,PubMed,Antibiotic safety signals in Saudi Arabia: A pharmacovigilance study using disproportionality analysis.
2-s2.0-105046346123,Scopus,Evaluation of the Automated and Early Detection of Seasonal Epidemic Onset and Burden Levels (AEDSEO) method for respiratory surveillance using data from 21 European countries,10.2807/1560-7917.ES.2026.31.30.2500896,Duplicate DOI,10.2807/1560-7917.es.2026.31.30.2500896,PMID:42535288,PubMed,Evaluation of the Automated and Early Detection of Seasonal Epidemic Onset and Burden Levels (AEDSEO) method for respiratory surveillance using data from 21 European countries.
2-s2.0-105046734281,Scopus,Comparative evaluation of EUCAST RAST and QuickMIC for rapid antimicrobial susceptibility testing of carbapenem-resistant organisms directly from positive blood cultures,10.1128/spectrum.03956-25,Duplicate DOI,10.1128/spectrum.03956-25,PMID:42379827,PubMed,Comparative evaluation of EUCAST RAST and QuickMIC for rapid antimicrobial susceptibility testing of carbapenem-resistant organisms directly from positive blood cultures.
2-s2.0-105044627314,Scopus,Evaluation of new expert rules for the detection and differentiation of carbapenemase-producing Enterobacterales within the French epidemiological context,10.1128/jcm.00222-26,Duplicate DOI,10.1128/jcm.00222-26,PMID:42207690,PubMed,Evaluation of new expert rules for the detection and differentiation of carbapenemase-producing Enterobacterales within the French epidemiological context.
2-s2.0-105028388334,Scopus,Construction of a superspectrum for rapid identification of opportunistic human pathogens belonging to the genus Phytobacter using whole-cell MALDI-TOF MS,10.1016/j.diagmicrobio.2026.117275,Duplicate DOI,10.1016/j.diagmicrobio.2026.117275,PMID:41581408,PubMed,Construction of a superspectrum for rapid identification of opportunistic human pathogens belonging to the genus Phytobacter using whole-cell MALDI-TOF MS.
2-s2.0-105042068783,Scopus,Performance of the LIAISON PLEX gram-negative blood culture assay for identifying bacterial pathogens and resistance genes in blood cultures,10.1128/jcm.00018-26,Duplicate DOI,10.1128/jcm.00018-26,PMID:42171454,PubMed,Performance of the LIAISON PLEX gram-negative blood culture assay for identifying bacterial pathogens and resistance genes in blood cultures.
2-s2.0-105036454549,Scopus,Impact of periodic screening on hospital-acquired carbapenemase-producing Enterobacterales colonization: an ecological study,10.1016/j.jhin.2026.03.020,Duplicate DOI,10.1016/j.jhin.2026.03.020,PMID:41895340,PubMed,Impact of periodic screening on hospital-acquired carbapenemase-producing Enterobacterales colonization: an ecological study.
2-s2.0-105039109248,Scopus,A cartridge-based assay for improved detection of multidrug-resistant Mycobacterium tuberculosis directly from sputum,10.1128/jcm.01100-25,Duplicate DOI,10.1128/jcm.01100-25,PMID:41910325,PubMed,A cartridge-based assay for improved detection of multidrug-resistant Mycobacterium tuberculosis directly from sputum.
2-s2.0-105042041495,Scopus,Validation of an Automated Fluorescence- and Image-Based Viable Cell Counting Method for Fecal Microbiota Transplantation Drug Products,10.1002/biot.70269,Duplicate DOI,10.1002/biot.70269,PMID:42307051,PubMed,Validation of an Automated Fluorescence- and Image-Based Viable Cell Counting Method for Fecal Microbiota Transplantation Drug Products.
2-s2.0-105041207878,Scopus,Gram staining decipherment using an artificial intelligence-powered smartphone-based application,10.1128/spectrum.03076-25,Duplicate DOI,10.1128/spectrum.03076-25,PMID:42041260,PubMed,Gram staining decipherment using an artificial intelligence-powered smartphone-based application.
2-s2.0-105037561861,Scopus,A nested PCR-based point-of-care multiplex test for detection of bacterial pathogens in cerebrospinal fluids,10.3389/fcimb.2026.1781397,Duplicate DOI,10.3389/fcimb.2026.1781397,PMID:42058180,PubMed,A nested PCR-based point-of-care multiplex test for detection of bacterial pathogens in cerebrospinal fluids.
2-s2.0-105022787694,Scopus,Validation of the Bactec system for sterility testing of advanced therapy medicinal product suspensions in Ringer's Lactate,10.1016/j.jpba.2025.117283,Duplicate DOI,10.1016/j.jpba.2025.117283,PMID:41313976,PubMed,Validation of the Bactec system for sterility testing of advanced therapy medicinal product suspensions in Ringer's Lactate.
2-s2.0-105031953844,Scopus,Performance evaluation of GenXplore q4800: a novel open-platform automated nucleic acid testing system,10.1128/spectrum.03092-25,Duplicate DOI,10.1128/spectrum.03092-25,PMID:41562613,PubMed,Performance evaluation of GenXplore q4800: a novel open-platform automated nucleic acid testing system.
2-s2.0-105024227216,Scopus,International Investigation of the Gut-Lung Axis in Systemic Sclerosis–Interstitial Lung Disease,10.1002/acr.25623,Duplicate DOI,10.1002/acr.25623,PMID:40757465,PubMed,International Investigation of the Gut-Lung Axis in Systemic Sclerosis-Interstitial Lung Disease.
2-s2.0-105045231384,Scopus,Image-Centric Deep Learning Ensemble Approach for Automated Wax Moth Infestation Detection in Honey Bee Apiaries,10.1109/ACCESS.2026.3714567,Duplicate DOI,10.1109/access.2026.3714567,IEEE:11613957,IEEE Xplore,Image-Centric Deep Learning Ensemble Approach for Automated Wax Moth Infestation Detection in Honey Bee Apiaries
2-s2.0-105039072421,Scopus,Performance and Efficiency Trade-Off Analysis of Modern CNN Architectures for Automated Stem Cell Colony Quality Assessment,10.1109/ACCESS.2026.3692455,Duplicate DOI,10.1109/access.2026.3692455,IEEE:11516133,IEEE Xplore,Performance and Efficiency Trade-Off Analysis of Modern CNN Architectures for Automated Stem Cell Colony Quality Assessment
2-s2.0-105044569464,Scopus,Development and validation of the AI-predictive ParaScout in-vitro diagnostic (IVD) system for the microscopic detection of gastro-intestinal helminths in stool,10.1080/22221751.2026.2698240,Duplicate DOI,10.1080/22221751.2026.2698240,PMID:42384752,PubMed,Development and validation of the AI-predictive ParaScout in-vitro diagnostic (IVD) system for the microscopic detection of gastro-intestinal helminths in stool.
2-s2.0-105049009758,Scopus,Evaluation of an adapted relative growth method by MALDI-TOF MS for rapid determination of the susceptibility of Escherichia coli to levofloxacin,10.1128/spectrum.01035-26,Duplicate DOI,10.1128/spectrum.01035-26,PMID:42549875,PubMed,Evaluation of an adapted relative growth method by MALDI-TOF MS for rapid determination of the susceptibility of Escherichia coli to levofloxacin.
2-s2.0-105031958585,Scopus,Automatic Detection of Beggiatoa Microbial Mats in Salmon Farms Videos,10.1109/ACCESS.2026.3669848,Duplicate DOI,10.1109/access.2026.3669848,IEEE:11418637,IEEE Xplore,Automatic Detection of Beggiatoa Microbial Mats in Salmon Farms Videos
2-s2.0-105032792226,Scopus,Detection of Carbapenem Resistance in Klebsiella pneumoniae Using Vision Transformers and MALDI-TOF Proteomic Profiles,10.1109/ACCESS.2026.3672321,Duplicate DOI,10.1109/access.2026.3672321,IEEE:11426891,IEEE Xplore,Detection of Carbapenem Resistance in Klebsiella pneumoniae Using Vision Transformers and MALDI-TOF Proteomic Profiles
2-s2.0-105026881696,Scopus,Molecular and bacteriological characterization of colistin and carbapenem-resistant nosocomial isolates of Acinetobacter baumannii isolated from different Iraqi hospitals,10.1016/j.jiph.2025.103118,Duplicate DOI,10.1016/j.jiph.2025.103118,PMID:41477986,PubMed,Molecular and bacteriological characterization of colistin and carbapenem-resistant nosocomial isolates of Acinetobacter baumannii isolated from different Iraqi hospitals.
2-s2.0-105026697215,Scopus,"Performance of a Rapid, Highly Multiplexed Nucleic Acid Detection Assay for Identification of Viral and Bacterial Pathogens from Upper Respiratory Tract Specimens",10.1093/jalm/jfaf144,Duplicate DOI,10.1093/jalm/jfaf144,PMID:41159386,PubMed,"Performance of a Rapid, Highly Multiplexed Nucleic Acid Detection Assay for Identification of Viral and Bacterial Pathogens from Upper Respiratory Tract Specimens."
2-s2.0-105030271857,Scopus,Assessing cross-transmission of Gram-negative bacteria in the intensive care unit: a prospective comparison of IR-Biotyper and core-genome multi-locus sequence typing,10.1016/j.jhin.2026.01.004,Duplicate DOI,10.1016/j.jhin.2026.01.004,PMID:41581610,PubMed,Assessing cross-transmission of Gram-negative bacteria in the intensive care unit: a prospective comparison of IR-Biotyper and core-genome multi-locus sequence typing.
2-s2.0-105039037817,Scopus,Retrospective comparative analysis of pre-IVF vaginal and semen microbiological cultures in infertile couples highlights absence of microbial concordance,10.3389/fcimb.2026.1747088,Duplicate DOI,10.3389/fcimb.2026.1747088,PMID:42136739,PubMed,Retrospective comparative analysis of pre-IVF vaginal and semen microbiological cultures in infertile couples highlights absence of microbial concordance.
2-s2.0-105041192508,Scopus,Analytical validation of a highly accurate and reliable next-generation sequencing-based urine assay,10.1128/spectrum.02026-25,Duplicate DOI,10.1128/spectrum.02026-25,PMID:42012213,PubMed,Analytical validation of a highly accurate and reliable next-generation sequencing-based urine assay.
2-s2.0-105031477347,Scopus,On the Prediction of Varroa Mite Infestations in Honey Bee Colonies via Acoustic Monitoring,10.1109/JSEN.2026.3666127,Duplicate DOI,10.1109/jsen.2026.3666127,IEEE:11409881,IEEE Xplore,On the Prediction of Varroa Mite Infestations in Honey Bee Colonies via Acoustic Monitoring
2-s2.0-105020374237,Scopus,Machine learning prediction of kangaroo mother care in Sierra Leone: a comparative study of feature selection techniques and classification algorithms,10.1016/j.ijmedinf.2025.106166,Duplicate DOI,10.1016/j.ijmedinf.2025.106166,PMID:41175843,PubMed,Machine learning prediction of kangaroo mother care in Sierra Leone: a comparative study of feature selection techniques and classification algorithms.
2-s2.0-105035355008,Scopus,Evaluation of an automated blood culture detection system for sterility testing of cellular and gene therapy products,10.1128/spectrum.02902-25,Duplicate DOI,10.1128/spectrum.02902-25,PMID:41860251,PubMed,Evaluation of an automated blood culture detection system for sterility testing of cellular and gene therapy products.
2-s2.0-105029033787,Scopus,Characteristics of pathogenic microorganisms in COPD-related infections: prognostic correlations and implications,10.3389/fcimb.2025.1739849,Duplicate DOI,10.3389/fcimb.2025.1739849,PMID:41635718,PubMed,Characteristics of pathogenic microorganisms in COPD-related infections: prognostic correlations and implications.
2-s2.0-105029438482,Scopus,Evaluation of a fully automated “sample-to-result” PCR-based diagnostic test for detecting A/C/G Streptococci from throat swab specimens,10.1128/spectrum.02099-25,Duplicate DOI,10.1128/spectrum.02099-25,PMID:41474333,PubMed,"Evaluation of a fully automated ""sample-to-result"" PCR-based diagnostic test for detecting A/C/G Streptococci from throat swab specimens."
2-s2.0-105045342535,Scopus,Gut Microbiome in Depression with and without REM Sleep Behavior Disorder,10.1038/s41380-026-03773-3,Duplicate DOI,10.1038/s41380-026-03773-3,SPRINGER:86,SpringerLink,Gut Microbiome in Depression with and without REM Sleep Behavior Disorder
2-s2.0-105050739529,Scopus,Novel Approach for Intrusion Detection in IoT Networks Based on ResNet-ABC-Chatterjee Algorithm,10.13052/jmm1550-4646.2241,Duplicate DOI,10.13052/jmm1550-4646.2241,IEEE:11683942,IEEE Xplore,Novel Approach for Intrusion Detection in IoT Networks Based on ResNet-ABC-Chatterjee Algorithm
2-s2.0-105045715685,Scopus,Rapid Detection of Microbial Load in Chicken Meat via Gas Sensor Array and Machine Learning,10.1109/ACCESS.2026.3715366,Duplicate DOI,10.1109/access.2026.3715366,IEEE:11614827,IEEE Xplore,Rapid Detection of Microbial Load in Chicken Meat via Gas Sensor Array and Machine Learning
2-s2.0-105012123245,Scopus,Flow cytometry for screening and prioritisation of urine samples: a retrospective comparison with culture,10.1186/s12879-025-11374-8,Duplicate DOI,10.1186/s12879-025-11374-8,PMID:40739551,PubMed,Flow cytometry for screening and prioritisation of urine samples: a retrospective comparison with culture.
2-s2.0-105031490473,Scopus,Analytical validation of a metagenomic next-generation diagnostic platform for urinary tract infection in a Thai tertiary hospital setting: a BI-Biotia UTI cohort study,10.3389/fcimb.2026.1751074,Duplicate DOI,10.3389/fcimb.2026.1751074,PMID:41769339,PubMed,Analytical validation of a metagenomic next-generation diagnostic platform for urinary tract infection in a Thai tertiary hospital setting: a BI-Biotia UTI cohort study.
2-s2.0-105045785702,Scopus,Honey Bee Sound Fundamental Frequency Trajectory Estimation Using Adaptive AR Modeling,10.1109/ACCESS.2026.3715592,Duplicate DOI,10.1109/access.2026.3715592,IEEE:11615140,IEEE Xplore,Honey Bee Sound Fundamental Frequency Trajectory Estimation Using Adaptive AR Modeling
2-s2.0-105035301756,Scopus,Diagnostic disruption during a blood culture bottle shortage: Clinical and laboratory adaptation strategies,10.1128/spectrum.01646-25,Duplicate DOI,10.1128/spectrum.01646-25,PMID:41757894,PubMed,Diagnostic disruption during a blood culture bottle shortage: clinical and laboratory adaptation strategies.
2-s2.0-105022409945,Scopus,Monitoring for early prediction of gram-negative bacteremia using machine learning and hematological data in the emergency department,10.1038/s43856-025-01200-2,Duplicate DOI,10.1038/s43856-025-01200-2,SPRINGER:5,SpringerLink,Monitoring for early prediction of gram-negative bacteremia using machine learning and hematological data in the emergency department
2-s2.0-105048152379,Scopus,Development and validation of an interpretable machine learning model for predicting multidrug-resistant infections in ICU patients,10.3389/fcimb.2026.1807363,Duplicate DOI,10.3389/fcimb.2026.1807363,PMID:42638875,PubMed,Development and validation of an interpretable machine learning model for predicting multidrug-resistant infections in ICU patients.
2-s2.0-105044868832,Scopus,Four-year antibiogram analysis of priority pathogens: guiding empirical therapy and monitoring resistance trends,10.1128/spectrum.03457-25,Duplicate DOI,10.1128/spectrum.03457-25,PMID:42148584,PubMed,Four-year antibiogram analysis of priority pathogens: guiding empirical therapy and monitoring resistance trends.
2-s2.0-105035357786,Scopus,Evaluation of commercial susceptibility testing methods for in vitro determining daptomycin susceptibility in vancomycin-resistant Enterococcus faecium,10.1128/spectrum.03590-25,Duplicate DOI,10.1128/spectrum.03590-25,PMID:41784503,PubMed,Evaluation of commercial susceptibility testing methods for in vitro determining daptomycin susceptibility in vancomycin-resistant Enterococcus faecium.
2-s2.0-105043893920,Scopus,Interchangeability of blood culture bottles and automats for blood culture systems: an in-vitro performance evaluation,10.1016/j.lanmic.2026.101438,Duplicate DOI,10.1016/j.lanmic.2026.101438,PMID:42409042,PubMed,Interchangeability of blood culture bottles and automats for blood culture systems: an in-vitro performance evaluation.
2-s2.0-105047934013,Scopus,Long-term microbiome and clinical effects of a microbiome-guided personalized diet versus low-FODMAP diet in irritable bowel syndrome: A 12-month follow-up randomized controlled trial,10.1080/19490976.2026.2719125,Duplicate DOI,10.1080/19490976.2026.2719125,PMID:42623122,PubMed,Long-term microbiome and clinical effects of a microbiome-guided personalized diet versus low-FODMAP diet in irritable bowel syndrome: A 12-month follow-up randomized controlled trial.
2-s2.0-105045677135,Scopus,Construction and Validation of a Machine Learning Model Based on Clinical and Microbiomic Features for Predicting High Mucus Secretion in COPD,10.2147/COPD.S620360,Duplicate DOI,10.2147/copd.s620360,PMID:42504192,PubMed,Construction and Validation of a Machine Learning Model Based on Clinical and Microbiomic Features for Predicting High Mucus Secretion in COPD.
2-s2.0-105007211564,Scopus,Adaptation and validation of a gastrointestinal panel to detect diarrheal virus pathogens on a high-throughput qPCR system,10.1007/s00430-025-00837-z,Duplicate DOI,10.1007/s00430-025-00837-z,PMID:40459771,PubMed,Adaptation and validation of a gastrointestinal panel to detect diarrheal virus pathogens on a high-throughput qPCR system.
2-s2.0-105016834839,Scopus,Gut Microbiome Genes Involved in Plant and Mucin Breakdown Correlate with Diet and Gastrointestinal Inflammation in Healthy United States Adults,10.1016/j.tjnut.2025.08.027,Duplicate DOI,10.1016/j.tjnut.2025.08.027,PMID:40902732,PubMed,Gut Microbiome Genes Involved in Plant and Mucin Breakdown Correlate with Diet and Gastrointestinal Inflammation in Healthy United States Adults.
2-s2.0-105020030484,Scopus,Metagenomic next-generation sequencing unraveled the characteristic of lung microbiota in patients with checkpoint inhibitor pneumonitis: results from a prospective cohort study,10.1136/jitc-2025-012444,Duplicate DOI,10.1136/jitc-2025-012444,PMID:41161821,PubMed,Metagenomic next-generation sequencing unraveled the characteristic of lung microbiota in patients with checkpoint inhibitor pneumonitis: results from a prospective cohort study.
2-s2.0-105010628226,Scopus,Loop-mediated isothermal amplification as a diagnostic tool for rapid identification of enteric bacterial pathogens from stool samples,10.1016/j.diagmicrobio.2025.117004,Duplicate DOI,10.1016/j.diagmicrobio.2025.117004,PMID:40674985,PubMed,Loop-mediated isothermal amplification as a diagnostic tool for rapid identification of enteric bacterial pathogens from stool samples.
2-s2.0-105018021643,Scopus,Evaluation of expert rules for carbapenemase class identification in Enterobacterales isolates using the VITEK2 susceptibility testing platform,10.1128/jcm.00769-25,Duplicate DOI,10.1128/jcm.00769-25,PMID:40970712,PubMed,Evaluation of expert rules for carbapenemase class identification in Enterobacterales isolates using the VITEK2 susceptibility testing platform.
2-s2.0-105021067941,Scopus,Microbial spectrum and resistance profiles in elderly patients with pulmonary infections: A tNGS-based retrospective study,10.1097/MD.0000000000045865,Duplicate DOI,10.1097/md.0000000000045865,PMID:41204531,PubMed,Microbial spectrum and resistance profiles in elderly patients with pulmonary infections: A tNGS-based retrospective study.
2-s2.0-105024959205,Scopus,Prediction of antimicrobial resistance from MALDI-TOF mass spectra using machine learning: a validation study,10.1128/jcm.01186-25,Duplicate DOI,10.1128/jcm.01186-25,PMID:41296602,PubMed,Prediction of antimicrobial resistance from MALDI-TOF mass spectra using machine learning: a validation study.
2-s2.0-105001120842,Scopus,Machine learning-based risk prediction model for pertussis in children: a multicenter retrospective study,10.1186/s12879-025-10797-7,Duplicate DOI,10.1186/s12879-025-10797-7,PMID:40148755,PubMed,Machine learning-based risk prediction model for pertussis in children: a multicenter retrospective study.
2-s2.0-105023183748,Scopus,Aerobic Pathogens and Antimicrobial Susceptibility in Odontogenic Infections: A One-Year Observational Study from Southwestern Romania,10.3390/medicina61112008,Duplicate DOI,10.3390/medicina61112008,PMID:41303844,PubMed,Aerobic Pathogens and Antimicrobial Susceptibility in Odontogenic Infections: A One-Year Observational Study from Southwestern Romania.
2-s2.0-105021466248,Scopus,Off-label evaluation of the BD MAX MDR-TB assay for rapid diagnosis of rifampicin and isoniazid resistance of Mycobacterium tuberculosis clinical isolates in a high-volume reference laboratory,10.1128/jcm.00912-25,Duplicate DOI,10.1128/jcm.00912-25,PMID:40985744,PubMed,Off-label evaluation of the BD MAX MDR-TB assay for rapid diagnosis of rifampicin and isoniazid resistance of Mycobacterium tuberculosis clinical isolates in a high-volume reference laboratory.
2-s2.0-105012370916,Scopus,"Bacterial epidemiology and antibiotic resistance rates in male urinary tract infections in France, 2019–2023",10.1016/j.idnow.2025.105123,Duplicate DOI,10.1016/j.idnow.2025.105123,PMID:40721031,PubMed,"Bacterial epidemiology and antibiotic resistance rates in male urinary tract infections in France, 2019-2023."
2-s2.0-105021468705,Scopus,The multiplexed single-tier InBios Lyme Detect Multiplex ELISA is more sensitive than standard two-tier tests in the early stages of Lyme disease,10.1128/jcm.00629-25,Duplicate DOI,10.1128/jcm.00629-25,PMID:41065377,PubMed,The multiplexed single-tier InBios Lyme Detect Multiplex ELISA is more sensitive than standard two-tier tests in the early stages of Lyme disease.
2-s2.0-105024957705,Scopus,Clinical evaluation of the diagnostic performances and treatment monitoring of the new PATHFAST TB LAM Ag assay in sputum specimens of patients with tuberculosis or with nontuberculous mycobacteria pulmonary disease,10.1128/jcm.01269-25,Duplicate DOI,10.1128/jcm.01269-25,PMID:41294343,PubMed,Clinical evaluation of the diagnostic performances and treatment monitoring of the new PATHFAST TB LAM Ag assay in sputum specimens of patients with tuberculosis or with nontuberculous mycobacteria pulmonary disease.
2-s2.0-105012107352,Scopus,Machine Learning-Based Model Selection and Averaging Outperform Single-Model Approaches for a Priori Vancomycin Precision Dosing,10.1002/psp4.70084,Duplicate DOI,10.1002/psp4.70084,PMID:40734640,PubMed,Machine Learning-Based Model Selection and Averaging Outperform Single-Model Approaches for a Priori Vancomycin Precision Dosing.
2-s2.0-105005200589,Scopus,Multi-center evaluation of the Selux next-generation phenotyping system for gram-negative direct-from-positive blood culture antimicrobial susceptibility testing,10.1128/jcm.01819-24,Duplicate DOI,10.1128/jcm.01819-24,PMID:40162805,PubMed,Multi-center evaluation of the Selux next-generation phenotyping system for gram-negative direct-from-positive blood culture antimicrobial susceptibility testing.
2-s2.0-105010045188,Scopus,Identification of rare Candida species isolated from various clinical specimens: Comparison of different methods,10.1007/s42770-025-01725-7,Duplicate DOI,10.1007/s42770-025-01725-7,PMID:40629229,PubMed,Identification of rare Candida species isolated from various clinical specimens: Comparison of different methods.
2-s2.0-105010040629,Scopus,Validation of Enzytec™ Liquid L-Lactic Acid for Enzymatic Determination of L-Lactic Acid in Selected Foods and Beverages: Official Method 2024.07 First Action,10.1093/jaoacint/qsaf020,Duplicate DOI,10.1093/jaoacint/qsaf020,PMID:40067090,PubMed,Validation of Enzytec™ Liquid L-Lactic Acid for Enzymatic Determination of L-Lactic Acid in Selected Foods and Beverages: Official Method 2024.07 First Action.
2-s2.0-105005172642,Scopus,Evaluation of long-read 16S rRNA next-generation sequencing for identification of bacterial isolates in a clinical diagnostic laboratory,10.1128/jcm.01670-24,Duplicate DOI,10.1128/jcm.01670-24,PMID:40261041,PubMed,Evaluation of long-read 16S rRNA next-generation sequencing for identification of bacterial isolates in a clinical diagnostic laboratory.
2-s2.0-105010857471,Scopus,Performance of the LIAISON PLEX yeast blood culture assay for identifying 16 invasive fungal pathogens in blood cultures,10.1128/jcm.00362-25,Duplicate DOI,10.1128/jcm.00362-25,PMID:40454839,PubMed,Performance of the LIAISON PLEX yeast blood culture assay for identifying 16 invasive fungal pathogens in blood cultures.
2-s2.0-105008217364,Scopus,"Development and evaluation of a direct disk diffusion, rapid antimicrobial susceptibility testing method from blood culture positive for Gram-negative bacilli using rapid molecular testing and microbiology laboratory automation",10.1128/spectrum.02401-24,Duplicate DOI,10.1128/spectrum.02401-24,PMID:40372037,PubMed,"Development and evaluation of a direct disk diffusion, rapid antimicrobial susceptibility testing method from blood culture positive for Gram-negative bacilli using rapid molecular testing and microbiology laboratory automation."
2-s2.0-105014286652,Scopus,Enhancing Sensitivity of Commercial Gold Nanoparticle-Based Lateral Flow Assays: A Comparative Study of Colorimetric and Photothermal Approaches,10.3390/s25164904,Duplicate DOI,10.3390/s25164904,PMID:40871766,PubMed,Enhancing Sensitivity of Commercial Gold Nanoparticle-Based Lateral Flow Assays: A Comparative Study of Colorimetric and Photothermal Approaches.
2-s2.0-105012462445,Scopus,Comparison of conventional culture and automated blood culture system for microbiologic diagnosis of pleural infection,10.1128/spectrum.00352-25,Duplicate DOI,10.1128/spectrum.00352-25,PMID:40503837,PubMed,Comparison of conventional culture and automated blood culture system for microbiologic diagnosis of pleural infection.
2-s2.0-105005556919,Scopus,Evaluation of the cobas MTB and MTB-RIF/INH assay in clinical samples for the detection of Mycobacterium tuberculosis in respiratory specimens,10.1128/jcm.01959-24,Duplicate DOI,10.1128/jcm.01959-24,PMID:40130921,PubMed,Evaluation of the cobas MTB and MTB-RIF/INH assay in clinical samples for the detection of Mycobacterium tuberculosis in respiratory specimens.
2-s2.0-105011678480,Scopus,Evidence Generation for a Host-Response Biosignature of Respiratory Disease,10.3390/v17070943,Duplicate DOI,10.3390/v17070943,PMID:40733560,PubMed,Evidence Generation for a Host-Response Biosignature of Respiratory Disease.
2-s2.0-105012892720,Scopus,Evaluation of Group B Streptococcus culture processing using a commercial flocked swab with and without automated sample processing instrument,10.1128/spectrum.01249-25,Duplicate DOI,10.1128/spectrum.01249-25,PMID:40621916,PubMed,Evaluation of Group B Streptococcus culture processing using a commercial flocked swab with and without automated sample processing instrument.
2-s2.0-105016768535,Scopus,Evaluation of an automated molecular diagnostic instrument for direct detection of Burkholderia pseudomallei from clinical specimens,10.1099/jmm.0.002074,Duplicate DOI,10.1099/jmm.0.002074,PMID:40982370,PubMed,Evaluation of an automated molecular diagnostic instrument for direct detection of Burkholderia pseudomallei from clinical specimens.
2-s2.0-105010935316,Scopus,"Assembly and annotation of Solanum dulcamara and Solanum nigrum plant genomes, two nightshades with contrasting susceptibilities to Ralstonia solanacearum",10.1093/g3journal/jkaf119,Duplicate DOI,10.1093/g3journal/jkaf119,2-s2.0-105011067698,Scopus,"Assembly and annotation of Solanum dulcamara and Solanum nigrum plant genomes, two nightshades with contrasting susceptibilities to Ralstonia solanacearum"
2-s2.0-105017250076,Scopus,A Novel Antibacterial Susceptibility Test From Microscopic Images by Deep Learning,10.1109/ACCESS.2025.3612431,Duplicate DOI,10.1109/access.2025.3612431,IEEE:11174263,IEEE Xplore,A Novel Antibacterial Susceptibility Test From Microscopic Images by Deep Learning
2-s2.0-105001732428,Scopus,"Performance characteristics of an automated, high-throughput RT-PCR assay for the detection of Candida auris on 3-point and nasal swabs",10.1128/spectrum.02114-24,Duplicate DOI,10.1128/spectrum.02114-24,PMID:39950809,PubMed,"Performance characteristics of an automated, high-throughput RT-PCR assay for the detection of Candida auris on 3-point and nasal swabs."
2-s2.0-105023795625,Scopus,Glioblastoma Detection with Hyperspectral Image Analysis through Optimal Wavelength Selection,10.1109/EMBC58623.2025.11252746,Duplicate DOI,10.1109/embc58623.2025.11252746,IEEE:11252746,IEEE Xplore,Glioblastoma Detection with Hyperspectral Image Analysis through Optimal Wavelength Selection
2-s2.0-105024096116,Scopus,MDC-Net: A Multidimensional Dynamic Convolutional Network for the Cellular Detection of Vaginitis Pathogens,10.1109/ACCESS.2025.3640699,Duplicate DOI,10.1109/access.2025.3640699,IEEE:11278583,IEEE Xplore,MDC-Net: A Multidimensional Dynamic Convolutional Network for the Cellular Detection of Vaginitis Pathogens
2-s2.0-105013974852,Scopus,CariesAttNet: An Attention-Enhanced Encoder-Decoder Network for Automated Caries Segmentation in CBCT Images,10.1109/ACCESS.2025.3601329,Duplicate DOI,10.1109/access.2025.3601329,IEEE:11132366,IEEE Xplore,CariesAttNet: An Attention-Enhanced Encoder-Decoder Network for Automated Caries Segmentation in CBCT Images
2-s2.0-105003896898,Scopus,Accuracy of classification of urinary Gram-stain findings by a computer-aided diagnosis app compared with microbiology specialists,10.1099/jmm.0.002008,Duplicate DOI,10.1099/jmm.0.002008,PMID:40266674,PubMed,Accuracy of classification of urinary Gram-stain findings by a computer-aided diagnosis app compared with microbiology specialists.
2-s2.0-86000320467,Scopus,Comparison of Raman spectroscopy with mass spectrometry for sequence typing of Acinetobacter baumannii strains: a single-center study,10.1128/spectrum.01425-24,Duplicate DOI,10.1128/spectrum.01425-24,PMID:39907463,PubMed,Comparison of Raman spectroscopy with mass spectrometry for sequence typing of Acinetobacter baumannii strains: a single-center study.
2-s2.0-85219530495,Scopus,Validation of ML-algorithms for the prediction of positive urine cultures from flow cytometry routine data in patients with suspected bacteriuria,10.1016/j.ijmm.2025.151652,Duplicate DOI,10.1016/j.ijmm.2025.151652,PMID:40043528,PubMed,Validation of ML-algorithms for the prediction of positive urine cultures from flow cytometry routine data in patients with suspected bacteriuria.
2-s2.0-105000436651,Scopus,Multiscale Information Fusion Based on Large Model Inspired Bacterial Detection,10.26599/BDMA.2024.9020078,Duplicate DOI,10.26599/bdma.2024.9020078,IEEE:10807335,IEEE Xplore,Multiscale Information Fusion Based on Large Model Inspired Bacterial Detection
2-s2.0-85216857386,Scopus,Comparative analysis of the human microbiome from four different regions of China and machine learning-based geographical inference,10.1128/msphere.00672-24,Duplicate DOI,10.1128/msphere.00672-24,PMID:39699186,PubMed,Comparative analysis of the human microbiome from four different regions of China and machine learning-based geographical inference.
2-s2.0-105002345817,Scopus,Derivation and validation of lifestyle-based and microbiota-based models for colorectal adenoma risk evaluation and self-prediction,10.1136/bmjgast-2024-001597,Duplicate DOI,10.1136/bmjgast-2024-001597,PMID:40175093,PubMed,Derivation and validation of lifestyle-based and microbiota-based models for colorectal adenoma risk evaluation and self-prediction.
2-s2.0-105010838944,Scopus,Development and validation of a hierarchical machine learning method using MALDI-TOF mass spectrometry for rapid SCCmec typing and PVL detection in MRSA: a multi-centre study,10.1080/22221751.2025.2525264,Duplicate DOI,10.1080/22221751.2025.2525264,PMID:40576568,PubMed,Development and validation of a hierarchical machine learning method using MALDI-TOF mass spectrometry for rapid SCCmec typing and PVL detection in MRSA: a multi-centre study.
2-s2.0-105023063029,Scopus,A Novel Approach for Recognizing Fine Fractures in Hydraulic Fracturing of Rock Core,10.1109/ACCESS.2025.3637035,Duplicate DOI,10.1109/access.2025.3637035,IEEE:11267493,IEEE Xplore,A Novel Approach for Recognizing Fine Fractures in Hydraulic Fracturing of Rock Core
2-s2.0-85216801527,Scopus,Microbial Identification Through Multispectral Infrared Imaging of Colonies: A New Type of Morpho-Spectral Fingerprinting,10.1111/1751-7915.70093,Duplicate DOI,10.1111/1751-7915.70093,PMID:39898895,PubMed,Microbial Identification Through Multispectral Infrared Imaging of Colonies: A New Type of Morpho-Spectral Fingerprinting.
2-s2.0-105016177433,Scopus,An NGS-assisted diagnostic workflow for culture-independent detection of bloodstream pathogens and prediction of antimicrobial resistances in sepsis,10.3389/fcimb.2025.1656171,Duplicate DOI,10.3389/fcimb.2025.1656171,PMID:40959141,PubMed,An NGS-assisted diagnostic workflow for culture-independent detection of bloodstream pathogens and prediction of antimicrobial resistances in sepsis.
2-s2.0-105010899594,Scopus,Innovo GenMax MTB-RIF/INH: a moderate-complexity automated NAAT for rapid simultaneous detection of Mycobacterium tuberculosis complex and rifampin/isoniazid resistance,10.3389/fcimb.2025.1600170,Duplicate DOI,10.3389/fcimb.2025.1600170,PMID:40661969,PubMed,Innovo GenMax MTB-RIF/INH: a moderate-complexity automated NAAT for rapid simultaneous detection of Mycobacterium tuberculosis complex and rifampin/isoniazid resistance.
2-s2.0-105004346819,Scopus,Identification and validation of robust hospital-acquired pneumonia subphenotypes associated with all-cause mortality: a multi-cohort derivation and validation,10.1007/s00134-025-07884-3,Duplicate DOI,10.1007/s00134-025-07884-3,PMID:40261385,PubMed,Identification and validation of robust hospital-acquired pneumonia subphenotypes associated with all-cause mortality: a multi-cohort derivation and validation.
2-s2.0-105008119373,Scopus,An Ensemble Deep Learning Approach for Accurate Urinary Sediment Detection Using YOLOv9e and KD-YOLOX-ViT,10.1109/ACCESS.2025.3577959,Duplicate DOI,10.1109/access.2025.3577959,IEEE:11028043,IEEE Xplore,An Ensemble Deep Learning Approach for Accurate Urinary Sediment Detection Using YOLOv9e and KD-YOLOX-ViT
2-s2.0-105015858159,Scopus,Exploring Deep Learning and Explainable AI for Precise Rice Leaf Disease Detection and Classification,10.1109/ACCESS.2025.3609671,Duplicate DOI,10.1109/access.2025.3609671,IEEE:11162500,IEEE Xplore,Exploring Deep Learning and Explainable AI for Precise Rice Leaf Disease Detection and Classification
2-s2.0-105008272825,Scopus,DAViT: A Domain-Adapted Vision Transformer for Automated Pneumonia Detection and Explanation Using Chest X-Ray Images,10.1109/ACCESS.2025.3579314,Duplicate DOI,10.1109/access.2025.3579314,IEEE:11031440,IEEE Xplore,DAViT: A Domain-Adapted Vision Transformer for Automated Pneumonia Detection and Explanation Using Chest X-Ray Images
2-s2.0-105001061278,Scopus,Prediction of Promotors in Agrobacterium and Klebsiella Using Novel Feature Engineering and Ensemble Learning Approach,10.1109/ACCESS.2025.3544520,Duplicate DOI,10.1109/access.2025.3544520,IEEE:10897991,IEEE Xplore,Prediction of Promotors in Agrobacterium and Klebsiella Using Novel Feature Engineering and Ensemble Learning Approach
2-s2.0-85214513191,Scopus,Association of Mucin-Degrading Gut Microbiota and Dietary Patterns with Colonic Transit Time in Constipation: A Secondary Analysis of a Randomized Clinical Trial,10.3390/nu17010138,Duplicate DOI,10.3390/nu17010138,PMID:39796573,PubMed,Association of Mucin-Degrading Gut Microbiota and Dietary Patterns with Colonic Transit Time in Constipation: A Secondary Analysis of a Randomized Clinical Trial.
2-s2.0-85212435401,Scopus,"Water source, latrine type, and rainfall are associated with detection of non-optimal and enteric bacteria in the vaginal microbiome: a prospective observational cohort study nested within a cluster randomized controlled trial",10.1186/s12879-024-10313-3,Duplicate DOI,10.1186/s12879-024-10313-3,PMID:39695422,PubMed,"Water source, latrine type, and rainfall are associated with detection of non-optimal and enteric bacteria in the vaginal microbiome: a prospective observational cohort study nested within a cluster randomized controlled trial."
2-s2.0-105015521751,Scopus,Bayesian Automatic Screening of Pneumonia and Lung Lesions Localization From CT Scans: A Combined Method Toward a More User-Centred and Explainable Approach,10.1109/ACCESS.2025.3607282,Duplicate DOI,10.1109/access.2025.3607282,IEEE:11153418,IEEE Xplore,Bayesian Automatic Screening of Pneumonia and Lung Lesions Localization From CT Scans: A Combined Method Toward a More User-Centred and Explainable Approach
2-s2.0-105024146458,Scopus,Comparative analysis of molecular targeted radiosensitizers in 2D and 3D cancer cell line models,10.2340/1651-226X.2025.43916,Duplicate DOI,10.2340/1651-226x.2025.43916,PMID:41355183,PubMed,Comparative analysis of molecular targeted radiosensitizers in 2D and 3D cancer cell line models.
2-s2.0-85197136800,Scopus,Comparing automated surveillance systems for detection of pathogen-related clusters in healthcare settings,10.1186/s13756-024-01413-5,Duplicate DOI,10.1186/s13756-024-01413-5,PMID:38926895,PubMed,Comparing automated surveillance systems for detection of pathogen-related clusters in healthcare settings.
2-s2.0-105003762370,Scopus,Fusion of Image Filtering and Knowledge-Distilled YOLO Models for Root Canal Failure Diagnosis,10.1109/ACCESS.2025.3560998,Duplicate DOI,10.1109/access.2025.3560998,IEEE:10965694,IEEE Xplore,Fusion of Image Filtering and Knowledge-Distilled YOLO Models for Root Canal Failure Diagnosis
2-s2.0-105019336964,Scopus,Epidemiological dynamics and rising trends of MRSA in Saudi Arabia: a 12-year observational study,10.3389/fcimb.2025.1622647,Duplicate DOI,10.3389/fcimb.2025.1622647,PMID:41132486,PubMed,Epidemiological dynamics and rising trends of MRSA in Saudi Arabia: a 12-year observational study.
2-s2.0-85212554136,Scopus,"Validation of an Automated, End-to-End Metagenomic Sequencing Assay for Agnostic Detection of Respiratory Viruses",10.1093/infdis/jiae226,Duplicate DOI,10.1093/infdis/jiae226,PMID:38696336,PubMed,"Validation of an Automated, End-to-End Metagenomic Sequencing Assay for Agnostic Detection of Respiratory Viruses."
2-s2.0-85207422622,Scopus,Oral and gut microbiome profiles in people with early idiopathic Parkinson’s disease,10.1038/s43856-024-00630-8,Duplicate DOI,10.1038/s43856-024-00630-8,SPRINGER:59,SpringerLink,Oral and gut microbiome profiles in people with early idiopathic Parkinson’s disease
2-s2.0-105019385629,Scopus,Comparative study of antibiotic adsorption capacity of three brands of blood culture bottles,10.3389/fcimb.2025.1571264,Duplicate DOI,10.3389/fcimb.2025.1571264,PMID:41132485,PubMed,Comparative study of antibiotic adsorption capacity of three brands of blood culture bottles.
2-s2.0-105025442260,Scopus,"Identification of subtypes and construction of a predictive model for novel subtypes in severe community-acquired pneumonia based on clinical metagenomics: a multicenter, retrospective cohort study",10.3389/fcimb.2025.1676502,Duplicate DOI,10.3389/fcimb.2025.1676502,PMID:41446276,PubMed,"Identification of subtypes and construction of a predictive model for novel subtypes in severe community-acquired pneumonia based on clinical metagenomics: a multicenter, retrospective cohort study."
2-s2.0-85199903293,Scopus,"Optimization of the flow cytometry method of detection, quantification and qualification of microorganisms in carrot juice",10.1016/j.foodchem.2024.140606,Duplicate DOI,10.1016/j.foodchem.2024.140606,PMID:39089032,PubMed,"Optimization of the flow cytometry method of detection, quantification and qualification of microorganisms in carrot juice."
2-s2.0-85217518641,Scopus,Multicenter evaluation of Fourier transform infrared (FTIR) spectroscopy as a first-line typing tool for carbapenemase-producing Klebsiella pneumoniae in clinical settings,10.1128/jcm.01122-24,Duplicate DOI,10.1128/jcm.01122-24,PMID:39601577,PubMed,Multicenter evaluation of Fourier transform infrared (FTIR) spectroscopy as a first-line typing tool for carbapenemase-producing Klebsiella pneumoniae in clinical settings.
2-s2.0-85211582193,Scopus,Evaluation of a microfluidic-basedpoint-of-care prototype with customized chip for detection of bacterial clusters,10.1128/spectrum.00862-24,Duplicate DOI,10.1128/spectrum.00862-24,PMID:39503490,PubMed,Evaluation of a microfluidic-based point-of-care prototype with customized chip for detection of bacterial clusters.
2-s2.0-85210287695,Scopus,Comparative Analysis of PGRP Family in Polymorphic Worker Castes of Solenopsis invicta,10.3390/ijms252212289,Duplicate DOI,10.3390/ijms252212289,PMID:39596354,PubMed,Comparative Analysis of PGRP Family in Polymorphic Worker Castes of Solenopsis invicta.
2-s2.0-85211521412,Scopus,Accuracy of Screening Tests for the Diagnosis of Urinary Tract Infections in Young Children,10.1542/peds.2024-066600,Duplicate DOI,10.1542/peds.2024-066600,PMID:39563499,PubMed,Accuracy of Screening Tests for the Diagnosis of Urinary Tract Infections in Young Children.
2-s2.0-85201432537,Scopus,Unraveling the impact of therapeutic drug monitoring via machine learning for patients with sepsis,10.1016/j.xcrm.2024.101681,Duplicate DOI,10.1016/j.xcrm.2024.101681,PMID:39127039,PubMed,Unraveling the impact of therapeutic drug monitoring via machine learning for patients with sepsis.
2-s2.0-85203629934,Scopus,Comparative performance of electronegative membrane filtration and automated concentrating pipette for detection of antibiotic resistance genes and microbial markers in river water samples,10.1016/j.scitotenv.2024.176109,Duplicate DOI,10.1016/j.scitotenv.2024.176109,PMID:39255938,PubMed,Comparative performance of electronegative membrane filtration and automated concentrating pipette for detection of antibiotic resistance genes and microbial markers in river water samples.
2-s2.0-85203205826,Scopus,Performance evaluation of cefoxitin screen test on two different automated antimicrobial susceptibility test systems: a comparative study,10.1128/spectrum.03815-23,Duplicate DOI,10.1128/spectrum.03815-23,PMID:39041813,PubMed,Performance evaluation of cefoxitin screen test on two different automated antimicrobial susceptibility test systems: a comparative study.
2-s2.0-85197696759,Scopus,Development and validation of machine learning models to predict MDRO colonization or infection on ICU admission by using electronic health record data,10.1186/s13756-024-01428-y,Duplicate DOI,10.1186/s13756-024-01428-y,PMID:38971777,PubMed,Development and validation of machine learning models to predict MDRO colonization or infection on ICU admission by using electronic health record data.
2-s2.0-85182192873,Scopus,Digital remote monitoring for screening and early detection of urinary tract infections,10.1038/s41746-023-00995-5,Duplicate DOI,10.1038/s41746-023-00995-5,SPRINGER:112,SpringerLink,Digital remote monitoring for screening and early detection of urinary tract infections
2-s2.0-85197092506,Scopus,"MICA Legionella, an innovative and rapid method for enumeration of Legionella pneumophila in French sanitary water",10.1016/j.mimet.2024.106977,Duplicate DOI,10.1016/j.mimet.2024.106977,PMID:38936430,PubMed,"MICA Legionella, an innovative and rapid method for enumeration of Legionella pneumophila in French sanitary water."
2-s2.0-85196383562,Scopus,Performance Evaluation of a Commercial Automated Library Preparation System for Clinical Microbial Whole-Genome Sequencing Assays,10.1016/j.jmoldx.2024.05.006,Duplicate DOI,10.1016/j.jmoldx.2024.05.006,PMID:38851385,PubMed,Performance Evaluation of a Commercial Automated Library Preparation System for Clinical Microbial Whole-Genome Sequencing Assays.
2-s2.0-85201769318,Scopus,Biomarker Detection and Validation for Corneal Involvement in Patients with Acute Infectious Conjunctivitis,10.1001/jamaophthalmol.2024.2891,Duplicate DOI,10.1001/jamaophthalmol.2024.2891,PMID:39145969,PubMed,Biomarker Detection and Validation for Corneal Involvement in Patients With Acute Infectious Conjunctivitis.
2-s2.0-85206596264,Scopus,"Performance of MALDI-TOF MS, real-time PCR, antigen detection, and automated biochemical testing for the identification of Burkholderia pseudomallei",10.1128/jcm.00961-24,Duplicate DOI,10.1128/jcm.00961-24,PMID:39235248,PubMed,"Performance of MALDI-TOF MS, real-time PCR, antigen detection, and automated biochemical testing for the identification of Burkholderia pseudomallei."
2-s2.0-85208515436,Scopus,"Comparison of Roka Atlas® System Performance and Health Canada Reference Method for Listeria Detection From Plastic, Sealed Concrete, and Stainless-Steel Surface Samples",10.1093/jaoacint/qsae071,Duplicate DOI,10.1093/jaoacint/qsae071,PMID:39287007,PubMed,"Comparison of Roka Atlas® System Performance and Health Canada Reference Method for Listeria Detection From Plastic, Sealed Concrete, and Stainless-Steel Surface Samples."
2-s2.0-85198341552,Scopus,Development and internal validation of a model for predicting cefoperazone/sulbactam-associated coagulation disorders in Chinese inpatients,10.1186/s40360-024-00761-7,Duplicate DOI,10.1186/s40360-024-00761-7,PMID:38997770,PubMed,Development and internal validation of a model for predicting cefoperazone/sulbactam-associated coagulation disorders in Chinese inpatients.
2-s2.0-85206598127,Scopus,Diagnostic performance of an automated robot for MALDI target preparation in microbial identification,10.1128/jcm.00434-24,Duplicate DOI,10.1128/jcm.00434-24,PMID:39297624,PubMed,Diagnostic performance of an automated robot for MALDI target preparation in microbial identification.
2-s2.0-85207864218,Scopus,Improving the microbiological diagnosis of fracture-related infection and prosthetic joint infection through culturing sonication fluid in Bactec blood culture bottles,10.1007/s42770-024-01545-1,Duplicate DOI,10.1007/s42770-024-01545-1,PMID:39466565,PubMed,Improving the microbiological diagnosis of fracture-related infection and prosthetic joint infection through culturing sonication fluid in Bactec blood culture bottles.
2-s2.0-85197492485,Scopus,Diagnostic accuracy of the Xpert® MTB/XDR assay for detection of Isoniazid and second-line antituberculosis drugs resistance at central TB reference laboratory in Tanzania,10.1186/s12879-024-09562-z,Duplicate DOI,10.1186/s12879-024-09562-z,PMID:38965482,PubMed,Diagnostic accuracy of the Xpert(®) MTB/XDR assay for detection of Isoniazid and second-line antituberculosis drugs resistance at central TB reference laboratory in Tanzania.
2-s2.0-85209481666,Scopus,Laboratory validation of a clinical metagenomic next-generation sequencing assay for respiratory virus detection and discovery,10.1038/s41467-024-51470-y,Duplicate DOI,10.1038/s41467-024-51470-y,PMID:39532844,PubMed,Laboratory validation of a clinical metagenomic next-generation sequencing assay for respiratory virus detection and discovery.
2-s2.0-85191427581,Scopus,Diagnosis model of early Pneumocystis jirovecii pneumonia based on convolutional neural network: a comparison with traditional PCR diagnostic method,10.1186/s12890-024-02987-x,Duplicate DOI,10.1186/s12890-024-02987-x,PMID:38664747,PubMed,Diagnosis model of early Pneumocystis jirovecii pneumonia based on convolutional neural network: a comparison with traditional PCR diagnostic method.
2-s2.0-85209643350,Scopus,Predicting bacterial transcription factor binding sites through machine learning and structural characterization based on DNA duplex stability,10.1093/bib/bbae581,Duplicate DOI,10.1093/bib/bbae581,2-s2.0-85209360754,Scopus,Predicting bacterial transcription factor binding sites through machine learning and structural characterization based on DNA duplex stability
2-s2.0-85187364487,Scopus,"Plant Leaf Disease Detection, Classification, and Diagnosis Using Computer Vision and Artificial Intelligence: A Review",10.1109/ACCESS.2024.3373001,Duplicate DOI,10.1109/access.2024.3373001,IEEE:10458943,IEEE Xplore,"Plant Leaf Disease Detection, Classification, and Diagnosis Using Computer Vision and Artificial Intelligence: A Review"
2-s2.0-85194979697,Scopus,Comparing Methods for Detection and Quantification of Plasmodesmal Callose in Nicotiana benthamiana Leaves During Defense Responses,10.1094/MPMI-09-23-0152-SC,Duplicate DOI,10.1094/mpmi-09-23-0152-sc,PMID:38377039,PubMed,Comparing Methods for Detection and Quantification of Plasmodesmal Callose in Nicotiana benthamiana Leaves During Defense Responses.
2-s2.0-85196052802,Scopus,Universal digital high-resolution melting for the detection of pulmonary mold infections,10.1128/jcm.01476-23,Duplicate DOI,10.1128/jcm.01476-23,PMID:38695528,PubMed,Universal digital high-resolution melting for the detection of pulmonary mold infections.
2-s2.0-85192676716,Scopus,Automated detection of methicillin-resistant Staphylococcus aureus with the MRSA CHROM imaging application on BD Kiestra Total Lab Automation System,10.1128/jcm.01445-23,Duplicate DOI,10.1128/jcm.01445-23,PMID:38557148,PubMed,Automated detection of methicillin-resistant Staphylococcus aureus with the MRSA CHROM imaging application on BD Kiestra Total Lab Automation System.
2-s2.0-85192678851,Scopus,Development and evaluation of an artificial intelligence for bacterial growth monitoring in clinical bacteriology,10.1128/jcm.01651-23,Duplicate DOI,10.1128/jcm.01651-23,PMID:38572970,PubMed,Development and evaluation of an artificial intelligence for bacterial growth monitoring in clinical bacteriology.
2-s2.0-85208014957,Scopus,"Evaluation of antibiotics in pediatrics using the defined daily doses method and the World Health Organization (WHO) access, watch, and reserve classification (AWaRe 2021): a cross-sectional study",10.11604/pamj.2024.48.88.36498,Duplicate DOI,10.11604/pamj.2024.48.88.36498,PMID:39465199,PubMed,"Evaluation of antibiotics in pediatrics using the defined daily doses method and the World Health Organization (WHO) access, watch, and reserve classification (AWaRe 2021): a cross-sectional study."
2-s2.0-85192672088,Scopus,Development of an automated amplicon-based next-generation sequencing pipeline for rapid detection of bacteria and fungi directly from clinical specimens,10.1128/jcm.01749-23,Duplicate DOI,10.1128/jcm.01749-23,PMID:38624235,PubMed,Development of an automated amplicon-based next-generation sequencing pipeline for rapid detection of bacteria and fungi directly from clinical specimens.
2-s2.0-85191070132,Scopus,Rapid discrimination of four Salmonella enterica serovars: A performance comparison between benchtop and handheld Raman spectrometers,10.1111/jcmm.18292,Duplicate DOI,10.1111/jcmm.18292,PMID:38652116,PubMed,Rapid discrimination of four Salmonella enterica serovars: A performance comparison between benchtop and handheld Raman spectrometers.
2-s2.0-85196767364,Scopus,Neonatal Sepsis Due to Multidrug-resistant Bacteria at a Tertiary Teaching Hospital in Ethiopia,10.1097/INF.0000000000004364,Duplicate DOI,10.1097/inf.0000000000004364,PMID:38656939,PubMed,Neonatal Sepsis Due to Multidrug-resistant Bacteria at a Tertiary Teaching Hospital in Ethiopia.
2-s2.0-85199801372,Scopus,A Comparative Analysis of MRSA: Epidemiology and Antibiotic Resistance in Greece and Romania,10.3390/ijms25147535,Duplicate DOI,10.3390/ijms25147535,PMID:39062778,PubMed,A Comparative Analysis of MRSA: Epidemiology and Antibiotic Resistance in Greece and Romania.
2-s2.0-85195001179,Scopus,Evaluation of Automated Disk Diffusion Antimicrobial Susceptibility Testing Using Radian® In-Line Carousel,10.1007/s00284-024-03710-z,Duplicate DOI,10.1007/s00284-024-03710-z,PMID:38816509,PubMed,Evaluation of Automated Disk Diffusion Antimicrobial Susceptibility Testing Using Radian® In-Line Carousel.
2-s2.0-85192679324,Scopus,Performance of two modified two-tier algorithms for the serologic diagnosis of Lyme disease,10.1128/jcm.00139-24,Duplicate DOI,10.1128/jcm.00139-24,PMID:38597655,PubMed,Performance of two modified two-tier algorithms for the serologic diagnosis of Lyme disease.
2-s2.0-105024800020,Scopus,A Trial of Automated Outbreak Detection to Reduce Hospital Pathogen Spread,10.1056/EVIDoa2300342,Duplicate DOI,10.1056/evidoa2300342,PMID:38815164,PubMed,A Trial of Automated Outbreak Detection to Reduce Hospital Pathogen Spread.
2-s2.0-85189302697,Scopus,Point-of-care neutrophil and monocyte surface markers differentiate bacterial from viral infections at the emergency department within 30 min,10.1093/jleuko/qiad163,Duplicate DOI,10.1093/jleuko/qiad163,PMID:38169315,PubMed,Point-of-care neutrophil and monocyte surface markers differentiate bacterial from viral infections at the emergency department within 30 min.
2-s2.0-85195294341,Scopus,Development and performance evaluation of a qPCR-based assay for the fully automated detection of group B Streptococcus (GBS) on the Panther Fusion Open Access system,10.1128/spectrum.00057-24,Duplicate DOI,10.1128/spectrum.00057-24,PMID:38682931,PubMed,Development and performance evaluation of a qPCR-based assay for the fully automated detection of group B Streptococcus (GBS) on the Panther Fusion Open Access system.
2-s2.0-85200939697,Scopus,Design and Validation of Endophthalmitis Infectivity Measurement Algorithm in Post Cataract Acute Endophthalmitis: EMS Report No. 6,10.1167/tvst.13.8.10,Duplicate DOI,10.1167/tvst.13.8.10,PMID:39110575,PubMed,Design and Validation of Endophthalmitis Infectivity Measurement Algorithm in Post Cataract Acute Endophthalmitis: EMS Report No. 6.
2-s2.0-85205877509,Scopus,Effective Edge Solution for Early Detection of Rice Disease on ARM- M Microcontroller,10.1109/ACCESS.2024.3470970,Duplicate DOI,10.1109/access.2024.3470970,IEEE:10700722,IEEE Xplore,Effective Edge Solution for Early Detection of Rice Disease on ARM- M Microcontroller
2-s2.0-85197547779,Scopus,A Novel Deep Learning Framework With Meta-Heuristic Feature Selection for Enhanced Remote Sensing Image Classification,10.1109/ACCESS.2024.3422368,Duplicate DOI,10.1109/access.2024.3422368,IEEE:10583878,IEEE Xplore,A Novel Deep Learning Framework With Meta-Heuristic Feature Selection for Enhanced Remote Sensing Image Classification
2-s2.0-85181555475,Scopus,Detection of Tooth Position by YOLOv4 and Various Dental Problems Based on CNN With Bitewing Radiograph,10.1109/ACCESS.2023.3348788,Duplicate DOI,10.1109/access.2023.3348788,IEEE:10378667,IEEE Xplore,Detection of Tooth Position by YOLOv4 and Various Dental Problems Based on CNN With Bitewing Radiograph
2-s2.0-85199098345,Scopus,Disease Detection in Grape Cultivation Using Strategically Placed Cameras and Machine Learning Algorithms with a Focus on Powdery Mildew and Blotches,10.1109/ACCESS.2024.3430190,Duplicate DOI,10.1109/access.2024.3430190,IEEE:10600698,IEEE Xplore,Disease Detection in Grape Cultivation Using Strategically Placed Cameras and Machine Learning Algorithms With a Focus on Powdery Mildew and Blotches
2-s2.0-85197052036,Scopus,IR-QLA: Machine Learning-Based Q-Learning Algorithm Optimization for UAVs Faster Trajectory Planning by Instructed- Reinforcement Learning,10.1109/ACCESS.2024.3420169,Duplicate DOI,10.1109/access.2024.3420169,IEEE:10574810,IEEE Xplore,IR-QLA: Machine Learning-Based Q-Learning Algorithm Optimization for UAVs Faster Trajectory Planning by Instructed- Reinforcement Learning
2-s2.0-85208164082,Scopus,Exercise-changed gut mycobiome as a potential contributor to metabolic benefits in diabetes prevention: an integrative multi-omics study,10.1080/19490976.2024.2416928,Duplicate DOI,10.1080/19490976.2024.2416928,PMID:39473051,PubMed,Exercise-changed gut mycobiome as a potential contributor to metabolic benefits in diabetes prevention: an integrative multi-omics study.
2-s2.0-85204531815,Scopus,Enhancing DoS Detection in WSNs Using Enhanced Ant Colony Optimization Algorithm,10.1109/ACCESS.2024.3462636,Duplicate DOI,10.1109/access.2024.3462636,IEEE:10681399,IEEE Xplore,Enhancing DoS Detection in WSNs Using Enhanced Ant Colony Optimization Algorithm
2-s2.0-85209366081,Scopus,Development and validation of a model for predicting in-hospital mortality in patients with sepsis-associated kidney injury receiving renal replacement therapy: a retrospective cohort study based on the MIMIC-IV database,10.3389/fcimb.2024.1488505,Duplicate DOI,10.3389/fcimb.2024.1488505,PMID:39559702,PubMed,Development and validation of a model for predicting in-hospital mortality in patients with sepsis-associated kidney injury receiving renal replacement therapy: a retrospective cohort study based on the MIMIC-IV database.
2-s2.0-85191339017,Scopus,Bilevel Hyperparameter Optimization and Neural Architecture Search for Enhanced Breast Cancer Detection in Smart Hospitals Interconnected With Decentralized Federated Learning Environment,10.1109/ACCESS.2024.3392572,Duplicate DOI,10.1109/access.2024.3392572,IEEE:10506922,IEEE Xplore,Bilevel Hyperparameter Optimization and Neural Architecture Search for Enhanced Breast Cancer Detection in Smart Hospitals Interconnected With Decentralized Federated Learning Environment
2-s2.0-85204737946,Scopus,Developing a Multimodal System for Bee Object Detection and Health Assessment,10.1109/ACCESS.2024.3464559,Duplicate DOI,10.1109/access.2024.3464559,IEEE:10684835,IEEE Xplore,Developing a Multimodal System for Bee Object Detection and Health Assessment
2-s2.0-85204105599,Scopus,Robust Model Selection for Plant Leaf Image Recognition Based on Evolutionary Ant Colony Optimization with Learning Rate Schedule,10.1109/ACCESS.2024.3457753,Duplicate DOI,10.1109/access.2024.3457753,IEEE:10677001,IEEE Xplore,Robust Model Selection for Plant Leaf Image Recognition Based on Evolutionary Ant Colony Optimization With Learning Rate Schedule
2-s2.0-85195360354,Scopus,Metric-Based Frame Selection and Deep Learning Model With Multi-Head Self Attention for Classification of Ultrasound Lung Video Images,10.1109/ACCESS.2024.3409566,Duplicate DOI,10.1109/access.2024.3409566,IEEE:10547274,IEEE Xplore,Metric-Based Frame Selection and Deep Learning Model With Multi-Head Self Attention for Classification of Ultrasound Lung Video Images
2-s2.0-85197025640,Scopus,Ant-Based Feature and Instance Selection for Multiclass Imbalanced Data,10.1109/ACCESS.2024.3418669,Duplicate DOI,10.1109/access.2024.3418669,IEEE:10570201,IEEE Xplore,Ant-Based Feature and Instance Selection for Multiclass Imbalanced Data
2-s2.0-85207384260,Scopus,Plant Leaf Disease Detection Using Ensemble Learning and Explainable AI,10.1109/ACCESS.2024.3484574,Duplicate DOI,10.1109/access.2024.3484574,IEEE:10729231,IEEE Xplore,Plant Leaf Disease Detection Using Ensemble Learning and Explainable AI
2-s2.0-85190726989,Scopus,An Ensemble Hybrid Framework: A Comparative Analysis of Metaheuristic Algorithms for Ensemble Hybrid CNN Features for Plants Disease Classification,10.1109/ACCESS.2024.3389648,Duplicate DOI,10.1109/access.2024.3389648,IEEE:10501767,IEEE Xplore,An Ensemble Hybrid Framework: A Comparative Analysis of Metaheuristic Algorithms for Ensemble Hybrid CNN Features for Plants Disease Classification
2-s2.0-85201785961,Scopus,Autonomous Scanning and Cleanliness Classification of Pharmaceutical Bins Through Artificial Intelligence and Robotics,10.1109/ACCESS.2024.3447158,Duplicate DOI,10.1109/access.2024.3447158,IEEE:10643075,IEEE Xplore,Autonomous Scanning and Cleanliness Classification of Pharmaceutical Bins Through Artificial Intelligence and Robotics
2-s2.0-85184314960,Scopus,Prediction of Tuberculosis From Lung Tissue Images of Diversity Outbred Mice Using Jump Knowledge Based Cell Graph Neural Network,10.1109/ACCESS.2024.3359989,Duplicate DOI,10.1109/access.2024.3359989,IEEE:10416836,IEEE Xplore,Prediction of Tuberculosis From Lung Tissue Images of Diversity Outbred Mice Using Jump Knowledge Based Cell Graph Neural Network
2-s2.0-85191694388,Scopus,Assessing Concordance of Results: A Comparative Study of the Manual and Automated Urinalysis Methods,10.1155/2024/6963423,Duplicate DOI,10.1155/2024/6963423,PMID:38682117,PubMed,Assessing Concordance of Results: A Comparative Study of the Manual and Automated Urinalysis Methods.
2-s2.0-85182386957,Scopus,Associations of cow- and herd-level factors during the dry period with indicators of udder health in early-lactation cows milked by automated milking systems,10.3168/jds.2023-23796,Duplicate DOI,10.3168/jds.2023-23796,PMID:37690715,PubMed,Associations of cow- and herd-level factors during the dry period with indicators of udder health in early-lactation cows milked by automated milking systems.
2-s2.0-85207262668,Scopus,SUNet: Coffee Leaf Disease Detection Using Hybrid Deep Learning Model,10.1109/ACCESS.2024.3476211,Duplicate DOI,10.1109/access.2024.3476211,IEEE:10707607,IEEE Xplore,SUNet: Coffee Leaf Disease Detection Using Hybrid Deep Learning Model
2-s2.0-85202465511,Scopus,Gut microbiome profiles to exclude the diagnosis of hepatic encephalopathy in patients with cirrhosis,10.1080/19490976.2024.2392880,Duplicate DOI,10.1080/19490976.2024.2392880,PMID:39189586,PubMed,Gut microbiome profiles to exclude the diagnosis of hepatic encephalopathy in patients with cirrhosis.
2-s2.0-85206872164,Scopus,Effects of Tanreqing injection on the gut microbiota in healthy volunteers,10.3389/fcimb.2024.1428476,Duplicate DOI,10.3389/fcimb.2024.1428476,PMID:39431053,PubMed,Effects of Tanreqing injection on the gut microbiota in healthy volunteers.
2-s2.0-85204631912,Scopus,Efficacy of an Artificial Intelligence App (Aysa) in Dermatological Diagnosis: Cross-Sectional Analysis,10.2196/48811,Duplicate DOI,10.2196/48811,PMID:38954807,PubMed,Efficacy of an Artificial Intelligence App (Aysa) in Dermatological Diagnosis: Cross-Sectional Analysis.
2-s2.0-85199191699,Scopus,An Extensive Analysis of Machine Learning Techniques With Hyper-Parameter Tuning by Bayesian Optimized SVM Kernel for the Detection of Human Lung Disease,10.1109/ACCESS.2024.3422449,Duplicate DOI,10.1109/access.2024.3422449,IEEE:10583855,IEEE Xplore,An Extensive Analysis of Machine Learning Techniques With Hyper-Parameter Tuning by Bayesian Optimized SVM Kernel for the Detection of Human Lung Disease
2-s2.0-85183671250,Scopus,A Deep Learning Model for Bacterial Classification Using Big Transfer (BiT),10.1109/ACCESS.2024.3358671,Duplicate DOI,10.1109/access.2024.3358671,IEEE:10414089,IEEE Xplore,A Deep Learning Model for Bacterial Classification Using Big Transfer (BiT)
2-s2.0-85205876241,Scopus,Empirical Analysis of Honeybees Acoustics as Biosensors Signals for Swarm Prediction in Beehives,10.1109/ACCESS.2024.3471895,Duplicate DOI,10.1109/access.2024.3471895,IEEE:10701518,IEEE Xplore,Empirical Analysis of Honeybees Acoustics as Biosensors Signals for Swarm Prediction in Beehives
2-s2.0-85175624644,Scopus,Multicenter evaluation of BioFire JI panel related to improved microbiological diagnostics on acute osteoarticular infections,10.1016/j.ijmm.2023.151588,Duplicate DOI,10.1016/j.ijmm.2023.151588,PMID:37925748,PubMed,Multicenter evaluation of BioFire JI panel related to improved microbiological diagnostics on acute osteoarticular infections.
2-s2.0-85152863753,Scopus,Genome profiling of uropathogenic E. coli from strictly defined community-acquired UTI in paediatric patients: a multicentric study,10.1186/s13756-023-01233-z,Duplicate DOI,10.1186/s13756-023-01233-z,PMID:37072773,PubMed,Genome profiling of uropathogenic E. coli from strictly defined community-acquired UTI in paediatric patients: a multicentric study.
2-s2.0-85168600021,Scopus,"Antimicrobial susceptibility testing and reporting practices of public hospital microbiology laboratories in Greece, 2022: A national observational survey and call for action",10.2807/1560-7917.ES.2023.28.34.2200766,Duplicate DOI,10.2807/1560-7917.es.2023.28.34.2200766,PMID:37616113,PubMed,"Antimicrobial susceptibility testing and reporting practices of public hospital microbiology laboratories in Greece, 2022: A national observational survey and call for action."
2-s2.0-85169029204,Scopus,Pneumonia pattern recognition on ultra-low-dose CT does not allow for a reliable differentiation between viral and bacterial pneumonia: A multicentre observer study,10.1016/j.ejrad.2023.111064,Duplicate DOI,10.1016/j.ejrad.2023.111064,PMID:37657382,PubMed,Pneumonia pattern recognition on ultra-low-dose CT does not allow for a reliable differentiation between viral and bacterial pneumonia: A multicentre observer study.
2-s2.0-85176930558,Scopus,Performance of SARS-CoV-2 nucleic acid amplification testing in Austria as measured by external quality assessment schemes during 3 years of the COVID-19 pandemic: an observational retrospective study,10.1016/S2666-5247(23)00286-0,Duplicate DOI,10.1016/s2666-5247(23)00286-0,PMID:37979591,PubMed,Performance of SARS-CoV-2 nucleic acid amplification testing in Austria as measured by external quality assessment schemes during 3 years of the COVID-19 pandemic: an observational retrospective study.
2-s2.0-85151372068,Scopus,Deep Domain Adaptation Enhances Amplification Curve Analysis for Single-Channel Multiplexing in Real-Time PCR,10.1109/JBHI.2023.3257727,Duplicate DOI,10.1109/jbhi.2023.3257727,IEEE:10070782,IEEE Xplore,Deep Domain Adaptation Enhances Amplification Curve Analysis for Single-Channel Multiplexing in Real-Time PCR
2-s2.0-85159366514,Scopus,Use of intravaginal lactic acid bacteria prepartum as an approach for preventing uterine disease and its association with fertility of lactating dairy cows,10.3168/jds.2022-22147,Duplicate DOI,10.3168/jds.2022-22147,PMID:37173252,PubMed,Use of intravaginal lactic acid bacteria prepartum as an approach for preventing uterine disease and its association with fertility of lactating dairy cows.
2-s2.0-85163913590,Scopus,The Clinical Performance of the BioCode Respiratory Pathogen Panel for the Detection of Viruses and Bacteria from Nasopharyngeal Swabs,10.1128/spectrum.04044-22,Duplicate DOI,10.1128/spectrum.04044-22,PMID:37039708,PubMed,The Clinical Performance of the BioCode Respiratory Pathogen Panel for the Detection of Viruses and Bacteria from Nasopharyngeal Swabs.
2-s2.0-85162716718,Scopus,Video Analysis Using Deep Learning for Automated Quantification of Ear Biting in Pigs,10.1109/ACCESS.2023.3285144,Duplicate DOI,10.1109/access.2023.3285144,IEEE:10148999,IEEE Xplore,Video Analysis Using Deep Learning for Automated Quantification of Ear Biting in Pigs
2-s2.0-85160999395,Scopus,A Systematic Review of Deep Learning Microalgae Classification and Detection,10.1109/ACCESS.2023.3280410,Duplicate DOI,10.1109/access.2023.3280410,IEEE:10136693,IEEE Xplore,A Systematic Review of Deep Learning Microalgae Classification and Detection
2-s2.0-85167806988,Scopus,Grouped ABC for Feature Selection and Mean-Variance Optimization for Rule Mining: A Hybrid Framework,10.1109/ACCESS.2023.3303360,Duplicate DOI,10.1109/access.2023.3303360,IEEE:10210547,IEEE Xplore,Grouped ABC for Feature Selection and Mean-Variance Optimization for Rule Mining: A Hybrid Framework
2-s2.0-85162614405,Scopus,Pathogen-Based Classification of Plant Diseases: A Deep Transfer Learning Approach for Intelligent Support Systems,10.1109/ACCESS.2023.3284680,Duplicate DOI,10.1109/access.2023.3284680,IEEE:10147120,IEEE Xplore,Pathogen-Based Classification of Plant Diseases: A Deep Transfer Learning Approach for Intelligent Support Systems
2-s2.0-85147307735,Scopus,Detecting COVID-19 From Lung Computed Tomography Images: A Swarm Optimized Artificial Neural Network Approach,10.1109/ACCESS.2023.3236812,Duplicate DOI,10.1109/access.2023.3236812,IEEE:10016732,IEEE Xplore,Detecting COVID-19 From Lung Computed Tomography Images: A Swarm Optimized Artificial Neural Network Approach
2-s2.0-85148114107,Scopus,Multicenter Evaluation of the FilmArray Blood Culture Identification 2 Panel for Pathogen Detection in Bloodstream Infections,10.1128/spectrum.02547-22,Duplicate DOI,10.1128/spectrum.02547-22,PMID:36519852,PubMed,Multicenter Evaluation of the FilmArray Blood Culture Identification 2 Panel for Pathogen Detection in Bloodstream Infections.
2-s2.0-85167831280,Scopus,Rapid Bacterial Detection and Identification of Bacterial Strains Using Machine Learning Methods Integrated with a Portable Multichannel Fluorometer,10.1109/ACCESS.2023.3303815,Duplicate DOI,10.1109/access.2023.3303815,IEEE:10213451,IEEE Xplore,Rapid Bacterial Detection and Identification of Bacterial Strains Using Machine Learning Methods Integrated With a Portable Multichannel Fluorometer
2-s2.0-85162717265,Scopus,Seafood Quality Detection Using Electronic Nose and Machine Learning Algorithms With Hyperparameter Optimization,10.1109/ACCESS.2023.3286980,Duplicate DOI,10.1109/access.2023.3286980,IEEE:10154464,IEEE Xplore,Seafood Quality Detection Using Electronic Nose and Machine Learning Algorithms With Hyperparameter Optimization
2-s2.0-85176315461,Scopus,A Review of Leaf Diseases Detection and Classification by Deep Learning,10.1109/ACCESS.2023.3326721,Duplicate DOI,10.1109/access.2023.3326721,IEEE:10290721,IEEE Xplore,A Review of Leaf Diseases Detection and Classification by Deep Learning
2-s2.0-85181559407,Scopus,Zero-Shot Transfer Learning Framework for Plant Leaf Disease Classification,10.1109/ACCESS.2023.3343759,Duplicate DOI,10.1109/access.2023.3343759,IEEE:10363182,IEEE Xplore,Zero-Shot Transfer Learning Framework for Plant Leaf Disease Classification
2-s2.0-85139507477,Scopus,Identifying Bacteria Species on Microscopic Polyculture Images Using Deep Learning,10.1109/JBHI.2022.3209551,Duplicate DOI,10.1109/jbhi.2022.3209551,IEEE:9903318,IEEE Xplore,Identifying Bacteria Species on Microscopic Polyculture Images Using Deep Learning
2-s2.0-85180267657,Scopus,Quantum Mechanism-Based Convolution Model for the Classification of Pathogenic Bacteria,10.1109/ACCESS.2023.3339127,Duplicate DOI,10.1109/access.2023.3339127,IEEE:10339292,IEEE Xplore,Quantum Mechanism-Based Convolution Model for the Classification of Pathogenic Bacteria
2-s2.0-85125004254,Scopus,Systematic comparison of published host gene expression signatures for bacterial/viral discrimination,10.1186/s13073-022-01025-x,Duplicate DOI,10.1186/s13073-022-01025-x,PMID:35184750,PubMed,Systematic comparison of published host gene expression signatures for bacterial/viral discrimination.
2-s2.0-85131650401,Scopus,Impact of delayed processing of positive blood cultures on organism detection: a prospective multi-centre study,10.1186/s12879-022-07504-1,Duplicate DOI,10.1186/s12879-022-07504-1,PMID:35659576,PubMed,Impact of delayed processing of positive blood cultures on organism detection: a prospective multi-centre study.
2-s2.0-85179801809,Scopus,Citrus Diseases and Pests Detection Model Based on Self-Attention YOLOV8,10.1109/ACCESS.2023.3340148,Duplicate DOI,10.1109/access.2023.3340148,IEEE:10345622,IEEE Xplore,Citrus Diseases and Pests Detection Model Based on Self-Attention YOLOV8
2-s2.0-85140415809,Scopus,Fully Automated EUCAST Rapid Antimicrobial Susceptibility Testing (RAST) from Positive Blood Cultures: Diagnostic Accuracy and Implementation,10.1128/jcm.00898-22,Duplicate DOI,10.1128/jcm.00898-22,PMID:36173195,PubMed,Fully Automated EUCAST Rapid Antimicrobial Susceptibility Testing (RAST) from Positive Blood Cultures: Diagnostic Accuracy and Implementation.
2-s2.0-85159809274,Scopus,MBAHIL: Design of a Multimodal Hybrid Bioinspired Model for Augmentation of Hyperspectral Imagery via Iterative Learning for Continuous Efficiency Enhancements,10.1109/ACCESS.2023.3273529,Duplicate DOI,10.1109/access.2023.3273529,IEEE:10119144,IEEE Xplore,MBAHIL: Design of a Multimodal Hybrid Bioinspired Model for Augmentation of Hyperspectral Imagery via Iterative Learning for Continuous Efficiency Enhancements
2-s2.0-85150114772,Scopus,Dietary Intake of Monosaccharides from Foods is Associated with Characteristics of the Gut Microbiota and Gastrointestinal Inflammation in Healthy US Adults,10.1016/j.tjnut.2022.12.008,Duplicate DOI,10.1016/j.tjnut.2022.12.008,PMID:36913444,PubMed,Dietary Intake of Monosaccharides from Foods is Associated with Characteristics of the Gut Microbiota and Gastrointestinal Inflammation in Healthy US Adults.
2-s2.0-85141970191,Scopus,Microbiome insights into pediatric familial adenomatous polyposis,10.1186/s13023-022-02569-2,Duplicate DOI,10.1186/s13023-022-02569-2,SPRINGER:137,SpringerLink,Microbiome insights into pediatric familial adenomatous polyposis
2-s2.0-85140856758,Scopus,Impact of Automated Blood Culture Systems on the Management of Bloodstream Infections: Results from a Crossover Diagnostic Clinical Trial,10.1128/spectrum.01436-22,Duplicate DOI,10.1128/spectrum.01436-22,PMID:36094318,PubMed,Impact of Automated Blood Culture Systems on the Management of Bloodstream Infections: Results from a Crossover Diagnostic Clinical Trial.
2-s2.0-85129780531,Scopus,Microbiological Diagnosis of Osteoarticular Infections: Comparison between BacT/Alert Bottles and Schaedler Broth,10.1128/spectrum.00498-22,Duplicate DOI,10.1128/spectrum.00498-22,PMID:35412357,PubMed,Microbiological Diagnosis of Osteoarticular Infections: Comparison between BacT/Alert Bottles and Schaedler Broth.
2-s2.0-85122322273,Scopus,Detection of multi-resistant clinical strains of E. coli with Raman spectroscopy,10.1007/s00216-021-03800-y,Duplicate DOI,10.1007/s00216-021-03800-y,PMID:34982178,PubMed,Detection of multi-resistant clinical strains of E. coli with Raman spectroscopy.
2-s2.0-85112374417,Scopus,Epidemiology and microbiology of fracture-related infection: a multicenter study in Northeast China,10.1186/s13018-021-02629-6,Duplicate DOI,10.1186/s13018-021-02629-6,PMID:34384457,PubMed,Epidemiology and microbiology of fracture-related infection: a multicenter study in Northeast China.
2-s2.0-85124227175,Scopus,Ebola Optimization Search Algorithm: A New Nature-Inspired Metaheuristic Optimization Algorithm,10.1109/ACCESS.2022.3147821,Duplicate DOI,10.1109/access.2022.3147821,IEEE:9698015,IEEE Xplore,Ebola Optimization Search Algorithm: A New Nature-Inspired Metaheuristic Optimization Algorithm
2-s2.0-85124253444,Scopus,"Assessment of Ceftazidime-Avibactam 30/20-mg Disk, Etest versus Broth Microdilution Results When Tested against Enterobacterales Clinical Isolates",10.1128/spectrum.01092-21,Duplicate DOI,10.1128/spectrum.01092-21,PMID:35019685,PubMed,"Assessment of Ceftazidime-Avibactam 30/20-μg Disk, Etest versus Broth Microdilution Results When Tested against Enterobacterales Clinical Isolates."
2-s2.0-85125361028,Scopus,Deep-Precognitive Diagnosis: Preventing Future Pandemics by Novel Disease Detection With Biologically-Inspired Conv-Fuzzy Network,10.1109/ACCESS.2022.3153059,Duplicate DOI,10.1109/access.2022.3153059,IEEE:9718075,IEEE Xplore,Deep-Precognitive Diagnosis: Preventing Future Pandemics by Novel Disease Detection With Biologically-Inspired Conv-Fuzzy Network
2-s2.0-85124836317,Scopus,Association of Proteus mirabilis and Providencia stuartii Infections with Diabetes,10.3390/medicina58020271,Duplicate DOI,10.3390/medicina58020271,PMID:35208593,PubMed,Association of Proteus mirabilis and Providencia stuartii Infections with Diabetes.
2-s2.0-85125748192,Scopus,Semantic SLAM Based on Improved DeepLabv3 in Dynamic Scenarios,10.1109/ACCESS.2022.3154086,Duplicate DOI,10.1109/access.2022.3154086,IEEE:9721010,IEEE Xplore,Semantic SLAM Based on Improved DeepLabv3⁺ in Dynamic Scenarios
2-s2.0-85142820337,Scopus,Automatic Identification of Single Bacterial Colonies Using Deep and Transfer Learning,10.1109/ACCESS.2022.3221958,Duplicate DOI,10.1109/access.2022.3221958,IEEE:9950247,IEEE Xplore,Automatic Identification of Single Bacterial Colonies Using Deep and Transfer Learning
2-s2.0-85124318119,Scopus,Discrimination between Carbapenem-Resistant and Carbapenem-Sensitive Klebsiella pneumoniae Strains through Computational Analysis of Surface-Enhanced Raman Spectra: A Pilot Study,10.1128/spectrum.02409-21,Duplicate DOI,10.1128/spectrum.02409-21,PMID:35107359,PubMed,Discrimination between Carbapenem-Resistant and Carbapenem-Sensitive Klebsiella pneumoniae Strains through Computational Analysis of Surface-Enhanced Raman Spectra: a Pilot Study.
2-s2.0-85126689237,Scopus,"PRR-Mediated Immune Response and Intestinal Flora Profile in Soybean Meal-Induced Enteritis of Pearl Gentian Groupers, Epinephelus fuscoguttatus♀ × Epinephelus lanceolatus♂",10.3389/fimmu.2022.814479,Duplicate DOI,10.3389/fimmu.2022.814479,PMID:35296073,PubMed,"PRR-Mediated Immune Response and Intestinal Flora Profile in Soybean Meal-Induced Enteritis of Pearl Gentian Groupers, Epinephelus fuscoguttatus♀ × Epinephelus lanceolatus♂."
2-s2.0-85122629926,Scopus,NSeP: Immune and metabolic biomarkers for early detection of neonatal sepsis - Protocol for a prospective multicohort study,10.1136/bmjopen-2021-050100,Duplicate DOI,10.1136/bmjopen-2021-050100,PMID:37010923,PubMed,nSeP: immune and metabolic biomarkers for early detection of neonatal sepsis-protocol for a prospective multicohort study.
2-s2.0-85122738371,Scopus,"Paddy Plant Disease Recognition, Risk Analysis, and Classification Using Deep Convolution Neuro-Fuzzy Network",10.13052/jmm1550-4646.1829,Duplicate DOI,10.13052/jmm1550-4646.1829,IEEE:10967118,IEEE Xplore,"Paddy Plant Disease Recognition, Risk Analysis, and Classification Using Deep Convolution Neuro-Fuzzy Network"
2-s2.0-85130833492,Scopus,A Deep Embedded Clustering Algorithm for the Binning of Metagenomic Sequences,10.1109/ACCESS.2022.3176954,Duplicate DOI,10.1109/access.2022.3176954,IEEE:9779750,IEEE Xplore,A Deep Embedded Clustering Algorithm for the Binning of Metagenomic Sequences
2-s2.0-85135744316,Scopus,Combined Optimizer for Automatic Design of Machine Learning-Based Fault Classifier for Multilevel Inverters,10.1109/ACCESS.2022.3193784,Duplicate DOI,10.1109/access.2022.3193784,IEEE:9839379,IEEE Xplore,Combined Optimizer for Automatic Design of Machine Learning-Based Fault Classifier for Multilevel Inverters
2-s2.0-85124721876,Scopus,"AlexNet, AdaBoost and Artificial Bee Colony Based Hybrid Model for Electricity Theft Detection in Smart Grids",10.1109/ACCESS.2022.3150016,Duplicate DOI,10.1109/access.2022.3150016,IEEE:9707814,IEEE Xplore,"AlexNet, AdaBoost and Artificial Bee Colony Based Hybrid Model for Electricity Theft Detection in Smart Grids"
2-s2.0-85125872720,Scopus,Detection of Rice Plant Disease Using Deep Learning Techniques,10.13052/jmm1550-4646.18314,Duplicate DOI,10.13052/jmm1550-4646.18314,IEEE:10970472,IEEE Xplore,Detection of Rice Plant Disease Using Deep Learning Techniques
2-s2.0-85118151107,Scopus,Expert Performance in Visual Differentiation of Bacterial and Fungal Keratitis,10.1016/j.ophtha.2021.09.019,Duplicate DOI,10.1016/j.ophtha.2021.09.019,PMID:34624299,PubMed,Expert Performance in Visual Differentiation of Bacterial and Fungal Keratitis.
2-s2.0-85100963614,Scopus,Impact of delays to incubation and storage temperature on blood culture results: a multi-centre study,10.1186/s12879-021-05872-8,Duplicate DOI,10.1186/s12879-021-05872-8,PMID:33579205,PubMed,Impact of delays to incubation and storage temperature on blood culture results: a multi-centre study.
2-s2.0-85144077633,Scopus,Diabetic Foot Ulcer Ischemia and Infection Classification Using EfficientNet Deep Learning Models,10.1109/OJEMB.2022.3219725,Duplicate DOI,10.1109/ojemb.2022.3219725,IEEE:9956918,IEEE Xplore,Diabetic Foot Ulcer Ischemia and Infection Classification Using EfficientNet Deep Learning Models
2-s2.0-85112776975,Scopus,"Evaluation of a Novel Culture System for Rapid Pathogen Identification and Detection of Cephalosporin Resistance in Neonatal Gram-negative Sepsis at a Tertiary Referral Unit in Harare, Zimbabwe",10.1097/INF.0000000000003155,Duplicate DOI,10.1097/inf.0000000000003155,PMID:33941744,PubMed,"Evaluation of a Novel Culture System for Rapid Pathogen Identification and Detection of Cephalosporin Resistance in Neonatal Gram-negative Sepsis at a Tertiary Referral Unit in Harare, Zimbabwe."
2-s2.0-85101795139,Scopus,Accurately Discriminating COVID-19 from Viral and Bacterial Pneumonia According to CT Images Via Deep Learning,10.1007/s12539-021-00420-z,Duplicate DOI,10.1007/s12539-021-00420-z,PMID:33641077,PubMed,Accurately Discriminating COVID-19 from Viral and Bacterial Pneumonia According to CT Images Via Deep Learning.
2-s2.0-85116962112,Scopus,Development of high-resolution multiple-SNP arrays for genetic analyses and molecular breeding through genotyping by target sequencing and liquid chip,10.1016/j.xplc.2021.100230,Duplicate DOI,10.1016/j.xplc.2021.100230,PMID:34778746,PubMed,Development of high-resolution multiple-SNP arrays for genetic analyses and molecular breeding through genotyping by target sequencing and liquid chip.
2-s2.0-85098544190,Scopus,Effect of LPS and LTA stimulation on the expression of TLR-pathway genes in PBMCs of Akkaraman lambs in vivo,10.1007/s11250-020-02491-4,Duplicate DOI,10.1007/s11250-020-02491-4,PMID:33392825,PubMed,Effect of LPS and LTA stimulation on the expression of TLR-pathway genes in PBMCs of Akkaraman lambs in vivo.
2-s2.0-85116727423,Scopus,Discovery of a metabolic signature predisposing high risk patients with mild cognitive impairment to converting to alzheimer’s disease,10.3390/ijms222010903,Duplicate DOI,10.3390/ijms222010903,PMID:34681563,PubMed,Discovery of a Metabolic Signature Predisposing High Risk Patients with Mild Cognitive Impairment to Converting to Alzheimer's Disease.
2-s2.0-85099868596,Scopus,Optogenetic therapy: high spatiotemporal resolution and pattern discrimination compatible with vision restoration in non-human primates,10.1038/s42003-020-01594-w,Duplicate DOI,10.1038/s42003-020-01594-w,PMID:33504896,PubMed,Optogenetic therapy: high spatiotemporal resolution and pattern discrimination compatible with vision restoration in non-human primates.
2-s2.0-85105440998,Scopus,Performances of automated digital imaging of Gram-stained slides with on-screen reading against manual microscopy,10.1007/s10096-021-04233-2,Duplicate DOI,10.1007/s10096-021-04233-2,PMID:33963927,PubMed,Performances of automated digital imaging of Gram-stained slides with on-screen reading against manual microscopy.
2-s2.0-85089531293,Scopus,"Current status of oxacillin-susceptible mecA-positive Staphylococcus aureus infection in Shanghai, China: A multicenter study",10.1016/j.jmii.2020.07.021,Duplicate DOI,10.1016/j.jmii.2020.07.021,PMID:32819837,PubMed,"Current status of oxacillin-susceptible mecA-positive Staphylococcus aureus infection in Shanghai, China: A multicenter study."
2-s2.0-85115877363,Scopus,"Early detection of COVID-19 in the UK using self-reported symptoms: a large-scale, prospective, epidemiological surveillance study",10.1016/S2589-7500(21)00131-X,Duplicate DOI,10.1016/s2589-7500(21)00131-x,PMID:34334333,PubMed,"Early detection of COVID-19 in the UK using self-reported symptoms: a large-scale, prospective, epidemiological surveillance study."
2-s2.0-85110704962,Scopus,Real-Life Head-to-Head Comparison of Performance of Two High-Throughput Automated Assays for the Detection of SARS-CoV-2 RNA in Nasopharyngeal Swabs: The Alinity m and cobas 6800 SARS-CoV-2 Assays,10.1016/j.jmoldx.2021.05.003,Duplicate DOI,10.1016/j.jmoldx.2021.05.003,PMID:34020039,PubMed,Real-Life Head-to-Head Comparison of Performance of Two High-Throughput Automated Assays for the Detection of SARS-CoV-2 RNA in Nasopharyngeal Swabs: The Alinity m and cobas 6800 SARS-CoV-2 Assays.
2-s2.0-85131624822,Scopus,Transcriptomic Analysis of Healthy and Atopic Dermatitis Samples Reveals the Role of IL-37 in Human Skin,10.4049/immunohorizons.2100055,Duplicate DOI,10.4049/immunohorizons.2100055,PMID:34702760,PubMed,Transcriptomic Analysis of Healthy and Atopic Dermatitis Samples Reveals the Role of IL-37 in Human Skin.
2-s2.0-85107660405,Scopus,Diagnostic accuracy of the FluoroType MTB and MTBDR VER 2.0 assays for the centralized high-throughput detection of Mycobacterium tuberculosis complex DNA and isoniazid and rifampicin resistance,10.1016/j.cmi.2021.04.022,Duplicate DOI,10.1016/j.cmi.2021.04.022,PMID:33933566,PubMed,Diagnostic accuracy of the FluoroType MTB and MTBDR VER 2.0 assays for the centralized high-throughput detection of Mycobacterium tuberculosis complex DNA and isoniazid and rifampicin resistance.
2-s2.0-85119158568,Scopus,Gut microbiota serves a predictable outcome of short-term low-carbohydrate diet (LCD) intervention for patients with obesity,10.1128/Spectrum.00223-21,Duplicate DOI,10.1128/spectrum.00223-21,PMID:34523948,PubMed,Gut Microbiota Serves a Predictable Outcome of Short-Term Low-Carbohydrate Diet (LCD) Intervention for Patients with Obesity.
2-s2.0-85115023324,Scopus,A multicenter study to develop a non-invasive radiomic model to identify urinary infection stone in vivo using machine-learning,10.1016/j.kint.2021.05.031,Duplicate DOI,10.1016/j.kint.2021.05.031,PMID:34129883,PubMed,A multicenter study to develop a non-invasive radiomic model to identify urinary infection stone in vivo using machine-learning.
2-s2.0-85108304333,Scopus,Automated antimicrobial susceptibility testing of slow-growing Pseudomonas aeruginosa strains in the presence of tetrazolium salt WST-1,10.1016/j.mimet.2021.106252,Duplicate DOI,10.1016/j.mimet.2021.106252,PMID:34051278,PubMed,Automated antimicrobial susceptibility testing of slow-growing Pseudomonas aeruginosa strains in the presence of tetrazolium salt WST-1.
2-s2.0-85115895334,Scopus,Accuracy of Broad-Panel PCR-Based Bacterial Identification for Blood Cultures in a Pediatric Oncology Population,10.1128/Spectrum.00221-21,Duplicate DOI,10.1128/spectrum.00221-21,PMID:34232100,PubMed,Accuracy of Broad-Panel PCR-Based Bacterial Identification for Blood Cultures in a Pediatric Oncology Population.
2-s2.0-85098469617,Scopus,Evaluation of the BioFire® COVID-19 test and Respiratory Panel 2.1 for rapid identification of SARS-CoV-2 in nasopharyngeal swab samples,10.1016/j.diagmicrobio.2020.115260,Duplicate DOI,10.1016/j.diagmicrobio.2020.115260,PMID:33340934,PubMed,Evaluation of the BioFire® COVID-19 test and Respiratory Panel 2.1 for rapid identification of SARS-CoV-2 in nasopharyngeal swab samples.
2-s2.0-85100145190,Scopus,IT3SE-PX: Identification of Bacterial Type III Secreted Effectors Using PSSM Profiles and XGBoost Feature Selection,10.1155/2021/6690299,Duplicate DOI,10.1155/2021/6690299,PMID:33505516,PubMed,iT3SE-PX: Identification of Bacterial Type III Secreted Effectors Using PSSM Profiles and XGBoost Feature Selection.
2-s2.0-85104662870,Scopus,Convolutional Sparse Support Estimator-Based COVID-19 Recognition from X-Ray Images,10.1109/TNNLS.2021.3070467,Duplicate DOI,10.1109/tnnls.2021.3070467,IEEE:9408240,IEEE Xplore,Convolutional Sparse Support Estimator-Based COVID-19 Recognition From X-Ray Images
2-s2.0-85110879793,Scopus,Detection of mulberry ripeness stages using deep learning models,10.1109/ACCESS.2021.3096550,Duplicate DOI,10.1109/access.2021.3096550,IEEE:9481231,IEEE Xplore,Detection of Mulberry Ripeness Stages Using Deep Learning Models
2-s2.0-85112511944,Scopus,A Hybrid Intelligent Model for the Condition Monitoring and Diagnostics of Wind Turbines Gearbox,10.1109/ACCESS.2021.3090434,Duplicate DOI,10.1109/access.2021.3090434,IEEE:9459745,IEEE Xplore,A Hybrid Intelligent Model for the Condition Monitoring and Diagnostics of Wind Turbines Gearbox
2-s2.0-85101559723,Scopus,Domain-Scan: Combinatorial Sero-Diagnosis of Infectious Diseases Using Machine Learning,10.3389/fimmu.2020.619896,Duplicate DOI,10.3389/fimmu.2020.619896,PMID:33643301,PubMed,Domain-Scan: Combinatorial Sero-Diagnosis of Infectious Diseases Using Machine Learning.
2-s2.0-85103683674,Scopus,Combining In Vivo Corneal Confocal Microscopy With Deep Learning-Based Analysis Reveals Sensory Nerve Fiber Loss in Acute Simian Immunodeficiency Virus Infection,10.1097/ICO.0000000000002661,Duplicate DOI,10.1097/ico.0000000000002661,PMID:33528225,PubMed,Combining In Vivo Corneal Confocal Microscopy With Deep Learning-Based Analysis Reveals Sensory Nerve Fiber Loss in Acute Simian Immunodeficiency Virus Infection.
2-s2.0-85098164655,Scopus,An automated real-time PCR assay for synovial fluid improves the preoperative etiological diagnosis of periprosthetic joint infection and septic arthritis,10.1002/jor.24959,Duplicate DOI,10.1002/jor.24959,PMID:33331672,PubMed,An automated real-time PCR assay for synovial fluid improves the preoperative etiological diagnosis of periprosthetic joint infection and septic arthritis.
2-s2.0-85101743756,Scopus,"Advanced meta-heuristics, convolutional neural networks, and feature selectors for efficient COVID-19 X-ray chest image classification",10.1109/ACCESS.2021.3061058,Duplicate DOI,10.1109/access.2021.3061058,IEEE:9360538,IEEE Xplore,"Advanced Meta-Heuristics, Convolutional Neural Networks, and Feature Selectors for Efficient COVID-19 X-Ray Chest Image Classification"
2-s2.0-85104461556,Scopus,Development and Validation of a Machine Learning Model to Estimate Bacterial Sepsis Among Immunocompromised Recipients of Stem Cell Transplant,10.1001/jamanetworkopen.2021.4514,Duplicate DOI,10.1001/jamanetworkopen.2021.4514,PMID:33871619,PubMed,Development and Validation of a Machine Learning Model to Estimate Bacterial Sepsis Among Immunocompromised Recipients of Stem Cell Transplant.
2-s2.0-85106633303,Scopus,Sodium butyrate more effectively mitigates the negative effects of high-concentrate diet in dairy cows than sodium β-hydroxybutyrate via reducing free bacterial cell wall components in rumen fluid and plasma,10.3390/toxins13050352,Duplicate DOI,10.3390/toxins13050352,PMID:34069117,PubMed,Sodium Butyrate More Effectively Mitigates the Negative Effects of High-Concentrate Diet in Dairy Cows than Sodium β-Hydroxybutyrate via Reducing Free Bacterial Cell Wall Components in Rumen Fluid and Plasma.
2-s2.0-85118944511,Scopus,Gut microbiota of adults with asthma is broadly similar to non-asthmatics in a large population with varied ethnic origins,10.1080/19490976.2021.1995279,Duplicate DOI,10.1080/19490976.2021.1995279,PMID:34743654,PubMed,Gut microbiota of adults with asthma is broadly similar to non-asthmatics in a large population with varied ethnic origins.
2-s2.0-85107186304,Scopus,Touch-Point Detection Using Thermal Video with Applications to Prevent Indirect Virus Spread,10.1109/JTEHM.2021.3083098,Duplicate DOI,10.1109/jtehm.2021.3083098,IEEE:9439478,IEEE Xplore,Touch-Point Detection Using Thermal Video With Applications to Prevent Indirect Virus Spread
2-s2.0-85102399739,Scopus,CRISPRidentify: Identification of CRISPR arrays using machine learning approach,10.1093/nar/gkaa1158,Duplicate DOI,10.1093/nar/gkaa1158,PMID:33290505,PubMed,CRISPRidentify: identification of CRISPR arrays using machine learning approach.
2-s2.0-85100016378,Scopus,Influence of the Internet of Things management system on hand hygiene compliance in an emergency intensive care unit,10.1016/j.jhin.2020.12.009,Duplicate DOI,10.1016/j.jhin.2020.12.009,PMID:33346043,PubMed,Influence of the Internet of Things management system on hand hygiene compliance in an emergency intensive care unit.
2-s2.0-85095788732,Scopus,Group B Streptococcus in Indian pregnant women: Its prevalence and risk factors,10.4103/ijmm.IJMM_20_333,Duplicate DOI,10.4103/ijmm.ijmm_20_333,PMID:33154247,PubMed,Group B Streptococcus in Indian pregnant women: Its prevalence and risk factors.
2-s2.0-85081331164,Scopus,Evaluation of EUCAST rapid antimicrobial susceptibility testing (RAST) for positive blood cultures in clinical practice using a total lab automation,10.1007/s10096-020-03846-3,Duplicate DOI,10.1007/s10096-020-03846-3,PMID:32112163,PubMed,Evaluation of EUCAST rapid antimicrobial susceptibility testing (RAST) for positive blood cultures in clinical practice using a total lab automation.
2-s2.0-85096972567,Scopus,Non-invasive single-cell morphometry in living bacterial biofilms,10.1038/s41467-020-19866-8,Duplicate DOI,10.1038/s41467-020-19866-8,PMID:33262347,PubMed,Non-invasive single-cell morphometry in living bacterial biofilms.
2-s2.0-85086747243,Scopus,Bacterial Taxa and Functions Are Predictive of Sustained Remission following Exclusive Enteral Nutrition in Pediatric Crohn's Disease,10.1093/ibd/izaa001,Duplicate DOI,10.1093/ibd/izaa001,PMID:31961432,PubMed,Bacterial Taxa and Functions Are Predictive of Sustained Remission Following Exclusive Enteral Nutrition in Pediatric Crohn's Disease.
2-s2.0-85096492145,Scopus,Development and Evaluation of a Fully Automated Molecular Assay Targeting the Mitochondrial Small Subunit rRNA Gene for the Detection of Pneumocystis jirovecii in Bronchoalveolar Lavage Fluid Specimens,10.1016/j.jmoldx.2020.10.003,Duplicate DOI,10.1016/j.jmoldx.2020.10.003,PMID:33069878,PubMed,Development and Evaluation of a Fully Automated Molecular Assay Targeting the Mitochondrial Small Subunit rRNA Gene for the Detection of Pneumocystis jirovecii in Bronchoalveolar Lavage Fluid Specimens.
2-s2.0-85087461919,Scopus,A deep learning approach to characterize 2019 coronavirus disease (COVID-19) pneumonia in chest CT images,10.1007/s00330-020-07044-9,Duplicate DOI,10.1007/s00330-020-07044-9,PMID:32617690,PubMed,A deep learning approach to characterize 2019 coronavirus disease (COVID-19) pneumonia in chest CT images.
2-s2.0-85085539411,Scopus,Efficiency of chemical versus mechanical disruption methods of DNA extraction for the identification of oral Gram-positive and Gram-negative bacteria,10.1177/0300060520925594,Duplicate DOI,10.1177/0300060520925594,PMID:32459112,PubMed,Efficiency of chemical versus mechanical disruption methods of DNA extraction for the identification of oral Gram-positive and Gram-negative bacteria.
2-s2.0-85097367342,Scopus,Systematic evaluation of supervised machine learning for sample origin prediction using metagenomic sequencing data,10.1186/s13062-020-00287-y,Duplicate DOI,10.1186/s13062-020-00287-y,PMID:33302990,PubMed,Systematic evaluation of supervised machine learning for sample origin prediction using metagenomic sequencing data.
2-s2.0-85085384481,Scopus,A retrospective study on Xpert MTB/RIF for detection of tuberculosis in a teaching hospital in China,10.1186/s12879-020-05004-8,Duplicate DOI,10.1186/s12879-020-05004-8,PMID:32448123,PubMed,A retrospective study on Xpert MTB/RIF for detection of tuberculosis in a teaching hospital in China.
2-s2.0-85089170277,Scopus,Performance of penicillinase detection tests in Staphylococcus epidermidis: comparison of different phenotypic methods,10.1186/s12866-020-01929-x,Duplicate DOI,10.1186/s12866-020-01929-x,PMID:32758127,PubMed,Performance of penicillinase detection tests in Staphylococcus epidermidis: comparison of different phenotypic methods.
2-s2.0-85086930057,Scopus,Multicenter clinical evaluation of the revogene strep a molecular assay for detection of streptococcus pyogenes from throat swab specimens,10.1128/JCM.01775-19,Duplicate DOI,10.1128/jcm.01775-19,PMID:32321780,PubMed,Multicenter Clinical Evaluation of the Revogene Strep A Molecular Assay for Detection of Streptococcus pyogenes from Throat Swab Specimens.
2-s2.0-85086775213,Scopus,Automated outbreak detection of hospital-associated pathogens: Value to infection prevention programs,10.1017/ice.2020.233,Duplicate DOI,10.1017/ice.2020.233,PMID:32519624,PubMed,Automated outbreak detection of hospital-associated pathogens: Value to infection prevention programs.
2-s2.0-85087794752,Scopus,PopPhy-CNN: A Phylogenetic Tree Embedded Architecture for Convolutional Neural Networks to Predict Host Phenotype from Metagenomic Data,10.1109/JBHI.2020.2993761,Duplicate DOI,10.1109/jbhi.2020.2993761,IEEE:9091025,IEEE Xplore,PopPhy-CNN: A Phylogenetic Tree Embedded Architecture for Convolutional Neural Networks to Predict Host Phenotype From Metagenomic Data
2-s2.0-85096339502,Scopus,Characterization of TMAO productivity from carnitine challenge facilitates personalized nutrition and microbiome signatures discovery,10.1186/s40168-020-00912-y,Duplicate DOI,10.1186/s40168-020-00912-y,PMID:33213511,PubMed,Characterization of TMAO productivity from carnitine challenge facilitates personalized nutrition and microbiome signatures discovery.
2-s2.0-85092727283,Scopus,Combinational PRR Agonists in Liposomal Adjuvant Enhances Immunogenicity and Protective Efficacy in a Tuberculosis Subunit Vaccine,10.3389/fimmu.2020.575504,Duplicate DOI,10.3389/fimmu.2020.575504,PMID:33117374,PubMed,Combinational PRR Agonists in Liposomal Adjuvant Enhances Immunogenicity and Protective Efficacy in a Tuberculosis Subunit Vaccine.
2-s2.0-85089787101,Scopus,Validating the use of bovine buccal sampling as a proxy for the rumen microbiota by using a time course and random forest classification approach,10.1128/AEM.00861-20,Duplicate DOI,10.1128/aem.00861-20,PMID:32591382,PubMed,Validating the Use of Bovine Buccal Sampling as a Proxy for the Rumen Microbiota by Using a Time Course and Random Forest Classification Approach.
2-s2.0-85086686721,Scopus,"Sensitivity, specificity, inclusivity and exclusivity of the updated Aptima Combo 2 assay, which provides detection coverage of the new diagnostic-escape Chlamydia trachomatis variants",10.1186/s12879-020-05148-7,Duplicate DOI,10.1186/s12879-020-05148-7,PMID:32546213,PubMed,"Sensitivity, specificity, inclusivity and exclusivity of the updated Aptima Combo 2 assay, which provides detection coverage of the new diagnostic-escape Chlamydia trachomatis variants."
2-s2.0-85083009828,Scopus,Molib: A machine learning based classification tool for the prediction of biofilm inhibitory molecules,10.1016/j.ygeno.2020.03.020,Duplicate DOI,10.1016/j.ygeno.2020.03.020,PMID:32229287,PubMed,Molib: A machine learning based classification tool for the prediction of biofilm inhibitory molecules.
2-s2.0-85091576873,Scopus,Performance characteristics of a high-throughput automated transcription-mediated amplification test for SARS-CoV-2 detection,10.1128/JCM.01669-20,Duplicate DOI,10.1128/jcm.01669-20,PMID:32727828,PubMed,Performance Characteristics of a High-Throughput Automated Transcription-Mediated Amplification Test for SARS-CoV-2 Detection.
2-s2.0-85079439321,Scopus,Evaluation of two rapid molecular test systems to establish an algorithm for fast identification of bacterial pathogens from positive blood cultures,10.1007/s10096-020-03828-5,Duplicate DOI,10.1007/s10096-020-03828-5,PMID:32020397,PubMed,Evaluation of two rapid molecular test systems to establish an algorithm for fast identification of bacterial pathogens from positive blood cultures.
2-s2.0-85091050069,Scopus,Multi-View Ensemble Convolutional Neural Network to Improve Classification of Pneumonia in Low Contrast Chest X-Ray Images,10.1109/EMBC44109.2020.9176517,Duplicate DOI,10.1109/embc44109.2020.9176517,IEEE:9176517,IEEE Xplore,Multi-View Ensemble Convolutional Neural Network to Improve Classification of Pneumonia in Low Contrast Chest X-Ray Images
2-s2.0-85097632204,Scopus,Gut–Liver Immune Response and Gut Microbiota Profiling Reveal the Pathogenic Mechanisms of Vibrio harveyi in Pearl Gentian Grouper (Epinephelus lanceolatus ♂ × E. fuscoguttatus ♀),10.3389/fimmu.2020.607754,Duplicate DOI,10.3389/fimmu.2020.607754,PMID:33324424,PubMed,Gut-Liver Immune Response and Gut Microbiota Profiling Reveal the Pathogenic Mechanisms of Vibrio harveyi in Pearl Gentian Grouper (Epinephelus lanceolatus♂ × E. fuscoguttatus♀).
2-s2.0-85089707734,Scopus,STing: Accurate and ultrafast genomic profiling with exact sequence matches,10.1093/nar/gkaa566,Duplicate DOI,10.1093/nar/gkaa566,PMID:32619234,PubMed,STing: accurate and ultrafast genomic profiling with exact sequence matches.
2-s2.0-85091953831,Scopus,Machine-assisted interpretation of auramine stains substantially increases through-put and sensitivity of microscopic tuberculosis diagnosis,10.1016/j.tube.2020.101993,Duplicate DOI,10.1016/j.tube.2020.101993,PMID:33010589,PubMed,Machine-assisted interpretation of auramine stains substantially increases through-put and sensitivity of microscopic tuberculosis diagnosis.
2-s2.0-85076688072,Scopus,HOPS: automated detection and authentication of pathogen DNA in archaeological remains,10.1186/s13059-019-1903-0,Duplicate DOI,10.1186/s13059-019-1903-0,PMID:31842945,PubMed,HOPS: automated detection and authentication of pathogen DNA in archaeological remains.
2-s2.0-85075093560,Scopus,Assessing clinical heterogeneity in sepsis through treatment patterns and machine learning,10.1093/jamia/ocz106,Duplicate DOI,10.1093/jamia/ocz106,PMID:31314892,PubMed,Assessing clinical heterogeneity in sepsis through treatment patterns and machine learning.
2-s2.0-85084107405,Scopus,CCMetagen: Comprehensive and accurate identification of eukaryotes and prokaryotes in metagenomic data,10.1186/s13059-020-02014-2,Duplicate DOI,10.1186/s13059-020-02014-2,PMID:32345331,PubMed,CCMetagen: comprehensive and accurate identification of eukaryotes and prokaryotes in metagenomic data.
2-s2.0-85098199073,Scopus,"Reliable tuberculosis detection using chest X-ray with deep learning, segmentation and visualization",10.1109/ACCESS.2020.3031384,Duplicate DOI,10.1109/access.2020.3031384,IEEE:9224622,IEEE Xplore,"Reliable Tuberculosis Detection Using Chest X-Ray With Deep Learning, Segmentation and Visualization"
2-s2.0-85102745984,Scopus,Predictive modeling of antibiotic susceptibility in E. coli strains using the U-Net network and one-class classification,10.1109/ACCESS.2020.3022829,Duplicate DOI,10.1109/access.2020.3022829,IEEE:9187776,IEEE Xplore,Predictive Modeling of Antibiotic Susceptibility in E. Coli Strains Using the U-Net Network and One-Class Classification
2-s2.0-85087533366,Scopus,Development of an automatic integrated gene detection system for novel severe acute respiratory syndrome-related coronavirus (SARS-CoV2),10.1080/22221751.2020.1782774,Duplicate DOI,10.1080/22221751.2020.1782774,PMID:32543298,PubMed,Development of an automatic integrated gene detection system for novel severe acute respiratory syndrome-related coronavirus (SARS-CoV2).
2-s2.0-85184684596,Scopus,An Integrated Design for Classification and Localization of Diabetic Foot Ulcer Based on CNN and YOLOv2-DFU Models,10.1109/ACCESS.2020.3045732,Duplicate DOI,10.1109/access.2020.3045732,IEEE:9298774,IEEE Xplore,An Integrated Design for Classification and Localization of Diabetic Foot Ulcer Based on CNN and YOLOv2-DFU Models
2-s2.0-85097437449,Scopus,No impact of cancer and plague-relevant FPR1 polymorphisms on COVID-19,10.1080/2162402X.2020.1857112,Duplicate DOI,10.1080/2162402x.2020.1857112,PMID:33344044,PubMed,No impact of cancer and plague-relevant FPR1 polymorphisms on COVID-19.
2-s2.0-85084192822,Scopus,Artificial intelligence-empowered path selection: A survey of ant colony optimization for static and mobile sensor networks,10.1109/ACCESS.2020.2984329,Duplicate DOI,10.1109/access.2020.2984329,IEEE:9050878,IEEE Xplore,Artificial Intelligence-Empowered Path Selection: A Survey of Ant Colony Optimization for Static and Mobile Sensor Networks
2-s2.0-85082146649,Scopus,Sputum and blood transcriptomics characterisation of the inhaled PDE4 inhibitor CHF6001 on top of triple therapy in patients with chronic bronchitis,10.1186/s12931-020-1329-y,Duplicate DOI,10.1186/s12931-020-1329-y,PMID:32197620,PubMed,Sputum and blood transcriptomics characterisation of the inhaled PDE4 inhibitor CHF6001 on top of triple therapy in patients with chronic bronchitis.
2-s2.0-85087842506,Scopus,Iteratively Pruned Deep Learning Ensembles for COVID-19 Detection in Chest X-Rays,10.1109/ACCESS.2020.3003810,Duplicate DOI,10.1109/access.2020.3003810,IEEE:9121222,IEEE Xplore,Iteratively Pruned Deep Learning Ensembles for COVID-19 Detection in Chest X-Rays
2-s2.0-85088321939,Scopus,Optimized ANFIS Model Using Hybrid Metaheuristic Algorithms for Parkinson's Disease Prediction in IoT Environment,10.1109/ACCESS.2020.3005614,Duplicate DOI,10.1109/access.2020.3005614,IEEE:9127458,IEEE Xplore,Optimized ANFIS Model Using Hybrid Metaheuristic Algorithms for Parkinson’s Disease Prediction in IoT Environment
2-s2.0-85083072309,Scopus,"Gut microbiota in children with juvenile idiopathic arthritis: Characteristics, biomarker identification, and usefulness in clinical prediction",10.1186/s12864-020-6703-0,Duplicate DOI,10.1186/s12864-020-6703-0,PMID:32264859,PubMed,"Gut microbiota in children with juvenile idiopathic arthritis: characteristics, biomarker identification, and usefulness in clinical prediction."
2-s2.0-85075319859,Scopus,Using microbiological sampling to evaluate the efficacy of nasofibroscope disinfection: The tristel trio wipes system in ear–nose–throat (ENT) endoscopy,10.3390/ijerph16224583,Duplicate DOI,10.3390/ijerph16224583,PMID:31752418,PubMed,Using Microbiological Sampling to Evaluate the Efficacy of Nasofibroscope Disinfection: The Tristel Trio Wipes System in Ear-Nose-Throat (ENT) Endoscopy.
2-s2.0-85088652671,Scopus,Mitigation of Black Hole and Gray Hole Attack Using Swarm Inspired Algorithm with Artificial Neural Network,10.1109/ACCESS.2020.3004692,Duplicate DOI,10.1109/access.2020.3004692,IEEE:9125902,IEEE Xplore,Mitigation of Black Hole and Gray Hole Attack Using Swarm Inspired Algorithm With Artificial Neural Network
2-s2.0-85078992611,Scopus,Identifying glycan motifs using a novel subtree mining approach,10.1186/s12859-020-3374-4,Duplicate DOI,10.1186/s12859-020-3374-4,PMID:32019496,PubMed,Identifying glycan motifs using a novel subtree mining approach.
2-s2.0-85079211574,Scopus,Epidemiological and clinical characteristics of healthcare-associated infection in elderly patients in a large Chinese tertiary hospital: A 3-year surveillance study,10.1186/s12879-020-4840-3,Duplicate DOI,10.1186/s12879-020-4840-3,PMID:32041540,PubMed,Epidemiological and clinical characteristics of healthcare-associated infection in elderly patients in a large Chinese tertiary hospital: a 3-year surveillance study.
2-s2.0-85097891168,Scopus,PSPNet-SLAM: A Semantic SLAM Detect Dynamic Object by Pyramid Scene Parsing Network,10.1109/ACCESS.2020.3041038,Duplicate DOI,10.1109/access.2020.3041038,IEEE:9272785,IEEE Xplore,PSPNet-SLAM: A Semantic SLAM Detect Dynamic Object by Pyramid Scene Parsing Network
2-s2.0-85097336560,Scopus,Optimized SVM-Driven Multi-Class Approach by Improved ABC to Estimating Ship Systems State,10.1109/ACCESS.2020.3037251,Duplicate DOI,10.1109/access.2020.3037251,IEEE:9253367,IEEE Xplore,Optimized SVM-Driven Multi-Class Approach by Improved ABC to Estimating Ship Systems State
2-s2.0-85098075828,Scopus,A Streamlined Approach to Rapidly Detect SARS-CoV-2 Infection Avoiding RNA Extraction: Workflow Validation,10.1155/2020/8869424,Duplicate DOI,10.1155/2020/8869424,PMID:33343767,PubMed,A Streamlined Approach to Rapidly Detect SARS-CoV-2 Infection Avoiding RNA Extraction: Workflow Validation.
2-s2.0-85078684366,Scopus,High agreement between an ultrasensitive clostridioides difficile toxin assay and a C. difficile laboratory algorithm utilizing GDH-and-toxin enzyme immunoassays and cytotoxin testing,10.1128/JCM.01629-19,Duplicate DOI,10.1128/jcm.01629-19,PMID:31776192,PubMed,High Agreement Between an Ultrasensitive Clostridioides difficile Toxin Assay and a C. difficile Laboratory Algorithm Utilizing GDH-and-Toxin Enzyme Immunoassays and Cytotoxin Testing.
2-s2.0-85070831629,Scopus,Genome-wide systematic identification of methyltransferase recognition and modification patterns,10.1038/s41467-019-11179-9,Duplicate DOI,10.1038/s41467-019-11179-9,PMID:31427571,PubMed,Genome-wide systematic identification of methyltransferase recognition and modification patterns.
2-s2.0-85087320151,Scopus,PaCRISPR: A server for predicting and visualizing anti-CRISPR proteins,10.1093/NAR/GKAA432,Duplicate DOI,10.1093/nar/gkaa432,PMID:32459325,PubMed,PaCRISPR: a server for predicting and visualizing anti-CRISPR proteins.
2-s2.0-85065510472,Scopus,Comparison of clinical performance between bact/alert virtuo and bact/alert 3d blood culture systems,10.3343/ALM.2019.39.3.278,Duplicate DOI,10.3343/alm.2019.39.3.278,PMID:30623614,PubMed,Comparison of Clinical Performance Between BacT/Alert Virtuo and BacT/Alert 3D Blood Culture Systems.
2-s2.0-85077287385,Scopus,Structured Medical Pathology Data Hiding Information Association Mining Algorithm Based on Optimized Convolutional Neural Network,10.1109/ACCESS.2019.2960456,Duplicate DOI,10.1109/access.2019.2960456,IEEE:8935218,IEEE Xplore,Structured Medical Pathology Data Hiding Information Association Mining Algorithm Based on Optimized Convolutional Neural Network
2-s2.0-85078662576,Scopus,Comparison of “Lumipulse anti-Treponema pallidum” and “Architect Syphilis TP” and further examination,10.1002/jcla.23194,Duplicate DOI,10.1002/jcla.23194,PMID:31981241,PubMed,"Comparison of ""Lumipulse anti-Treponema pallidum"" and ""Architect Syphilis TP"" and further examination."
2-s2.0-85082542555,Scopus,Clinical performance of the novel Genmark DX eplex blood culture ID Gram-positive panel,10.1128/JCM.01730-19,Duplicate DOI,10.1128/jcm.01730-19,PMID:31996444,PubMed,Clinical Performance of the Novel GenMark Dx ePlex Blood Culture ID Gram-Positive Panel.
2-s2.0-85082542669,Scopus,Diagnostic accuracy of a noninvasive test for detection of helicobacter pylori and resistance to clarithromycin in stool by the Amplidiag H. Pylori+clarir real-time PCR assay,10.1128/JCM.01787-19,Duplicate DOI,10.1128/jcm.01787-19,PMID:31996442,PubMed,Diagnostic Accuracy of a Noninvasive Test for Detection of Helicobacter pylori and Resistance to Clarithromycin in Stool by the Amplidiag H. pylori+ClariR Real-Time PCR Assay.
2-s2.0-85079860995,Scopus,In vitro activity of fosfomycin against mucoid and non-mucoid Pseudomonas aeruginosa strains,10.1016/j.jgar.2020.02.014,Duplicate DOI,10.1016/j.jgar.2020.02.014,PMID:32105800,PubMed,In vitro activity of fosfomycin against mucoid and non-mucoid Pseudomonas aeruginosa strains.
2-s2.0-85080843190,Scopus,Performance and accuracy of four open-source tools for in silico serotyping of salmonella spp. Based on whole-genome short-read sequencing data,10.1128/AEM.02265-19,Duplicate DOI,10.1128/aem.02265-19,PMID:31862714,PubMed,Performance and Accuracy of Four Open-Source Tools for In Silico Serotyping of Salmonella spp. Based on Whole-Genome Short-Read Sequencing Data.
2-s2.0-85089508765,Scopus,Deep Semantic Segmentation and Multi-Class Skin Lesion Classification Based on Convolutional Neural Network,10.1109/ACCESS.2020.3009276,Duplicate DOI,10.1109/access.2020.3009276,IEEE:9139937,IEEE Xplore,Deep Semantic Segmentation and Multi-Class Skin Lesion Classification Based on Convolutional Neural Network
2-s2.0-85083832390,Scopus,Host transcriptomic signature as alternative test-of-cure in visceral leishmaniasis patients co-infected with HIV,10.1016/j.ebiom.2020.102748,Duplicate DOI,10.1016/j.ebiom.2020.102748,PMID:32361248,PubMed,Host transcriptomic signature as alternative test-of-cure in visceral leishmaniasis patients co-infected with HIV.
2-s2.0-85082942416,Scopus,Comparison of the AllplexTM Respiratory Panel Assays and the automated Fast Track Diagnostics Respiratory pathogens 21 assay for the diagnosis of pediatric respiratory viral infections,10.1007/s00705-020-04593-8,Duplicate DOI,10.1007/s00705-020-04593-8,PMID:32232675,PubMed,Comparison of the Allplex(TM) Respiratory Panel Assays and the automated Fast Track Diagnostics Respiratory pathogens 21 assay for the diagnosis of pediatric respiratory viral infections.
2-s2.0-85102773307,Scopus,A novel decomposing model with evolutionary algorithms for feature selection in long non-coding rnas,10.1109/ACCESS.2020.3028039,Duplicate DOI,10.1109/access.2020.3028039,IEEE:9210051,IEEE Xplore,A Novel Decomposing Model With Evolutionary Algorithms for Feature Selection in Long Non-Coding RNAs
2-s2.0-85076019007,Scopus,Gut Microbiome Fermentation Determines the Efficacy of Exercise for Diabetes Prevention,10.1016/j.cmet.2019.11.001,Duplicate DOI,10.1016/j.cmet.2019.11.001,PMID:31786155,PubMed,Gut Microbiome Fermentation Determines the Efficacy of Exercise for Diabetes Prevention.
2-s2.0-85089511936,Scopus,An Efficient Intrusion Detection Model Based on Hybridization of Artificial Bee Colony and Dragonfly Algorithms for Training Multilayer Perceptrons,10.1109/ACCESS.2020.3009533,Duplicate DOI,10.1109/access.2020.3009533,IEEE:9141282,IEEE Xplore,An Efficient Intrusion Detection Model Based on Hybridization of Artificial Bee Colony and Dragonfly Algorithms for Training Multilayer Perceptrons
2-s2.0-85077524586,Scopus,A state-of-the-art survey for microorganism image segmentation methods and future potential,10.1109/ACCESS.2019.2930111,Duplicate DOI,10.1109/access.2019.2930111,IEEE:8766984,IEEE Xplore,A State-of-the-Art Survey for Microorganism Image Segmentation Methods and Future Potential
2-s2.0-85083878180,Scopus,Analysis and identification of dermatological diseases using Gaussian mixture modeling,10.1109/ACCESS.2019.2929857,Duplicate DOI,10.1109/access.2019.2929857,IEEE:8766099,IEEE Xplore,Analysis and Identification of Dermatological Diseases Using Gaussian Mixture Modeling
2-s2.0-85068085477,Scopus,Evaluation of the BioPlex 2200 syphilis total screen (IgG/IgM) with reflex to an automated rapid plasma reagin test,10.1002/jcla.22878,Duplicate DOI,10.1002/jcla.22878,PMID:30861169,PubMed,Evaluation of the BioPlex 2200 syphilis total screen (IgG/IgM) with reflex to an automated rapid plasma reagin test.
2-s2.0-85074118174,Scopus,Pilot evaluation of a fully automated bioinformatics system for analysis of methicillin-resistant staphylococcus aureus genomes and detection of outbreaks,10.1128/JCM.00858-19,Duplicate DOI,10.1128/jcm.00858-19,PMID:31462548,PubMed,Pilot Evaluation of a Fully Automated Bioinformatics System for Analysis of Methicillin-Resistant Staphylococcus aureus Genomes and Detection of Outbreaks.
2-s2.0-85059930761,Scopus,Evaluation of the FilmArray™ Meningitis/Encephalitis panel with focus on bacteria and Cryptococcus spp,10.1016/j.mimet.2019.01.003,Duplicate DOI,10.1016/j.mimet.2019.01.003,PMID:30639516,PubMed,Evaluation of the FilmArray™ Meningitis/Encephalitis panel with focus on bacteria and Cryptococcus spp.
2-s2.0-85060911738,Scopus,Evaluation of the EpLex blood culture identification panels for detection of pathogens in bloodstream infections,10.1128/JCM.01597-18,Duplicate DOI,10.1128/jcm.01597-18,PMID:30487304,PubMed,Evaluation of the ePlex Blood Culture Identification Panels for Detection of Pathogens in Bloodstream Infections.
2-s2.0-85062617421,Scopus,Rapid and simple universal Escherichia coli genotyping method based on multiple-locus variable-number tandem-repeat analysis using single-tube multiplex PCR and standard gel electrophoresis,10.1128/AEM.02812-18,Duplicate DOI,10.1128/aem.02812-18,PMID:30610078,PubMed,Rapid and Simple Universal Escherichia coli Genotyping Method Based on Multiple-Locus Variable-Number Tandem-Repeat Analysis Using Single-Tube Multiplex PCR and Standard Gel Electrophoresis.
2-s2.0-85069050981,Scopus,Memetic particle gravitation optimization algorithm for solving clustering problems,10.1109/ACCESS.2019.2923979,Duplicate DOI,10.1109/access.2019.2923979,IEEE:8742583,IEEE Xplore,Memetic Particle Gravitation Optimization Algorithm for Solving Clustering Problems
2-s2.0-85060940779,Scopus,"Comprehensive evaluation of compendial USP<71>, BACT/ ALERT DUAl-T, and BACTEC FX for detection of product sterility testing contaminants",10.1128/JCM.01548-18,Duplicate DOI,10.1128/jcm.01548-18,PMID:30541938,PubMed,"Comprehensive Evaluation of Compendial USP<71>, BacT/Alert Dual-T, and Bactec FX for Detection of Product Sterility Testing Contaminants."
2-s2.0-85075389622,Scopus,"Analysis of clinical isolates of extended-spectrum β-lactamase-producing bacteria with primer and probe sets developed to detect blactx-m, blatem, and blashv using a fully automated gene detection system",10.7883/yoken.JJID.2018.466,Duplicate DOI,10.7883/yoken.jjid.2018.466,PMID:31257238,PubMed,"Analysis of Clinical Isolates of Extended-Spectrum β-Lactamase-Producing Bacteria with Primer and Probe Sets Developed to Detect bla(CTX-M), bla(TEM), and bla(SHV) Using a Fully Automated Gene Detection System."
2-s2.0-85065222909,Scopus,A Method for Guaranteeing Wireless Communication Based on a Combination of Deep and Shallow Learning,10.1109/ACCESS.2019.2905754,Duplicate DOI,10.1109/access.2019.2905754,IEEE:8671689,IEEE Xplore,A Method for Guaranteeing Wireless Communication Based on a Combination of Deep and Shallow Learning
2-s2.0-85097338527,Scopus,A Radar Signal Recognition System Based on Non-Negative Matrix Factorization Network and Improved Artificial Bee Colony Algorithm,10.1109/ACCESS.2019.2936669,Duplicate DOI,10.1109/access.2019.2936669,IEEE:8808862,IEEE Xplore,A Radar Signal Recognition System Based on Non-Negative Matrix Factorization Network and Improved Artificial Bee Colony Algorithm
2-s2.0-85064522850,Scopus,Comparison of three molecular subtyping techniques for Listeria monocytogenes; [Comparación de tres técnicas para subtipificación molecular de Listeria monocytogenes],10.1016/j.ram.2019.01.003,Duplicate DOI,10.1016/j.ram.2019.01.003,PMID:31023493,PubMed,Comparison of three molecular subtyping techniques for Listeria monocytogenes.
2-s2.0-85060920973,Scopus,Multicenter clinical evaluation of the automated ARIES group A strep PCR assay from throat swabs,10.1128/JCM.01482-18,Duplicate DOI,10.1128/jcm.01482-18,PMID:30463893,PubMed,Multicenter Clinical Evaluation of the Automated Aries Group A Strep PCR Assay from Throat Swabs.
2-s2.0-85065510020,Scopus,Laboratory validation of a clinical metagenomic sequencing assay for pathogen detection in cerebrospinal fluid,10.1101/gr.238170.118,Duplicate DOI,10.1101/gr.238170.118,PMID:30992304,PubMed,Laboratory validation of a clinical metagenomic sequencing assay for pathogen detection in cerebrospinal fluid.
2-s2.0-85068102348,Scopus,Identification of soybean Bradyrhizobium strains used in commercial inoculants in Brazil by MALDI-TOF mass spectrometry,10.1007/s42770-019-00104-3,Duplicate DOI,10.1007/s42770-019-00104-3,PMID:31236871,PubMed,Identification of soybean Bradyrhizobium strains used in commercial inoculants in Brazil by MALDI-TOF mass spectrometry.
2-s2.0-85057950739,Scopus,High-throughput screening of bacterial pathogens in clinical specimens using 16S rDNA qPCR and fragment analysis,10.1016/j.diagmicrobio.2018.11.006,Duplicate DOI,10.1016/j.diagmicrobio.2018.11.006,PMID:30545581,PubMed,High-throughput screening of bacterial pathogens in clinical specimens using 16S rDNA qPCR and fragment analysis.
2-s2.0-85072783504,Scopus,"Differentiation of myositis-induced models of bacterial infection and inflammation with t2-weighted, cest, and dce-mri",10.18383/j.tom.2019.00009,Duplicate DOI,10.18383/j.tom.2019.00009,PMID:31572789,PubMed,"Differentiation of Myositis-Induced Models of Bacterial Infection and Inflammation with T(2)-Weighted, CEST, and DCE-MRI."
2-s2.0-85074118769,Scopus,Automated detection of streptococcus pyogenes pharyngitis by use of colorex strep a CHROMagar and WASPLab artificial intelligence chromogenic detection module software,10.1128/JCM.00811-19,Duplicate DOI,10.1128/jcm.00811-19,PMID:31434725,PubMed,Automated Detection of Streptococcus pyogenes Pharyngitis by Use of Colorex Strep A CHROMagar and WASPLab Artificial Intelligence Chromogenic Detection Module Software.
2-s2.0-85068345445,Scopus,A Spatial Ensemble Model for Rockfall Source Identification from High Resolution LiDAR Data and GIS,10.1109/ACCESS.2019.2919977,Duplicate DOI,10.1109/access.2019.2919977,IEEE:8726404,IEEE Xplore,A Spatial Ensemble Model for Rockfall Source Identification From High Resolution LiDAR Data and GIS
2-s2.0-85090701976,Scopus,Rapid Rule Out of Culture-Negative Bloodstream Infections by Use of a Novel Approach to Universal Detection of Bacteria and Fungi,10.1373/jalm.2018.027706,Duplicate DOI,10.1373/jalm.2018.027706,PMID:31639722,PubMed,Rapid Rule Out of Culture-Negative Bloodstream Infections by Use of a Novel Approach to Universal Detection of Bacteria and Fungi.
2-s2.0-85055988304,Scopus,Automated detection of outbreaks of antimicrobial-resistant bacteria in Japan,10.1016/j.jhin.2018.10.005,Duplicate DOI,10.1016/j.jhin.2018.10.005,PMID:30321629,PubMed,Automated detection of outbreaks of antimicrobial-resistant bacteria in Japan.
2-s2.0-85055435459,Scopus,Comparing Arabidopsis receptor kinase and receptor protein-mediated immune signaling reveals BIK1-dependent differences,10.1111/nph.15497,Duplicate DOI,10.1111/nph.15497,PMID:30252144,PubMed,Comparing Arabidopsis receptor kinase and receptor protein-mediated immune signaling reveals BIK1-dependent differences.
2-s2.0-85061929247,Scopus,Developmental validation of the ANDE™ rapid DNA system with FlexPlex™ assay for arrestee and reference buccal swab processing and database searching,10.1016/j.fsigen.2019.02.016,Duplicate DOI,10.1016/j.fsigen.2019.02.016,PMID:30818156,PubMed,Developmental validation of the ANDE™ rapid DNA system with FlexPlex™ assay for arrestee and reference buccal swab processing and database searching.
2-s2.0-85068537443,Scopus,A novel integrated molecular and serological analysis method to predict new cases of leprosy amongst household contacts,10.1371/journal.pntd.0007400,Duplicate DOI,10.1371/journal.pntd.0007400,PMID:31181059,PubMed,A novel integrated molecular and serological analysis method to predict new cases of leprosy amongst household contacts.
2-s2.0-85069935506,Scopus,Multiplex real-time PCR-shortTUB assay for detection of the mycobacterium tuberculosis complex in smear-negative clinical samples with low mycobacterial loads,10.1128/JCM.00733-19,Duplicate DOI,10.1128/jcm.00733-19,PMID:31189585,PubMed,Multiplex Real-Time PCR-short(TUB) Assay for Detection of the Mycobacterium tuberculosis Complex in Smear-Negative Clinical Samples with Low Mycobacterial Loads.
2-s2.0-85081138732,Scopus,Advanced characterization of natural biofilm on nanofiber scaffold,10.33549/PHYSIOLRES.934384,Duplicate DOI,10.33549/physiolres.934384,PMID:32118481,PubMed,Advanced characterization of natural biofilm on nanofiber scaffold.
2-s2.0-85046172084,Scopus,Decision-support models for empiric antibiotic selection in Gram-negative bloodstream infections,10.1016/j.cmi.2018.03.029,Duplicate DOI,10.1016/j.cmi.2018.03.029,PMID:29705558,PubMed,Decision-support models for empiric antibiotic selection in Gram-negative bloodstream infections.
2-s2.0-85060910244,Scopus,Multicenter clinical evaluation of the automated Aries Bordetella assay,10.1128/JCM.01471-18,Duplicate DOI,10.1128/jcm.01471-18,PMID:30518543,PubMed,Multicenter Clinical Evaluation of the Automated Aries Bordetella Assay.
2-s2.0-85075960192,Scopus,Fast and accurate bacterial species identification in urine specimens using LC-MS/MS mass spectrometry and machine learning,10.1074/mcp.TIR119.001559,Duplicate DOI,10.1074/mcp.tir119.001559,PMID:31585987,PubMed,Fast and Accurate Bacterial Species Identification in Urine Specimens Using LC-MS/MS Mass Spectrometry and Machine Learning.
2-s2.0-85043722400,Scopus,Computational antimicrobial peptide design and evaluation against multidrug-resistant clinical isolates of bacteria,10.1074/jbc.M117.805499,Duplicate DOI,10.1074/jbc.m117.805499,PMID:29259134,PubMed,Computational antimicrobial peptide design and evaluation against multidrug-resistant clinical isolates of bacteria.
2-s2.0-85049905287,Scopus,Characterization of Pattern Recognition Receptor Expression and Functionality in Liver Primary Cells and Derived Cell Lines,10.1159/000489966,Duplicate DOI,10.1159/000489966,PMID:29975940,PubMed,Characterization of Pattern Recognition Receptor Expression and Functionality in Liver Primary Cells and Derived Cell Lines.
2-s2.0-85041815516,Scopus,Bacterial foraging optimization based radial basis function neural network (BRBFNN) for identification and classification of plant leaf diseases: An automatic approach towards plant pathology,10.1109/ACCESS.2018.2800685,Duplicate DOI,10.1109/access.2018.2800685,IEEE:8289411,IEEE Xplore,Bacterial Foraging Optimization Based Radial Basis Function Neural Network (BRBFNN) for Identification and Classification of Plant Leaf Diseases: An Automatic Approach Towards Plant Pathology
2-s2.0-85057280245,Scopus,Limited marginal utility of deep sequencing for HIV drug resistance testing in the age of integrase inhibitors,10.1128/JCM.01443-18,Duplicate DOI,10.1128/jcm.01443-18,PMID:30305383,PubMed,Limited Marginal Utility of Deep Sequencing for HIV Drug Resistance Testing in the Age of Integrase Inhibitors.
2-s2.0-85025148025,Scopus,Comparison of methods for detection of plasmid-mediated and chromosomally encoded colistin resistance in Enterobacteriaceae,10.1016/j.cmi.2017.06.002,Duplicate DOI,10.1016/j.cmi.2017.06.002,PMID:28606644,PubMed,Comparison of methods for detection of plasmid-mediated and chromosomally encoded colistin resistance in Enterobacteriaceae.
2-s2.0-85031784823,Scopus,Comparative analysis of microbial sensing molecules in mucosal tissues with aging,10.1016/j.imbio.2017.10.034,Duplicate DOI,10.1016/j.imbio.2017.10.034,PMID:29066255,PubMed,Comparative analysis of microbial sensing molecules in mucosal tissues with aging.
2-s2.0-85042304379,Scopus,"Clinical age-specific seasonal conjunctivitis patterns and their online detection in twitter, blog, forum, and comment social media posts",10.1167/iovs.17-22818,Duplicate DOI,10.1167/iovs.17-22818,PMID:29450538,PubMed,"Clinical Age-Specific Seasonal Conjunctivitis Patterns and Their Online Detection in Twitter, Blog, Forum, and Comment Social Media Posts."
2-s2.0-85046263577,Scopus,Visible DNA Microarray system as an adjunctive molecular test in identification of pathogenic fungi directly from a blood culture bottle,10.1128/JCM.01908-17,Duplicate DOI,10.1128/jcm.01908-17,PMID:29514940,PubMed,Visible DNA Microarray System as an Adjunctive Molecular Test in Identification of Pathogenic Fungi Directly from a Blood Culture Bottle.
2-s2.0-85060151705,Scopus,Automating a new host-protein assay for differentiating bacterial from viral infection to reduce operator hands-on time,10.2144/BTN-2018-0028,Duplicate DOI,10.2144/btn-2018-0028,PMID:30091387,PubMed,Automating a new host-protein assay for differentiating bacterial from viral infection to reduce operator hands-on time.
2-s2.0-85063929507,Scopus,A novel diagnostic algorithm equipped on an automated hematology analyzer to differentiate between common causes of febrile illness in Southeast Asia,10.1371/journal.pntd.0007183,Duplicate DOI,10.1371/journal.pntd.0007183,PMID:30870415,PubMed,A novel diagnostic algorithm equipped on an automated hematology analyzer to differentiate between common causes of febrile illness in Southeast Asia.
2-s2.0-85042380772,Scopus,"Evaluation of a Chlamydia trachomatis-specific, commercial, real-time PCR for use with ocular swabs",10.1186/s13071-018-2686-y,Duplicate DOI,10.1186/s13071-018-2686-y,PMID:29463279,PubMed,"Evaluation of a Chlamydia trachomatis-specific, commercial, real-time PCR for use with ocular swabs."
2-s2.0-85049586998,Scopus,"Comparison of the Biofire FilmArray Respiratory Panel, Seegene AnyplexII RV16, and Argene for the detection of respiratory viruses",10.1016/j.jcv.2018.07.002,Duplicate DOI,10.1016/j.jcv.2018.07.002,PMID:30007137,PubMed,"Comparison of the Biofire FilmArray Respiratory Panel, Seegene AnyplexII RV16, and Argene for the detection of respiratory viruses."
2-s2.0-85065326008,Scopus,Speeding up the diagnosis of multidrugresistant tuberculosis in a high-burden region with the use of a commercial line probe assay,10.1590/1806-3713/e20180128,Duplicate DOI,10.1590/1806-3713/e20180128,PMID:31017225,PubMed,Speeding up the diagnosis of multidrug-resistant tuberculosis in a high-burden region with the use of a commercial line probe assay.
2-s2.0-85040075853,Scopus,Use of the accelerate pheno system for identification and antimicrobial susceptibility testing of pathogens in positive blood cultures and impact on time to results and workflow,10.1128/JCM.01166-17,Duplicate DOI,10.1128/jcm.01166-17,PMID:29118168,PubMed,Use of the Accelerate Pheno System for Identification and Antimicrobial Susceptibility Testing of Pathogens in Positive Blood Cultures and Impact on Time to Results and Workflow.
2-s2.0-85050938494,Scopus,"McSpoligotyping, a one-step melting curve analysis-based protocol for spoligotyping of mycobacterium tuberculosis",10.1128/JCM.00539-18,Duplicate DOI,10.1128/jcm.00539-18,PMID:29875194,PubMed,"McSpoligotyping, a One-Step Melting Curve Analysis-Based Protocol for Spoligotyping of Mycobacterium tuberculosis."
2-s2.0-85058602856,Scopus,A comparative study of the gut microbiota in immune-mediated inflammatory diseases - Does a common dysbiosis exist?,10.1186/s40168-018-0603-4,Duplicate DOI,10.1186/s40168-018-0603-4,PMID:30545401,PubMed,A comparative study of the gut microbiota in immune-mediated inflammatory diseases-does a common dysbiosis exist?
2-s2.0-85056086602,Scopus,Characterization of hydroxyproline-containing hairpin-like antimicrobial peptide ecamp1-hyp from barnyard grass (Echinochloa crusgalli l.) seeds: Structural identification and comparative analysis of antifungal activity,10.3390/ijms19113449,Duplicate DOI,10.3390/ijms19113449,PMID:30400225,PubMed,Characterization of Hydroxyproline-Containing Hairpin-Like Antimicrobial Peptide EcAMP1-Hyp from Barnyard Grass (Echinochloa crusgalli L.) Seeds: Structural Identification and Comparative Analysis of Antifungal Activity.
2-s2.0-85055745406,Scopus,Accuracy of qPCR and bacterial culture for the diagnosis of bovine intramammary infections and teat skin colonisation with Streptococcus agalactiae and Staphylococcus aureus using Bayesian analysis,10.1016/j.prevetmed.2018.10.013,Duplicate DOI,10.1016/j.prevetmed.2018.10.013,PMID:30466660,PubMed,Accuracy of qPCR and bacterial culture for the diagnosis of bovine intramammary infections and teat skin colonisation with Streptococcus agalactiae and Staphylococcus aureus using Bayesian analysis.
2-s2.0-85055616247,Scopus,Ultrasensitive detection of clostridioides difficile toxins a and B by use of automated single-molecule counting technology,10.1128/JCM.00908-18,Duplicate DOI,10.1128/jcm.00908-18,PMID:30158195,PubMed,Ultrasensitive Detection of Clostridioides difficile Toxins A and B by Use of Automated Single-Molecule Counting Technology.
2-s2.0-85055529438,Scopus,"Toll-like receptor evolution in birds: Gene duplication, pseudogenization, and diversifying selection",10.1093/molbev/msy119,Duplicate DOI,10.1093/molbev/msy119,PMID:29893911,PubMed,"Toll-Like Receptor Evolution in Birds: Gene Duplication, Pseudogenization, and Diversifying Selection."
2-s2.0-85050937130,Scopus,Rapid screening of urinary tract infection and discrimination of gram-positive and gram-negative bacteria by automated flow cytometric analysis using sysmex UF-5000,10.1128/JCM.02004-17,Duplicate DOI,10.1128/jcm.02004-17,PMID:29769277,PubMed,Rapid Screening of Urinary Tract Infection and Discrimination of Gram-Positive and Gram-Negative Bacteria by Automated Flow Cytometric Analysis Using Sysmex UF-5000.
2-s2.0-85050969594,Scopus,Time-to-detection of bacteria and yeast with the BACTEC FX versus BacT/Alert Virtuo blood culture systems,10.5144/0256-4947.2018.194,Duplicate DOI,10.5144/0256-4947.2018.194,PMID:29848937,PubMed,Time-to-detection of bacteria and yeast with the BACTEC FX versus BacT/Alert Virtuo blood culture systems.
2-s2.0-85055612753,Scopus,Evaluation of a novel microarray immunoblot assay for detection of IgM-and IgG-class antibodies to borrelia burgdorferi,10.1128/JCM.00992-18,Duplicate DOI,10.1128/jcm.00992-18,PMID:30135227,PubMed,Evaluation of a Novel Microarray Immunoblot Assay for Detection of IgM- and IgG-Class Antibodies to Borrelia burgdorferi.
2-s2.0-85053019716,Scopus,Multicenter assessment of the rapid unyvero blood culture molecular assay,10.1099/jmm.0.000804,Duplicate DOI,10.1099/jmm.0.000804,PMID:30051799,PubMed,Multicenter assessment of the rapid Unyvero Blood Culture molecular assay.
2-s2.0-85052517506,Scopus,"Diagnostic accuracy and utility of FluoroType MTBDR, a new molecular assay for multidrug-resistant tuberculosis",10.1128/JCM.00531-18,Duplicate DOI,10.1128/jcm.00531-18,PMID:29976588,PubMed,"Diagnostic Accuracy and Utility of FluoroType MTBDR, a New Molecular Assay for Multidrug-Resistant Tuberculosis."
2-s2.0-85069916244,Scopus,Evaluation of the Sofia S. Pneumoniae FIA for Detection of Pneumococcal Antigen in Patients with Bloodstream Infection,10.1128/JCM.01535-18,Duplicate DOI,10.1128/jcm.01535-18,PMID:31118270,PubMed,Evaluation of the Sofia S. pneumoniae FIA for Detection of Pneumococcal Antigen in Patients with Bloodstream Infection.
2-s2.0-85042866586,Scopus,Hierarchical Flexible Beta Fuzzy Design by a Multi-Objective Evolutionary Hybrid Approach,10.1109/ACCESS.2018.2807124,Duplicate DOI,10.1109/access.2018.2807124,IEEE:8306272,IEEE Xplore,Hierarchical Flexible Beta Fuzzy Design by a Multi-Objective Evolutionary Hybrid Approach
2-s2.0-85059392353,Scopus,Clinical Performance of the BioPlex 2200 Syphilis Total & RPR Assay at a Tertiary Medical Center with a High Rate of Syphilis,10.1128/JCM.01487-18,Duplicate DOI,10.1128/jcm.01487-18,PMID:30429251,PubMed,Clinical Performance of the BioPlex 2200 Syphilis Total & RPR Assay at a Tertiary Medical Center with a High Rate of Syphilis.
2-s2.0-85047979232,Scopus,Parallel online determination of ethylene release rate by Shaken Parsley cell cultures using a modified RAMOS device,10.1186/s12870-018-1305-6,Duplicate DOI,10.1186/s12870-018-1305-6,PMID:29859042,PubMed,Parallel online determination of ethylene release rate by Shaken Parsley cell cultures using a modified RAMOS device.
2-s2.0-85015297808,Scopus,Machine-learning algorithms define pathogen-specific local immune fingerprints in peritoneal dialysis patients with bacterial infections,10.1016/j.kint.2017.01.017,Duplicate DOI,10.1016/j.kint.2017.01.017,PMID:28318629,PubMed,Machine-learning algorithms define pathogen-specific local immune fingerprints in peritoneal dialysis patients with bacterial infections.
2-s2.0-85042865347,Scopus,Multi-omics differentially classify disease state and treatment outcome in pediatric Crohn's disease,10.1186/s40168-018-0398-3,Duplicate DOI,10.1186/s40168-018-0398-3,PMID:29335008,PubMed,Multi-omics differentially classify disease state and treatment outcome in pediatric Crohn's disease.
2-s2.0-85008352081,Scopus,Sensitive detection of Francisella tularensis directly from whole blood by use of the GeneXpert system,10.1128/JCM.01126-16,Duplicate DOI,10.1128/jcm.01126-16,PMID:27847371,PubMed,Sensitive Detection of Francisella tularensis Directly from Whole Blood by Use of the GeneXpert System.
2-s2.0-85025474844,Scopus,Assessment of the automated multiplex-PCR Unyvero i60 ITI® cartridge system to diagnose prosthetic joint infection: a multicentre study,10.1016/j.cmi.2017.05.017,Duplicate DOI,10.1016/j.cmi.2017.05.017,PMID:28559002,PubMed,Assessment of the automated multiplex-PCR Unyvero i60 ITI(®) cartridge system to diagnose prosthetic joint infection: a multicentre study.
2-s2.0-85021659567,Scopus,High-throughput identification and rational design of synergistic small-molecule pairs for combating and bypassing antibiotic resistance,10.1371/journal.pbio.2001644,Duplicate DOI,10.1371/journal.pbio.2001644,PMID:28632788,PubMed,High-throughput identification and rational design of synergistic small-molecule pairs for combating and bypassing antibiotic resistance.
2-s2.0-85019564551,Scopus,Prospective evaluation of light scatter technology paired with matrix-assisted laser desorption ionization-time of flight mass spectrometry for rapid diagnosis of urinary tract infections,10.1128/JCM.00027-17,Duplicate DOI,10.1128/jcm.00027-17,PMID:28356414,PubMed,Prospective Evaluation of Light Scatter Technology Paired with Matrix-Assisted Laser Desorption Ionization-Time of Flight Mass Spectrometry for Rapid Diagnosis of Urinary Tract Infections.
2-s2.0-85009364997,Scopus,MALDI-TOF/MS identification of species from the Acinetobacter baumannii (Ab) group revisited: inclusion of the novel A. seifertii and A. dijkshoorniae species,10.1016/j.cmi.2016.11.020,Duplicate DOI,10.1016/j.cmi.2016.11.020,PMID:27919649,PubMed,MALDI-TOF/MS identification of species from the Acinetobacter baumannii (Ab) group revisited: inclusion of the novel A. seifertii and A. dijkshoorniae species.
2-s2.0-85021886213,Scopus,Description and validation of a new automated surveillance system for Clostridium difficile in Denmark,10.1017/S0950268817001315,Duplicate DOI,10.1017/s0950268817001315,PMID:28689506,PubMed,Description and validation of a new automated surveillance system for Clostridium difficile in Denmark.
2-s2.0-85040060955,Scopus,Comparison of different phenotypic approaches to screen and detect mecC-harboring methicillin-resistant staphylococcus aureus,10.1128/JCM.00826-17,Duplicate DOI,10.1128/jcm.00826-17,PMID:28978682,PubMed,Comparison of Different Phenotypic Approaches To Screen and Detect mecC-Harboring Methicillin-Resistant Staphylococcus aureus.
2-s2.0-85032922442,Scopus,Quantitative 3D-imaging for cell biology and ecology of environmental microbial eukaryotes,10.7554/eLife.26066,Duplicate DOI,10.7554/elife.26066,PMID:29087936,PubMed,Quantitative 3D-imaging for cell biology and ecology of environmental microbial eukaryotes.
2-s2.0-85008311676,Scopus,"Detection of isoniazid-, fluoroquinolone-, amikacin-, and kanamycin-resistant tuberculosis in an automated, multiplexed 10-color assay suitable for point-of-care use",10.1128/JCM.01771-16,Duplicate DOI,10.1128/jcm.01771-16,PMID:27807153,PubMed,"Detection of Isoniazid-, Fluoroquinolone-, Amikacin-, and Kanamycin-Resistant Tuberculosis in an Automated, Multiplexed 10-Color Assay Suitable for Point-of-Care Use."
2-s2.0-85029958893,Scopus,Multicenter evaluation of an image analysis device (APAS): Comparison between digital image and traditional plate reading using urine cultures,10.3343/alm.2017.37.6.499,Duplicate DOI,10.3343/alm.2017.37.6.499,PMID:28840987,PubMed,Multicenter Evaluation of an Image Analysis Device (APAS): Comparison Between Digital Image and Traditional Plate Reading Using Urine Cultures.
2-s2.0-85014458303,Scopus,Edwin: A robotic platform for automated rna extraction and analysis during reporter gene-based dynamic characterization of bacterial promoters,10.1177/2211068216655151,Duplicate DOI,10.1177/2211068216655151,PMID:27316463,PubMed,Edwin.
2-s2.0-85044694386,Scopus,A comparison of machine learning and Bayesian modelling for molecular serotyping,10.1186/s12864-017-3998-6,Duplicate DOI,10.1186/s12864-017-3998-6,PMID:28800724,PubMed,A comparison of machine learning and Bayesian modelling for molecular serotyping.
2-s2.0-85038442579,Scopus,Predicting neutropenia risk in patients with cancer using electronic data,10.1093/jamia/ocw131,Duplicate DOI,10.1093/jamia/ocw131,PMID:27638907,PubMed,Predicting neutropenia risk in patients with cancer using electronic data.
2-s2.0-85035313153,Scopus,Xpert MTB/RIF Ultra for detection of Mycobacterium tuberculosis and rifampicin resistance: a prospective multicentre diagnostic accuracy study,10.1016/S1473-3099(17)30691-6,Duplicate DOI,10.1016/s1473-3099(17)30691-6,PMID:29198911,PubMed,Xpert MTB/RIF Ultra for detection of Mycobacterium tuberculosis and rifampicin resistance: a prospective multicentre diagnostic accuracy study.
2-s2.0-85036626066,Scopus,High-stringency evaluation of the automated BD phoenix CPO detect and rapidec carba NP tests for detection and classification of carbapenemases,10.1128/JCM.01215-17,Duplicate DOI,10.1128/jcm.01215-17,PMID:28978681,PubMed,High-Stringency Evaluation of the Automated BD Phoenix CPO Detect and Rapidec Carba NP Tests for Detection and Classification of Carbapenemases.
2-s2.0-85041645172,Scopus,"Microbiology, clinical spectrum and outcome of peritonitis in patients undergoing peritoneal dialysis in India: Results from a multicentric, observational study",10.4103/ijmm.ijmm_17_392,Duplicate DOI,10.4103/ijmm.ijmm_17_392,PMID:29405139,PubMed,"Microbiology, clinical spectrum and outcome of peritonitis in patients undergoing peritoneal dialysis in India: Results from a multicentric, observational study."
2-s2.0-85058382426,Scopus,The validation of The Sample6 DETECTTM HT/L for AOAC research institute,10.5740/jaoacint.17-0484,Duplicate DOI,10.5740/jaoacint.17-0484,PMID:29618405,PubMed,The Validation of the Sample6 DETECT(TM) HT/L for AOAC Research Institute.
2-s2.0-85058610307,Scopus,"Comparison of PCR, fluorescent in situ hybridization and blood cultures for detection of bacteremia in children and adolescents during antibiotic therapy",10.21307/pjm-2018-056,Duplicate DOI,10.21307/pjm-2018-056,PMID:30550234,PubMed,"Comparison of PCR, Fluorescent in Situ Hybridization and Blood Cultures for Detection of Bacteremia in Children and Adolescents During Antibiotic Therapy."
2-s2.0-85026193067,Scopus,Multicenter clinical evaluation of BacT/ alert virtuo blood culture system,10.1128/JCM.00307-17,Duplicate DOI,10.1128/jcm.00307-17,PMID:28539343,PubMed,Multicenter Clinical Evaluation of BacT/Alert Virtuo Blood Culture System.
2-s2.0-85032440967,Scopus,Evaluation of the lumipulse G TP-N chemiluminescent immunoassay as a syphilis screening test,10.1128/JCM.00966-17,Duplicate DOI,10.1128/jcm.00966-17,PMID:28878003,PubMed,Evaluation of the Lumipulse G TP-N Chemiluminescent Immunoassay as a Syphilis Screening Test.
2-s2.0-85016179903,Scopus,FIND tuberculosis strain bank: A resource for researchers and developers working on tests to detect mycobacterium tuberculosis and related drug resistance,10.1128/JCM.01662-16,Duplicate DOI,10.1128/jcm.01662-16,PMID:28100602,PubMed,FIND Tuberculosis Strain Bank: a Resource for Researchers and Developers Working on Tests To Detect Mycobacterium tuberculosis and Related Drug Resistance.
2-s2.0-85029577241,Scopus,Evaluation of a rapid molecular drug-susceptibility test for tuberculosis,10.1056/NEJMoa1614915,Duplicate DOI,10.1056/nejmoa1614915,PMID:28902596,PubMed,Evaluation of a Rapid Molecular Drug-Susceptibility Test for Tuberculosis.
2-s2.0-85021263784,Scopus,Evaluation of the accelerate pheno system for fast identification and antimicrobial susceptibility testing from positive blood cultures in bloodstream infections caused by gram-negative pathogens,10.1128/JCM.00181-17,Duplicate DOI,10.1128/jcm.00181-17,PMID:28446572,PubMed,Evaluation of the Accelerate Pheno System for Fast Identification and Antimicrobial Susceptibility Testing from Positive Blood Cultures in Bloodstream Infections Caused by Gram-Negative Pathogens.
2-s2.0-85034746957,Scopus,Development of MAST: A Microscopy-Based Antimicrobial Susceptibility Testing Platform,10.1177/2472630317727721,Duplicate DOI,10.1177/2472630317727721,PMID:28837780,PubMed,Development of MAST: A Microscopy-Based Antimicrobial Susceptibility Testing Platform.
2-s2.0-85021303877,Scopus,Evaluation of aptima zika virus assay,10.1128/JCM.00603-17,Duplicate DOI,10.1128/jcm.00603-17,PMID:28468854,PubMed,Evaluation of Aptima Zika Virus Assay.
2-s2.0-85026227570,Scopus,A comparison study between GeXP-based multiplex-PCR and serology assay for Mycoplasma pneumoniae detection in children with community acquired pneumonia,10.1186/s12879-017-2614-3,Duplicate DOI,10.1186/s12879-017-2614-3,PMID:28743259,PubMed,A comparison study between GeXP-based multiplex-PCR and serology assay for Mycoplasma pneumoniae detection in children with community acquired pneumonia.
2-s2.0-85021407021,Scopus,Antimicrobial activity evaluation and comparison of methods of susceptibility for Klebsiella pneumoniae carbapenemase (KPC)-producing Enterobacter spp. isolates,10.1016/j.bjm.2017.01.008,Duplicate DOI,10.1016/j.bjm.2017.01.008,PMID:28552659,PubMed,Antimicrobial activity evaluation and comparison of methods of susceptibility for Klebsiella pneumoniae carbapenemase (KPC)-producing Enterobacter spp. isolates.
2-s2.0-85026859794,Scopus,Performance of the cobas MRSA/SA Test for Simultaneous Detection of Methicillin-Susceptible and Methicillin-Resistant Staphylococcus aureus from Nasal Swabs,10.1093/ajcp/aqx040,Duplicate DOI,10.1093/ajcp/aqx040,PMID:28898981,PubMed,Performance of the cobas MRSA/SA Test for Simultaneous Detection of Methicillin-Susceptible and Methicillin-Resistant Staphylococcus aureus From Nasal Swabs.
2-s2.0-85048160195,Scopus,Evaluation of the luminex ARIES HSV 1&2 assay and comparison with the FTD neuro 9 and in-house real-time PCR assays for detecting herpes simplex viruses,10.3343/alm.2018.38.5.440,Duplicate DOI,10.3343/alm.2018.38.5.440,PMID:29797814,PubMed,Evaluation of the Luminex ARIES HSV 1&2 Assay and Comparison with the FTD Neuro 9 and In-house Real-Time PCR Assays for Detecting Herpes Simplex Viruses.
2-s2.0-85027164918,Scopus,Towards the early detection of β-lactamase-producing Enterobacteriaceae by MALDI-TOF MS analysis,10.1093/jac/dkx127,Duplicate DOI,10.1093/jac/dkx127,PMID:28444315,PubMed,Towards the early detection of β-lactamase-producing Enterobacteriaceae by MALDI-TOF MS analysis.
2-s2.0-85032458243,Scopus,French prospective clinical evaluation of the aptima mycoplasma genitalium ceivd assay and macrolide resistance detection using three distinct assays,10.1128/JCM.00579-17,Duplicate DOI,10.1128/jcm.00579-17,PMID:28794183,PubMed,French Prospective Clinical Evaluation of the Aptima Mycoplasma genitalium CE-IVD Assay and Macrolide Resistance Detection Using Three Distinct Assays.
2-s2.0-85037029767,Scopus,Peritoneal cavity lavage reduces the presence of mitochondrial damage associated molecular patterns in open abdomen patients,10.1097/TA.0000000000001676,Duplicate DOI,10.1097/ta.0000000000001676,PMID:28806285,PubMed,Peritoneal cavity lavage reduces the presence of mitochondrial damage associated molecular patterns in open abdomen patients.
2-s2.0-85026826522,Scopus,In vitro characteristics of an Atlantic salmon (Salmo salar L.) hind gut microbial community in relation to different dietary treatments,10.1016/j.resmic.2017.07.003,Duplicate DOI,10.1016/j.resmic.2017.07.003,PMID:28728852,PubMed,In vitro characteristics of an Atlantic salmon (Salmo salar L.) hind gut microbial community in relation to different dietary treatments.
2-s2.0-85019964893,Scopus,Enhancing Comparative Effectiveness Research With Automated Pediatric Pneumonia Detection in a Multi-Institutional Clinical Repository:A PHIS+ Pilot Study,10.2196/jmir.6887,Duplicate DOI,10.2196/jmir.6887,PMID:28506958,PubMed,Enhancing Comparative Effectiveness Research With Automated Pediatric Pneumonia Detection in a Multi-Institutional Clinical Repository: A PHIS+ Pilot Study.
2-s2.0-84966376429,Scopus,An embedded microretroreflector-based microfluidic immunoassay platform,10.1039/c6lc00038j,Duplicate DOI,10.1039/c6lc00038j,PMID:27025227,PubMed,An embedded microretroreflector-based microfluidic immunoassay platform.
2-s2.0-84961885084,Scopus,Bacterial and fungal contamination risks in human oocyte and embryo cryopreservation: open versus closed vitrification systems,10.1016/j.fertnstert.2016.03.024,Duplicate DOI,10.1016/j.fertnstert.2016.03.024,PMID:27025548,PubMed,Bacterial and fungal contamination risks in human oocyte and embryo cryopreservation: open versus closed vitrification systems.
2-s2.0-84962539419,Scopus,Rapid detection of vancomycin-intermediate staphylococcus aureus by matrix-assisted laser desorption ionization-time of flight mass spectrometry,10.1128/JCM.02428-15,Duplicate DOI,10.1128/jcm.02428-15,PMID:26763961,PubMed,Rapid Detection of Vancomycin-Intermediate Staphylococcus aureus by Matrix-Assisted Laser Desorption Ionization-Time of Flight Mass Spectrometry.
2-s2.0-84959471468,Scopus,Synergy of β-Lactams with Vancomycin against Methicillin-Resistant Staphylococcus aureus: Correlation of Disk Diffusion and Checkerboard Methods,10.1128/JCM.01779-15,Duplicate DOI,10.1128/jcm.01779-15,PMID:26677253,PubMed,Synergy of β-Lactams with Vancomycin against Methicillin-Resistant Staphylococcus aureus: Correlation of Disk Diffusion and Checkerboard Methods.
2-s2.0-84969749902,Scopus,Ribosomal RNA-based panbacterial polymerase chain reaction for rapid diagnosis of septicaemia in Intensive Care Unit patients,10.4103/0255-0857.180351,Duplicate DOI,10.4103/0255-0857.180351,PMID:27080778,PubMed,Ribosomal RNA-based panbacterial polymerase chain reaction for rapid diagnosis of septicaemia in Intensive Care Unit patients.
2-s2.0-84979555481,Scopus,Rapid drug susceptibility testing of drug-resistant mycobacterium tuberculosis isolates directly from clinical samples by use of amplicon sequencing: A proof-of-concept study,10.1128/JCM.00535-16,Duplicate DOI,10.1128/jcm.00535-16,PMID:27225403,PubMed,Rapid Drug Susceptibility Testing of Drug-Resistant Mycobacterium tuberculosis Isolates Directly from Clinical Samples by Use of Amplicon Sequencing: a Proof-of-Concept Study.
2-s2.0-84992520731,Scopus,Intrinsic Defect in Keratinocyte Function Leads to Inflammation in Hidradenitis Suppurativa,10.1016/j.jid.2016.04.036,Duplicate DOI,10.1016/j.jid.2016.04.036,PMID:27206704,PubMed,Intrinsic Defect in Keratinocyte Function Leads to Inflammation in Hidradenitis Suppurativa.
2-s2.0-84959505663,Scopus,Automated Scoring of Chromogenic Media for Detection of Methicillin-Resistant Staphylococcus aureus by Use of WASPLab Image Analysis Software,10.1128/JCM.02778-15,Duplicate DOI,10.1128/jcm.02778-15,PMID:26719443,PubMed,Automated Scoring of Chromogenic Media for Detection of Methicillin-Resistant Staphylococcus aureus by Use of WASPLab Image Analysis Software.
2-s2.0-84991204308,Scopus,Evaluation of semiautomated IS6110-based restriction fragment length polymorphism typing for Mycobacterium tuberculosis in a high-burden setting,10.1128/JCM.00408-16,Duplicate DOI,10.1128/jcm.00408-16,PMID:27487956,PubMed,Evaluation of Semiautomated IS6110-Based Restriction Fragment Length Polymorphism Typing for Mycobacterium tuberculosis in a High-Burden Setting.
2-s2.0-84959545098,Scopus,Comprehensive real-time epidemiological data from respiratory infections in Finland between 2010 and 2014 obtained from an automated and multianalyte mariPOC® respiratory pathogen test,10.1007/s10096-015-2553-0,Duplicate DOI,10.1007/s10096-015-2553-0,PMID:26740322,PubMed,Comprehensive real-time epidemiological data from respiratory infections in Finland between 2010 and 2014 obtained from an automated and multianalyte mariPOC® respiratory pathogen test.
2-s2.0-84965140022,Scopus,Evaluation of a fully automated research prototype for the immediate identification of microorganisms from positive blood cultures under clinical conditions,10.1128/mBio.00491-16,Duplicate DOI,10.1128/mbio.00491-16,PMID:27094332,PubMed,Evaluation of a Fully Automated Research Prototype for the Immediate Identification of Microorganisms from Positive Blood Cultures under Clinical Conditions.
2-s2.0-84946832819,Scopus,Assessing the performance of novel software Strain Solution on automated discrimination of Escherichia coli serotypes and their mixtures using matrix-assisted laser desorption ionization-time of flight mass spectrometry,10.1016/j.mimet.2015.11.005,Duplicate DOI,10.1016/j.mimet.2015.11.005,PMID:26554940,PubMed,Assessing the performance of novel software Strain Solution on automated discrimination of Escherichia coli serotypes and their mixtures using matrix-assisted laser desorption ionization-time of flight mass spectrometry.
2-s2.0-84962498997,Scopus,Automated broad-range molecular detection of bacteria in clinical samples,10.1128/JCM.02886-15,Duplicate DOI,10.1128/jcm.02886-15,PMID:26763956,PubMed,Automated Broad-Range Molecular Detection of Bacteria in Clinical Samples.
2-s2.0-84989939029,Scopus,Differential production of Type I IFN Determines the Reciprocal Levels of IL-10 and proinflammatory cytokines produced by C57BL/6 and BALB/c macrophages,10.4049/jimmunol.1501923,Duplicate DOI,10.4049/jimmunol.1501923,PMID:27549173,PubMed,Differential Production of Type I IFN Determines the Reciprocal Levels of IL-10 and Proinflammatory Cytokines Produced by C57BL/6 and BALB/c Macrophages.
2-s2.0-84958156899,Scopus,Comparison of automated treponemal and nontreponemal test algorithms as first-line syphilis screening assays,10.3343/alm.2016.36.1.23,Duplicate DOI,10.3343/alm.2016.36.1.23,PMID:26522755,PubMed,Comparison of automated treponemal and nontreponemal test algorithms as first-line syphilis screening assays.
2-s2.0-84965020606,Scopus,Comparison of independent and dependent culture methods for the detection of transient bacteremia in diabetic subjects with chronic periodontitis,10.7705/biomedica.v36i1.2674,Duplicate DOI,10.7705/biomedica.v36i1.2674,PMID:27622449,PubMed,Comparison of independent and dependent culture methods for the detection of transient bacteremia in diabetic subjects with chronic periodontitis.
2-s2.0-84983631354,Scopus,Evaluation of elecsys syphilis assay for routine and blood screening and detection of early infection,10.1128/JCM.02544-15,Duplicate DOI,10.1128/jcm.02544-15,PMID:27358468,PubMed,Evaluation of Elecsys Syphilis Assay for Routine and Blood Screening and Detection of Early Infection.
2-s2.0-85006802837,Scopus,"ProClaT, a new bioinformatics tool for in silico protein reclassification: Case study of DraB, a protein coded from the draTGB operon in Azospirillum brasilense",10.1186/s12859-016-1338-5,Duplicate DOI,10.1186/s12859-016-1338-5,PMID:28105917,PubMed,"ProClaT, a new bioinformatics tool for in silico protein reclassification: case study of DraB, a protein coded from the draTGB operon in Azospirillum brasilense."
2-s2.0-84992046676,Scopus,Naphthoquinone glycosides for bioelectroanalytical enumeration of the faecal indicator Escherichia coli,10.1111/1751-7915.12373,Duplicate DOI,10.1111/1751-7915.12373,PMID:27364994,PubMed,Naphthoquinone glycosides for bioelectroanalytical enumeration of the faecal indicator Escherichia coli.
2-s2.0-84988433738,Scopus,Comparison of methods for the identification of microorganisms isolated from blood cultures,10.1186/s12941-016-0158-9,Duplicate DOI,10.1186/s12941-016-0158-9,PMID:27496125,PubMed,Comparison of methods for the identification of microorganisms isolated from blood cultures.
2-s2.0-84960421328,Scopus,Procalcitonin (PCT) levels for ruling-out bacterial coinfection in ICU patients with influenza: A CHAID decision-tree analysis,10.1016/j.jinf.2015.11.007,Duplicate DOI,10.1016/j.jinf.2015.11.007,PMID:26702737,PubMed,Procalcitonin (PCT) levels for ruling-out bacterial coinfection in ICU patients with influenza: A CHAID decision-tree analysis.
2-s2.0-84959468618,Scopus,Performance of Copan WASP for Routine Urine Microbiology,10.1128/JCM.02577-15,Duplicate DOI,10.1128/jcm.02577-15,PMID:26677255,PubMed,Performance of Copan WASP for Routine Urine Microbiology.
2-s2.0-85039153870,Scopus,A Predictive Model to Classify Undifferentiated Fever Cases Based on Twenty-Four-Hour Continuous Tympanic Temperature Recording,10.1155/2017/5707162,Duplicate DOI,10.1155/2017/5707162,PMID:29359037,PubMed,A Predictive Model to Classify Undifferentiated Fever Cases Based on Twenty-Four-Hour Continuous Tympanic Temperature Recording.
2-s2.0-84983646580,Scopus,Development of a real-time PCR protocol requiring minimal handling for detection of vancomycin-resistant enterococci with the fully automated bd max system,10.1128/JCM.00768-16,Duplicate DOI,10.1128/jcm.00768-16,PMID:27358466,PubMed,Development of a Real-Time PCR Protocol Requiring Minimal Handling for Detection of Vancomycin-Resistant Enterococci with the Fully Automated BD Max System.
2-s2.0-84996489749,Scopus,Quantitative assessment of pancreatic cancer precursor lesions in IHC-stained tissue with a tissue image analysis platform,10.1038/labinvest.2016.111,Duplicate DOI,10.1038/labinvest.2016.111,PMID:27775692,PubMed,Quantitative assessment of pancreatic cancer precursor lesions in IHC-stained tissue with a tissue image analysis platform.
2-s2.0-85005939243,Scopus,Early detection of diabetic neuropathy by investigating CNFL and IENFD in thy1-YFP mice,10.1530/JOE-16-0284,Duplicate DOI,10.1530/joe-16-0284,PMID:27601446,PubMed,Early detection of diabetic neuropathy by investigating CNFL and IENFD in thy1-YFP mice.
2-s2.0-85003475345,Scopus,Microbial phenomics information extractor (MicroPIE): A natural language processing tool for the automated acquisition of prokaryotic phenotypic characters from text sources,10.1186/s12859-016-1396-8,Duplicate DOI,10.1186/s12859-016-1396-8,PMID:27955641,PubMed,Microbial phenomics information extractor (MicroPIE): a natural language processing tool for the automated acquisition of prokaryotic phenotypic characters from text sources.
2-s2.0-84962473595,Scopus,The combined-disk boronic acid test as an accurate strategy for the detection of KPC carbapenemase in Central America,10.3855/jidc.7213,Duplicate DOI,10.3855/jidc.7213,PMID:27031462,PubMed,The combined-disk boronic acid test as an accurate strategy for the detection of KPC carbapenemase in Central America.
2-s2.0-84994626946,Scopus,An appropriately performed conventional blood culture can facilitate choice of therapy in resource-constrained settings-comparison with BACTEC 9050,10.4103/0022-3859.184958,Duplicate DOI,10.4103/0022-3859.184958,PMID:27763479,PubMed,An appropriately performed conventional blood culture can facilitate choice of therapy in resource-constrained settings-comparison with BACTEC 9050.
2-s2.0-84971647367,Scopus,Can procalcitonin be a diagnostic marker for catheter-related blood stream infection in children?; [A procalcitonina pode ser um marcador de diagnóstico de infecções de corrente sanguínea relacionadas a cateter em crianças?],10.1016/j.jped.2015.11.004,Duplicate DOI,10.1016/j.jped.2015.11.004,PMID:27131015,PubMed,Can procalcitonin be a diagnostic marker for catheter-related blood stream infection in children?
2-s2.0-84958554809,Scopus,"On-chip acoustophoretic isolation of microflora including S. typhimurium from raw chicken, beef and blood samples",10.1016/j.mimet.2016.01.016,Duplicate DOI,10.1016/j.mimet.2016.01.016,PMID:26835844,PubMed,"On-chip acoustophoretic isolation of microflora including S. typhimurium from raw chicken, beef and blood samples."
2-s2.0-84964922359,Scopus,Application of alternative nucleic acid extraction protocols to ProGastro SSCS assay for detection of bacterial enteric pathogens,10.1128/JCM.00271-16,Duplicate DOI,10.1128/jcm.00271-16,PMID:26935731,PubMed,Application of Alternative Nucleic Acid Extraction Protocols to ProGastro SSCS Assay for Detection of Bacterial Enteric Pathogens.
2-s2.0-84992411284,Scopus,Upregulation of IFN-inducible and damage-response pathways in chronic graft-versus-host disease,10.4049/jimmunol.1601054,Duplicate DOI,10.4049/jimmunol.1601054,PMID:27694491,PubMed,Upregulation of IFN-Inducible and Damage-Response Pathways in Chronic Graft-versus-Host Disease.
2-s2.0-84955711243,Scopus,Gene expression profiling in necrotizing enterocolitis reveals pathways common to those reported in Crohn's disease,10.1186/s12920-016-0166-9,Duplicate DOI,10.1186/s12920-016-0166-9,PMID:26801768,PubMed,Gene expression profiling in necrotizing enterocolitis reveals pathways common to those reported in Crohn's disease.
2-s2.0-84961189503,Scopus,National epidemiology of carbapenem-resistant and extensively drug-resistant Gram-negative bacteria isolated from blood samples in China in 2013,10.1016/j.cmi.2015.09.015,Duplicate DOI,10.1016/j.cmi.2015.09.015,PMID:26846351,PubMed,National epidemiology of carbapenem-resistant and extensively drug-resistant Gram-negative bacteria isolated from blood samples in China in 2013.
2-s2.0-84997784963,Scopus,Evaluation of the Abbott RealTime MTB and RealTime MTB INH/RIF assays for direct detection of mycobacterium tuberculosis complex and resistance markers in respiratory and extrapulmonary specimens,10.1128/JCM.01144-16,Duplicate DOI,10.1128/jcm.01144-16,PMID:27733630,PubMed,Evaluation of the Abbott RealTime MTB and RealTime MTB INH/RIF Assays for Direct Detection of Mycobacterium tuberculosis Complex and Resistance Markers in Respiratory and Extrapulmonary Specimens.
2-s2.0-84995520610,Scopus,Molecular detection of fluoroquinolone resistance-associated gyrA mutations in ofloxacin-resistant clinical isolates of Mycobacterium tuberculosis from Iran and Belarus,10.1016/j.ijmyco.2016.07.004,Duplicate DOI,10.1016/j.ijmyco.2016.07.004,PMID:27847014,PubMed,Molecular detection of fluoroquinolone resistance-associated gyrA mutations in ofloxacin-resistant clinical isolates of Mycobacterium tuberculosis from Iran and Belarus.
2-s2.0-84991216241,Scopus,Automatic digital analysis of chromogenic media for vancomycin-resistant-enterococcus screens using Copan WASPLab,10.1128/JCM.01040-16,Duplicate DOI,10.1128/jcm.01040-16,PMID:27413193,PubMed,Automatic Digital Analysis of Chromogenic Media for Vancomycin-Resistant-Enterococcus Screens Using Copan WASPLab.
2-s2.0-84992389425,Scopus,Comparison of PCR-electrospray ionization mass spectrometry with 16S rRNA PCR and amplicon sequencing for detection of bacteria in excised heart valves,10.1128/JCM.01240-16,Duplicate DOI,10.1128/jcm.01240-16,PMID:27629895,PubMed,Comparison of PCR-Electrospray Ionization Mass Spectrometry with 16S rRNA PCR and Amplicon Sequencing for Detection of Bacteria in Excised Heart Valves.
2-s2.0-84951299622,Scopus,Evaluation of a new serological test for the detection of anti-Coxiella and anti-Rickettsia antibodies,10.1016/j.micinf.2015.09.015,Duplicate DOI,10.1016/j.micinf.2015.09.015,PMID:26432518,PubMed,Evaluation of a new serological test for the detection of anti-Coxiella and anti-Rickettsia antibodies.
2-s2.0-84944339989,Scopus,Development of Self-Compressing BLSOM for Comprehensive Analysis of Big Sequence Data,10.1155/2015/506052,Duplicate DOI,10.1155/2015/506052,PMID:26495297,PubMed,Development of self-compressing BLSOM for comprehensive analysis of big sequence data.
2-s2.0-84918548504,Scopus,IS6110-5'3'FP: An automated typing approach for Mycobacterium tuberculosis complex strains simultaneously targeting and resolving IS6110 5' and 3' polymorphisms,10.1016/j.ijid.2014.10.004,Duplicate DOI,10.1016/j.ijid.2014.10.004,PMID:25447727,PubMed,IS6110-5'3'FP: an automated typing approach for Mycobacterium tuberculosis complex strains simultaneously targeting and resolving IS6110 5' and 3' polymorphisms.
2-s2.0-84938118582,Scopus,Identification of gram-negative bacteria and genetic resistance determinants from positive blood culture broths by use of the verigene gram-negative blood culture multiplex microarray-based molecular assay,10.1128/JCM.00581-15,Duplicate DOI,10.1128/jcm.00581-15,PMID:25994165,PubMed,Identification of Gram-Negative Bacteria and Genetic Resistance Determinants from Positive Blood Culture Broths by Use of the Verigene Gram-Negative Blood Culture Multiplex Microarray-Based Molecular Assay.
2-s2.0-84921751989,Scopus,First experience of a multicenter external quality assessment of molecular 16S rRNA gene detection in bone and joint infections,10.1128/JCM.02413-14,Duplicate DOI,10.1128/jcm.02413-14,PMID:25411177,PubMed,First experience of a multicenter external quality assessment of molecular 16S rRNA gene detection in bone and joint infections.
2-s2.0-84931568011,Scopus,The presence of a galactosamine substituent on the arabinogalactan of Mycobacterium tuberculosis abrogates full maturation of human peripheral blood monocyte-derived dendritic cells and increases secretion of IL-10,10.1016/j.tube.2015.04.002,Duplicate DOI,10.1016/j.tube.2015.04.002,PMID:26048627,PubMed,The presence of a galactosamine substituent on the arabinogalactan of Mycobacterium tuberculosis abrogates full maturation of human peripheral blood monocyte-derived dendritic cells and increases secretion of IL-10.
2-s2.0-84947420614,Scopus,Characterization of Klebsiella isolates by matrix-assisted laser desorption/ionization time-of-flight mass spectrometry (MALDI-TOF MS) and determination of antimicrobial resistance with VITEK 2 advanced expert system (AES),10.3906/sag-1401-32,Duplicate DOI,10.3906/sag-1401-32,PMID:26775392,PubMed,Characterization of Klebsiella isolates by matrix-assisted laser desorption/ionization time-of-flight mass spectrometry (MALDI-TOF MS) and determination of antimicrobial resistance with VITEK 2 advanced expert system (AES).
2-s2.0-84952649002,Scopus,"Oligonucleotide PIK3CA/chromosome 3 dual in situ hybridization automated assay with improved signals, one-hour hybridization, and no use of blocking DNA",10.1016/j.jmoldx.2015.04.007,Duplicate DOI,10.1016/j.jmoldx.2015.04.007,PMID:26163898,PubMed,"Oligonucleotide PIK3CA/Chromosome 3 Dual in Situ Hybridization Automated Assay with Improved Signals, One-Hour Hybridization, and No Use of Blocking DNA."
2-s2.0-84938589058,Scopus,The Focinator - a new open-source tool for high-throughput foci evaluation of DNA damage,10.1186/s13014-015-0453-1,Duplicate DOI,10.1186/s13014-015-0453-1,PMID:26238507,PubMed,The Focinator - a new open-source tool for high-throughput foci evaluation of DNA damage.
2-s2.0-84923073842,Scopus,Automated structural comparisons clarify the phylogeny of the right-hand-shaped polymerases,10.1093/molbev/msu219,Duplicate DOI,10.1093/molbev/msu219,PMID:25063440,PubMed,Automated structural comparisons clarify the phylogeny of the right-hand-shaped polymerases.
2-s2.0-85019209271,Scopus,PredSTP: A highly accurate SVM based model to predict sequential cystine stabilized peptides,10.1186/s12859-015-0633-x,Duplicate DOI,10.1186/s12859-015-0633-x,2-s2.0-84934764993,Scopus,PredSTP: A highly accurate SVM based model to predict sequential cystine stabilized peptides
2-s2.0-84920547351,Scopus,Evaluation of matrix-assisted laser desorption ionization-time of flight mass spectrometry-based VITEK MS system for the identification of acinetobacter species from blood cultures: Comparison with VITEK 2 and MicroScan systems,10.3343/alm.2015.35.1.62,Duplicate DOI,10.3343/alm.2015.35.1.62,PMID:25553282,PubMed,Evaluation of matrix-assisted laser desorption ionization-time of flight mass spectrometry-based VITEK MS system for the identification of Acinetobacter species from blood cultures: comparison with VITEK 2 and MicroScan systems.
2-s2.0-84906925686,Scopus,A comparison of conventional methods for the quantification of bacterial cells after exposure to metal oxide nanoparticles,10.1186/s12866-014-0222-6,Duplicate DOI,10.1186/s12866-014-0222-6,PMID:25138641,PubMed,A comparison of conventional methods for the quantification of bacterial cells after exposure to metal oxide nanoparticles.
2-s2.0-85012066458,Scopus,Comparative geometrical analysis of leucine-rich repeat structures in the NOD-like and Toll-like receptors in vertebrate innate immunity,10.3390/biom5031955,Duplicate DOI,10.3390/biom5031955,PMID:26295267,PubMed,Comparative Geometrical Analysis of Leucine-Rich Repeat Structures in the Nod-Like and Toll-Like Receptors in Vertebrate Innate Immunity.
2-s2.0-84925136978,Scopus,Differentiation between staphylococcus aureus and coagulase-negative staphylococcus species by real-time pcr including detection of methicillin resistants in comparison to conventional microbiology testing,10.1002/jcla.21739,Duplicate DOI,10.1002/jcla.21739,PMID:24796889,PubMed,Differentiation between Staphylococcus aureus and coagulase-negative Staphylococcus species by real-time PCR including detection of methicillin resistants in comparison to conventional microbiology testing.
2-s2.0-84928017396,Scopus,"Matrix-assisted laser desorption ionization-time of flight mass spectrometry meropenem hydrolysis assay with NH4HCO3, a reliable tool for direct detection of carbapenemase activity",10.1128/JCM.03094-14,Duplicate DOI,10.1128/jcm.03094-14,PMID:25694522,PubMed,"Matrix-assisted laser desorption ionization-time of flight mass spectrometry meropenem hydrolysis assay with NH4HCO3, a reliable tool for direct detection of carbapenemase activity."
2-s2.0-84937730536,Scopus,Crystal structure of the C-terminal domain of mouse TLR9,10.1002/prot.24616,Duplicate DOI,10.1002/prot.24616,PMID:24888966,PubMed,Crystal structure of the C-terminal domain of mouse TLR9.
2-s2.0-84921766593,Scopus,Assembly-free genome comparison based on next-generation sequencing reads and variable length patterns,10.1186/1471-2105-15-S9-S1,Duplicate DOI,10.1186/1471-2105-15-s9-s1,PMID:25252700,PubMed,Assembly-free genome comparison based on next-generation sequencing reads and variable length patterns.
2-s2.0-85027940861,Scopus,Dynamic estimation of specific fluxes in metabolic networks using non-linear dynamic optimization,10.1186/s12918-014-0132-0,Duplicate DOI,10.1186/s12918-014-0132-0,PMID:25466625,PubMed,Dynamic estimation of specific fluxes in metabolic networks using non-linear dynamic optimization.
2-s2.0-84930673439,Scopus,Identification of phlebotomine sand flies using one MALDI-TOF MS reference database and two mass spectrometer systems,10.1186/s13071-015-0878-2,Duplicate DOI,10.1186/s13071-015-0878-2,PMID:25957576,PubMed,Identification of phlebotomine sand flies using one MALDI-TOF MS reference database and two mass spectrometer systems.
2-s2.0-84928024700,Scopus,Improved diagnosis of orthopedic implant-associated infection by inoculation of sonication fluid into blood culture bottles,10.1128/JCM.03683-14,Duplicate DOI,10.1128/jcm.03683-14,PMID:25740775,PubMed,Improved diagnosis of orthopedic implant-associated infection by inoculation of sonication fluid into blood culture bottles.
2-s2.0-84908009051,Scopus,Distribution of different yeasts isolates among trauma patients and comparison of accuracy in identification of yeasts by automated method versus conventional methods for better use in low resource countries,10.4103/0255-0857.142243,Duplicate DOI,10.4103/0255-0857.142243,PMID:25297023,PubMed,Distribution of different yeasts isolates among trauma patients and comparison of accuracy in identification of yeasts by automated method versus conventional methods for better use in low resource countries.
2-s2.0-84928183832,Scopus,Revisiting susceptibility testing in MDR-TB by a standardized quantitative phenotypic assessment in a European multicentre study,10.1093/jac/dku438,Duplicate DOI,10.1093/jac/dku438,PMID:25587993,PubMed,Revisiting susceptibility testing in MDR-TB by a standardized quantitative phenotypic assessment in a European multicentre study.
2-s2.0-84908021299,Scopus,Rapid and accurate detection of rifampin and isoniazid-resistant Mycobacterium tuberculosis using an oligonucleotide array,10.1111/1469-0691.12517,Duplicate DOI,10.1111/1469-0691.12517,PMID:24372766,PubMed,Rapid and accurate detection of rifampin and isoniazid-resistant Mycobacterium tuberculosis using an oligonucleotide array.
2-s2.0-84924416251,Scopus,Evaluation of fluorescence in situ hybridisation (FISH) for the detection of fungi directly from blood cultures and cerebrospinal fluid from patients with suspected invasive mycoses,10.1186/s12941-015-0065-5,Duplicate DOI,10.1186/s12941-015-0065-5,PMID:25637361,PubMed,Evaluation of fluorescence in situ hybridisation (FISH) for the detection of fungi directly from blood cultures and cerebrospinal fluid from patients with suspected invasive mycoses.
2-s2.0-84929323653,Scopus,"Comparison of the Vidas C. difficile GDH automated enzyme-linked fluorescence immunoassay (ELFA) with another commercial enzyme immunoassay (EIA) (Quik Chek-60), two selective media, and a PCR assay for gluD for detection of Clostridium difficile in fecal samples",10.1128/JCM.00649-15,Duplicate DOI,10.1128/jcm.00649-15,PMID:25788549,PubMed,"Comparison of the Vidas C. difficile GDH Automated Enzyme-Linked Fluorescence Immunoassay (ELFA) with Another Commercial Enzyme Immunoassay (EIA) (Quik Chek-60), Two Selective Media, and a PCR Assay for gluD for Detection of Clostridium difficile in Fecal Samples."
2-s2.0-84940459574,Scopus,"Analytical and clinical performance of Abbott RealTime MTB, an assay for detection of Mycobacterium tuberculosis in pulmonary specimens",10.1016/j.tube.2015.05.010,Duplicate DOI,10.1016/j.tube.2015.05.010,PMID:26119174,PubMed,"Analytical and clinical performance of Abbott RealTime MTB, an assay for detection of Mycobacterium tuberculosis in pulmonary specimens."
2-s2.0-84893190677,Scopus,Evaluation of Fluorotype MTB for detection of Mycobacterium tuberculosis complex DNA in clinical specimens from a low-incidence country,10.1186/1471-2334-14-59,Duplicate DOI,10.1186/1471-2334-14-59,PMID:24498967,PubMed,Evaluation of Fluorotype MTB for detection of Mycobacterium tuberculosis complex DNA in clinical specimens from a low-incidence country.
2-s2.0-84880933759,Scopus,Comparison of laboratory costs of rapid molecular tests and conventional diagnostics for detection of tuberculosis and drug-resistant tuberculosis in South Africa,10.1186/1471-2334-13-352,Duplicate DOI,10.1186/1471-2334-13-352,PMID:23895665,PubMed,Comparison of laboratory costs of rapid molecular tests and conventional diagnostics for detection of tuberculosis and drug-resistant tuberculosis in South Africa.
2-s2.0-84878184870,Scopus,Evaluation of the fully automated BD MAX Cdiff and Xpert C. difficile assays for direct detection of Clostridium difficile in stool specimens,10.1128/JCM.00344-13,Duplicate DOI,10.1128/jcm.00344-13,PMID:23515539,PubMed,Evaluation of the fully automated BD MAX Cdiff and Xpert C. difficile assays for direct detection of Clostridium difficile in stool specimens.
2-s2.0-84907571803,Scopus,Sensitivity and specificity of a rapid point-of-care test for active yaws: A comparative study,10.1016/S2214-109X(14)70231-1,Duplicate DOI,10.1016/s2214-109x(14)70231-1,PMID:25103395,PubMed,Sensitivity and specificity of a rapid point-of-care test for active yaws: a comparative study.
2-s2.0-84908689540,Scopus,Learning multi-tree classification models with ant colony optimization,10.5220/0005071300380048,Duplicate DOI,10.5220/0005071300380048,2-s2.0-105001918859,Scopus,Learning Multi-tree Classification Models with Ant Colony Optimization
2-s2.0-84905230937,Scopus,Detection of significant bacteriuria by use of the iQ200 automated urine microscope,10.1128/JCM.00112-14,Duplicate DOI,10.1128/jcm.00112-14,PMID:24871218,PubMed,Detection of significant bacteriuria by use of the iQ200 automated urine microscope.
2-s2.0-84882775813,Scopus,Reliability of automated biochemical identification of Burkholderia pseudomallei is regionally dependent,10.1128/JCM.01290-13,Duplicate DOI,10.1128/jcm.01290-13,PMID:23784129,PubMed,Reliability of automated biochemical identification of Burkholderia pseudomallei is regionally dependent.
2-s2.0-84898416879,Scopus,Comparative evaluation of six phenotypic methods for detecting extended-spectrum beta-lactamase-producing Enterobacteriaceae,10.3855/jidc.4052,Duplicate DOI,10.3855/jidc.4052,PMID:24727505,PubMed,Comparative evaluation of six phenotypic methods for detecting extended-spectrum beta-lactamase-producing Enterobacteriaceae.
2-s2.0-84893756927,Scopus,Evaluation of MolYsis™ Complete5 DNA extraction method for detecting Staphylococcus aureus DNA from whole blood in a sepsis model using PCR/pyrosequencing,10.1016/j.mimet.2014.01.013,Duplicate DOI,10.1016/j.mimet.2014.01.013,PMID:24503182,PubMed,Evaluation of MolYsis™ Complete5 DNA extraction method for detecting Staphylococcus aureus DNA from whole blood in a sepsis model using PCR/pyrosequencing.
2-s2.0-84893750026,Scopus,Performance of an automated multiplex immunofluorescence assay for detection of Chlamydia trachomatis immunoglobulin G,10.1016/j.diagmicrobio.2013.11.022,Duplicate DOI,10.1016/j.diagmicrobio.2013.11.022,PMID:24365033,PubMed,Performance of an automated multiplex immunofluorescence assay for detection of Chlamydia trachomatis immunoglobulin G.
2-s2.0-84921683840,Scopus,Laboratory and pilot-scale dead-end ultrafiltration concentration of sanitizer-free and chlorinated lettuce wash water for improved detection of Escherichia coli O157:H7,10.4315/0362-028X.JFP-13-421,Duplicate DOI,10.4315/0362-028x.jfp-13-421,PMID:25198586,PubMed,Laboratory and pilot-scale dead-end ultrafiltration concentration of sanitizer-free and chlorinated lettuce wash water for improved detection of Escherichia coli O157:H7.
2-s2.0-84886485685,Scopus,Detection of QT prolongation through approximation of the T wave on gaussian mixture modeling,10.1253/circj.CJ-13-0490,Duplicate DOI,10.1253/circj.cj-13-0490,PMID:23986028,PubMed,Detection of QT prolongation through approximation of the T wave on Gaussian mixture modeling.
2-s2.0-84888197958,Scopus,An effective method for segmentation of MR brain images using the ant colony optimization algorithm,10.1007/s10278-013-9596-5,Duplicate DOI,10.1007/s10278-013-9596-5,PMID:23563793,PubMed,An effective method for segmentation of MR brain images using the ant colony optimization algorithm.
2-s2.0-84896776558,Scopus,Time to detection of Mycobacterium tuberculosis using the MGIT 320 system correlates with colony counting in preclinical testing of new vaccines,10.1128/CVI.00742-13,Duplicate DOI,10.1128/cvi.00742-13,PMID:24371256,PubMed,Time to detection of Mycobacterium tuberculosis using the MGIT 320 system correlates with colony counting in preclinical testing of new vaccines.
2-s2.0-84883798046,Scopus,Proteolytic cleavage of the long pentraxin PTX3 in the airways of cystic fibrosis patients,10.1177/1753425913476741,Duplicate DOI,10.1177/1753425913476741,PMID:23475792,PubMed,Proteolytic cleavage of the long pentraxin PTX3 in the airways of cystic fibrosis patients.
2-s2.0-84896360715,Scopus,Comparison between automated system and pcr-based method for identification and antimicrobial susceptibility profile of clinical enterococcus spp; [Comparação entre o sistema automatizado e PCR na identifica ção e susceptibilidade de isolados clínicos de Enterococcus spp.],10.1590/S0036-46652014000200002,Duplicate DOI,10.1590/s0036-46652014000200002,PMID:24626409,PubMed,Comparison between automated system and PCR-based method for identification and antimicrobial susceptibility profile of clinical Enterococcus spp.
2-s2.0-84880585839,Scopus,Evaluation of five susceptibility test methods for detection of tobramycin resistance in a cluster of epidemiologically related Acinetobacter baumannii isolates,10.1128/JCM.03250-12,Duplicate DOI,10.1128/jcm.03250-12,PMID:23698528,PubMed,Evaluation of five susceptibility test methods for detection of tobramycin resistance in a cluster of epidemiologically related Acinetobacter baumannii isolates.
2-s2.0-84904891497,Scopus,Automated design of probes for rRNA-targeted fluorescence in situ hybridization reveals the advantages of using dual probes for accurate identification,10.1128/AEM.01685-14,Duplicate DOI,10.1128/aem.01685-14,PMID:24928876,PubMed,Automated design of probes for rRNA-targeted fluorescence in situ hybridization reveals the advantages of using dual probes for accurate identification.
2-s2.0-84903973901,Scopus,Validation of a fluorescence-based screening concept to identify ribosome assembly defects in Escherichia coli,10.1093/nar/gku381,Duplicate DOI,10.1093/nar/gku381,PMID:24792169,PubMed,Validation of a fluorescence-based screening concept to identify ribosome assembly defects in Escherichia coli.
2-s2.0-84884511452,Scopus,Recognizing short coding sequences of prokaryotic genome using a novel iteratively adaptive sparse partial least squares algorithm,10.1186/1745-6150-8-23,Duplicate DOI,10.1186/1745-6150-8-23,PMID:24067167,PubMed,Recognizing short coding sequences of prokaryotic genome using a novel iteratively adaptive sparse partial least squares algorithm.
2-s2.0-84962122615,Scopus,Toll-like receptors and their contribution to innate immunity: Focus on TLR4 activation by lipopolysaccharide,10.2478/acb-2014-0001,Duplicate DOI,10.2478/acb-2014-0001,2-s2.0-84902378567,Scopus,Toll-like receptors and their contribution to innate immunity: Focus on TLR4 activation by lipopolysaccharide
2-s2.0-84882773386,Scopus,"Evaluation of a new automated homogeneous PCR assay, GenomEra C. difficile, for rapid detection of toxigenic Clostridium difficile in fecal specimens",10.1128/JCM.01083-13,Duplicate DOI,10.1128/jcm.01083-13,PMID:23804386,PubMed,"Evaluation of a new automated homogeneous PCR assay, GenomEra C. difficile, for rapid detection of Toxigenic Clostridium difficile in fecal specimens."
2-s2.0-84897866996,Scopus,Discordant biological and toxicological species responses to TLR3 activation,10.1016/j.ajpath.2013.12.006,Duplicate DOI,10.1016/j.ajpath.2013.12.006,PMID:24486326,PubMed,Discordant biological and toxicological species responses to TLR3 activation.
2-s2.0-84896361510,Scopus,Long-lasting effects of bcg vaccination on both heterologous th1/th17 responses and innate trained immunity,10.1159/000355628,Duplicate DOI,10.1159/000355628,PMID:24192057,PubMed,Long-lasting effects of BCG vaccination on both heterologous Th1/Th17 responses and innate trained immunity.
2-s2.0-84904598630,Scopus,Comparison of Biolog GEN III MicroStation semi-automated bacterial identification system with matrix-assisted laser desorption ionization-time of flight mass spectrometry and 16S ribosomal RNA gene sequencing for the identification of bacteria of veterinary interest,10.1016/j.mimet.2014.07.003,Duplicate DOI,10.1016/j.mimet.2014.07.003,PMID:25014253,PubMed,Comparison of Biolog GEN III MicroStation semi-automated bacterial identification system with matrix-assisted laser desorption ionization-time of flight mass spectrometry and 16S ribosomal RNA gene sequencing for the identification of bacteria of veterinary interest.
2-s2.0-84906857817,Scopus,Improved sensitivity for molecular detection of bacterial and candida infections in blood,10.1128/JCM.00801-14,Duplicate DOI,10.1128/jcm.00801-14,PMID:24951806,PubMed,Improved sensitivity for molecular detection of bacterial and Candida infections in blood.
2-s2.0-84880589858,Scopus,Comparison of five media for detection of extended-spectrum beta-lactamase by use of the Wasp instrument for automated specimen processing,10.1128/JCM.00077-13,Duplicate DOI,10.1128/jcm.00077-13,PMID:23698524,PubMed,Comparison of five media for detection of extended-spectrum Beta-lactamase by use of the wasp instrument for automated specimen processing.
2-s2.0-84886462748,Scopus,Molecular detection of culture-confirmed bacterial bloodstream infections with limited enrichment time,10.1128/JCM.01981-13,Duplicate DOI,10.1128/jcm.01981-13,PMID:23985915,PubMed,Molecular detection of culture-confirmed bacterial bloodstream infections with limited enrichment time.
2-s2.0-84892586947,Scopus,Microbial diversity in fecal samples depends on DNA extraction method: EasyMag DNA extraction compared to QIAamp DNA stool mini kit extraction,10.1186/1756-0500-7-50,Duplicate DOI,10.1186/1756-0500-7-50,PMID:24447346,PubMed,Microbial diversity in fecal samples depends on DNA extraction method: easyMag DNA extraction compared to QIAamp DNA stool mini kit extraction.
2-s2.0-84896705632,Scopus,Detection of Trichomonas vaginalis DNA by use of self-obtained vaginal swabs with the BD ProbeTec Qx assay on the BD Viper system,10.1128/JCM.02966-13,Duplicate DOI,10.1128/jcm.02966-13,PMID:24391200,PubMed,Detection of Trichomonas vaginalis DNA by use of self-obtained vaginal swabs with the BD ProbeTec Qx assay on the BD Viper system.
2-s2.0-84908665874,Scopus,Exploring the impact of different classification quality functions in an ACO algorithm for learning neural network structures,10.5220/0005031301370144,Duplicate DOI,10.5220/0005031301370144,2-s2.0-105001921320,Scopus,Exploring the Impact of Different Classification Quality Functions in an ACO Algorithm for Learning Neural Network Structures
2-s2.0-84904746353,Scopus,Ecological coherence of diversity patterns derived from classical fingerprinting and Next Generation Sequencing techniques,10.1111/1462-2920.12308,Duplicate DOI,10.1111/1462-2920.12308,PMID:24147993,PubMed,Ecological coherence of diversity patterns derived from classical fingerprinting and Next Generation Sequencing techniques.
2-s2.0-84880449476,Scopus,Evaluation of the BioPlex 2200 syphilis system as a first-line method of reverse-sequence screening for syphilis diagnosis,10.1128/CVI.00316-13,Duplicate DOI,10.1128/cvi.00316-13,PMID:23697575,PubMed,Evaluation of the BioPlex 2200 syphilis system as a first-line method of reverse-sequence screening for syphilis diagnosis.
2-s2.0-84908152533,Scopus,Evaluation of methods in detecting vancomycin MIC among MRSA isolates and the changes in accuracy related to different MIC values; [Avaliação de métodos na detecção da MIC de vancomicina e mudanças na acurácia relacionada a diferentes valores de MIC],10.1590/S0036-46652014000600002,Duplicate DOI,10.1590/s0036-46652014000600002,PMID:25351538,PubMed,Evaluation of methods in detecting vancomycin MIC among MRSA isolates and the changes in accuracy related to different MIC values.
2-s2.0-84894538200,Scopus,Rapid ertapenem susceptibility testing and Klebsiella pneumoniae carbapenemase phenotype detection in Klebsiella pneumoniae isolates by use of automated microscopy of immobilized live bacterial cells,10.1128/JCM.03255-13,Duplicate DOI,10.1128/jcm.03255-13,PMID:24391202,PubMed,Rapid ertapenem susceptibility testing and Klebsiella pneumoniae carbapenemase phenotype detection in Klebsiella pneumoniae isolates by use of automated microscopy of immobilized live bacterial cells.
2-s2.0-84899550843,Scopus,"Performance of the EUCAST disk diffusion method, the CLSI agar screen method, and the Vitek 2 automated antimicrobial susceptibility testing system for detection of clinical isolates of enterococci with low- and medium-level VanB-type vancomycin resistance: A multicenter study",10.1128/JCM.03544-13,Duplicate DOI,10.1128/jcm.03544-13,PMID:24599985,PubMed,"Performance of the EUCAST disk diffusion method, the CLSI agar screen method, and the Vitek 2 automated antimicrobial susceptibility testing system for detection of clinical isolates of Enterococci with low- and medium-level VanB-type vancomycin resistance: a multicenter study."
2-s2.0-84905992620,Scopus,The pyrazinamide susceptibility breakpoint above which combination therapy fails,10.1093/jac/dku136,Duplicate DOI,10.1093/jac/dku136,PMID:24821594,PubMed,The pyrazinamide susceptibility breakpoint above which combination therapy fails.
2-s2.0-84855210635,Scopus,Development of sensitive single-round pol or env RT-PCR assays to screen for XMRV in multiple sample types,10.1016/j.jviromet.2011.10.010,Duplicate DOI,10.1016/j.jviromet.2011.10.010,PMID:22057262,PubMed,Development of sensitive single-round pol or env RT-PCR assays to screen for XMRV in multiple sample types.
2-s2.0-84892735767,Scopus,Detection of Mycobacterium tuberculosis complex by nested polymerase chain reaction in pulmonary and extrapulmonary specimens; [Detecção do complexo Mycobacterium tuberculosis por nested polymerase chain reaction em espécimes pulmonares e extrapulmonares],10.1590/S1806-37132013000600010,Duplicate DOI,10.1590/s1806-37132013000600010,PMID:24473765,PubMed,Detection of Mycobacterium tuberculosis complex by nested polymerase chain reaction in pulmonary and extrapulmonary specimens.
2-s2.0-84860880032,Scopus,"Interlaboratory evaluation of automated, multiplexed peptide immunoaffinity enrichment coupled to multiple reaction monitoring mass spectrometry for quantifying proteins in plasma",10.1074/mcp.M111.013854,Duplicate DOI,10.1074/mcp.m111.013854,PMID:22199228,PubMed,"Interlaboratory evaluation of automated, multiplexed peptide immunoaffinity enrichment coupled to multiple reaction monitoring mass spectrometry for quantifying proteins in plasma."
2-s2.0-84875259319,Scopus,CR3 is the dominant phagocytotic complement receptor on human dendritic cells,10.1016/j.imbio.2012.07.031,Duplicate DOI,10.1016/j.imbio.2012.07.031,PMID:22906751,PubMed,CR3 is the dominant phagocytotic complement receptor on human dendritic cells.
2-s2.0-84855999131,Scopus,Evaluation of conventional molecular diagnosis of Mycobacterium tuberculosis in clinical specimens from Morocco,10.3855/jidc.1857,Duplicate DOI,10.3855/jidc.1857,PMID:22240427,PubMed,Evaluation of conventional molecular diagnosis of Mycobacterium tuberculosis in clinical specimens from Morocco.
2-s2.0-84879428526,Scopus,Development and evaluation of a real-time PCR assay for detection of Pneumocystis jirovecii on the fully automated BD MAX platform,10.1128/JCM.00616-13,Duplicate DOI,10.1128/jcm.00616-13,PMID:23678059,PubMed,Development and evaluation of a real-time PCR assay for detection of Pneumocystis jirovecii on the fully automated BD MAX platform.
2-s2.0-84872114706,Scopus,A cell based high-throughput screening approach for the discovery of new inhibitors of respiratory syncytial virus,10.1186/1743-422X-10-19,Duplicate DOI,10.1186/1743-422x-10-19,PMID:23302182,PubMed,A cell based high-throughput screening approach for the discovery of new inhibitors of respiratory syncytial virus.
2-s2.0-84868234756,Scopus,Identification of Staphylococcus saprophyticus isolated from patients with urinary tract infection using a simple set of biochemical tests correlating with 16S-23S interspace region molecular weight patterns,10.1016/j.mimet.2012.09.024,Duplicate DOI,10.1016/j.mimet.2012.09.024,PMID:23041266,PubMed,Identification of Staphylococcus saprophyticus isolated from patients with urinary tract infection using a simple set of biochemical tests correlating with 16S-23S interspace region molecular weight patterns.
2-s2.0-84865539712,Scopus,"Light-scattering sensor for real-time identification of Vibrio parahaemolyticus, Vibrio vulnificus and Vibrio cholerae colonies on solid agar plate",10.1111/j.1751-7915.2012.00349.x,Duplicate DOI,10.1111/j.1751-7915.2012.00349.x,PMID:22613192,PubMed,"Light-scattering sensor for real-time identification of Vibrio parahaemolyticus, Vibrio vulnificus and Vibrio cholerae colonies on solid agar plate."
2-s2.0-84897402131,Scopus,Use of the VITEK 2 system to identify and test the antifungal susceptibility of clinically relevant yeast species,10.1590/S1517-83822014005000018,Duplicate DOI,10.1590/s1517-83822014005000018,PMID:24688520,PubMed,Use of the VITEK 2 system to identify and test the antifungal susceptibility of clinically relevant yeast species.
2-s2.0-84857386498,Scopus,First worldwide proficiency study on variable-number tandem-repeat typing of Mycobacterium tuberculosis complex strains,10.1128/JCM.00607-11,Duplicate DOI,10.1128/jcm.00607-11,PMID:22170917,PubMed,First worldwide proficiency study on variable-number tandem-repeat typing of Mycobacterium tuberculosis complex strains.
2-s2.0-84865211150,Scopus,Multiwalled carbon nanotube-induced gene signatures in the mouse lung: Potential predictive value for human lung cancer risk and prognosis,10.1080/15287394.2012.699852,Duplicate DOI,10.1080/15287394.2012.699852,PMID:22891886,PubMed,Multiwalled carbon nanotube-induced gene signatures in the mouse lung: potential predictive value for human lung cancer risk and prognosis.
2-s2.0-84864410151,Scopus,Automated detection of toxigenic Clostridium difficile in clinical samples: Isothermal tcdB amplification coupled to array-based detection,10.1128/JCM.00621-12,Duplicate DOI,10.1128/jcm.00621-12,PMID:22675134,PubMed,Automated detection of toxigenic Clostridium difficile in clinical samples: isothermal tcdB amplification coupled to array-based detection.
2-s2.0-84879455866,Scopus,Real-time optical antimicrobial susceptibility testing,10.1128/JCM.00440-13,Duplicate DOI,10.1128/jcm.00440-13,PMID:23596243,PubMed,Real-time optical antimicrobial susceptibility testing.
2-s2.0-84866493776,Scopus,Deciphering the differential response of two human fibroblast cell lines following Chikungunya virus infection,10.1186/1743-422X-9-213,Duplicate DOI,10.1186/1743-422x-9-213,PMID:22992396,PubMed,Deciphering the differential response of two human fibroblast cell lines following Chikungunya virus infection.
2-s2.0-84863718303,Scopus,Analysis of gut microbial regulation of host gene expression along the length of the gut and regulation of gut microbial ecology through MyD88,10.1136/gutjnl-2011-301104,Duplicate DOI,10.1136/gutjnl-2011-301104,PMID:22115825,PubMed,Analysis of gut microbial regulation of host gene expression along the length of the gut and regulation of gut microbial ecology through MyD88.
2-s2.0-84857809750,Scopus,Utility of GenoType MTBDRplus assay in rapid diagnosis of multidrug resistant tuberculosis at a tertiary care centre in India,10.4103/0255-0857.93034,Duplicate DOI,10.4103/0255-0857.93034,PMID:22361762,PubMed,Utility of GenoType MTBDRplus assay in rapid diagnosis of multidrug resistant tuberculosis at a tertiary care centre in India.
2-s2.0-84869871355,Scopus,The manual mycobacteria growth indicator tube and the nitrate reductase assay for the rapid detection of rifampicin resistance of M. Tuberculosis in low resource settings,10.1186/1471-2334-12-326,Duplicate DOI,10.1186/1471-2334-12-326,PMID:23186045,PubMed,The manual mycobacteria growth indicator tube and the nitrate reductase assay for the rapid detection of rifampicin resistance of M. Tuberculosis in low resource settings.
2-s2.0-84861219919,Scopus,Pathogen-specific epitopes as epidemiological tools for defining the magnitude of Mycobacterium leprae transmission in areas endemic for leprosy,10.1371/journal.pntd.0001616,Duplicate DOI,10.1371/journal.pntd.0001616,PMID:22545169,PubMed,Pathogen-specific epitopes as epidemiological tools for defining the magnitude of Mycobacterium leprae transmission in areas endemic for leprosy.
2-s2.0-84883822085,Scopus,Evaluation of vancomycin resistance 3 multiplexed pcr assay for detection of vancomycin-resistant enterococci from rectal swabs,10.3343/alm.2013.33.5.326,Duplicate DOI,10.3343/alm.2013.33.5.326,PMID:24003422,PubMed,Evaluation of vancomycin resistance 3 multiplexed PCR assay for detection of vancomycin-resistant enterococci from rectal swabs.
2-s2.0-84876774159,Scopus,Multilaboratory study of the biomic automated well-reading instrument versus microscan walkaway for reading microscan antimicrobial susceptibility and identification panels,10.1128/JCM.03088-12,Duplicate DOI,10.1128/jcm.03088-12,PMID:23486713,PubMed,Multilaboratory study of the Biomic automated well-reading instrument versus MicroScan WalkAway for reading MicroScan antimicrobial susceptibility and identification panels.
2-s2.0-84866069326,Scopus,Artificial Neural Networks Trained to Detect Viral and Phage Structural Proteins,10.1371/journal.pcbi.1002657,Duplicate DOI,10.1371/journal.pcbi.1002657,PMID:22927809,PubMed,Artificial neural networks trained to detect viral and phage structural proteins.
2-s2.0-84879571351,Scopus,Cell host response to infection with novel human coronavirus EMC predicts potential antivirals and important differences with SARS coronavirus,10.1128/mBio.00165-13,Duplicate DOI,10.1128/mbio.00165-13,PMID:23631916,PubMed,Cell host response to infection with novel human coronavirus EMC predicts potential antivirals and important differences with SARS coronavirus.
2-s2.0-84857374531,Scopus,Comparative evaluation of autofocus algorithms for a real-time system for automatic detection of Mycobacterium tuberculosis,10.1002/cyto.a.22020,Duplicate DOI,10.1002/cyto.a.22020,PMID:22290716,PubMed,Comparative evaluation of autofocus algorithms for a real-time system for automatic detection of Mycobacterium tuberculosis.
2-s2.0-84879424237,Scopus,Rapid and reliable identification of Staphylococcus aureus capsular serotypes by means of artificial neural network-assisted fourier transform infrared spectroscopy,10.1128/JCM.00581-13,Duplicate DOI,10.1128/jcm.00581-13,PMID:23658268,PubMed,Rapid and reliable identification of Staphylococcus aureus capsular serotypes by means of artificial neural network-assisted Fourier transform infrared spectroscopy.
2-s2.0-84876814735,Scopus,Software for selecting the most informative sets of genomic loci for multi-target microbial typing,10.1186/1471-2105-14-148,Duplicate DOI,10.1186/1471-2105-14-148,PMID:23635100,PubMed,Software for selecting the most informative sets of genomic loci for multi-target microbial typing.
2-s2.0-84872620919,Scopus,Evaluation of the blood volume effect on the diagnosis of bacteremia in automated blood culture systems,10.1016/j.jmii.2012.03.012,Duplicate DOI,10.1016/j.jmii.2012.03.012,PMID:22738875,PubMed,Evaluation of the blood volume effect on the diagnosis of bacteremia in automated blood culture systems.
2-s2.0-84862101373,Scopus,Automated pangenomic analysis in target selection for PCR detection and identification of bacteria by use of ssGenefinder Webserver and its application to Salmonella enterica serovar typhi,10.1128/JCM.06843-11,Duplicate DOI,10.1128/jcm.06843-11,PMID:22442318,PubMed,Automated pangenomic analysis in target selection for PCR detection and identification of bacteria by use of ssGeneFinder Webserver and its application to Salmonella enterica serovar Typhi.
2-s2.0-84863279811,Scopus,Polymorphic allele of human MRC1 confer protection against tuberculosis in a Chinese population,10.7150/ijbs.4047,Duplicate DOI,10.7150/ijbs.4047,PMID:22393309,PubMed,Polymorphic allele of human MRC1 confer protection against tuberculosis in a Chinese population.
2-s2.0-84866463409,Scopus,Comparison of the BD max methicillin-resistant Staphylococcus aureus (MRSA) assay and the BD GeneOhm MRSA achromopeptidase assay with direct- and enriched-culture techniques using clinical specimens for detection of MRSA,10.1128/JCM.01496-12,Duplicate DOI,10.1128/jcm.01496-12,PMID:22814471,PubMed,Comparison of the BD Max methicillin-resistant Staphylococcus aureus (MRSA) assay and the BD GeneOhm MRSA achromopeptidase assay with direct- and enriched-culture techniques using clinical specimens for detection of MRSA.
2-s2.0-84875192646,Scopus,Impact of chloramination on the development of laboratory-grown biofilms fed with filter-pretreated groundwater,10.1264/jsme2.ME12095,Duplicate DOI,10.1264/jsme2.me12095,PMID:23124766,PubMed,Impact of chloramination on the development of laboratory-grown biofilms fed with filter-pretreated groundwater.
2-s2.0-84866786242,Scopus,Discrimination of motile bacteria from filamentous fungi using dynamic speckle,10.1117/1.JBO.17.5.056011,Duplicate DOI,10.1117/1.jbo.17.5.056011,PMID:22612134,PubMed,Discrimination of motile bacteria from filamentous fungi using dynamic speckle.
2-s2.0-84865729277,Scopus,"Prescreening bacterial colonies for bioactive molecules with janus plates, a sbs standard double-faced microbial culturing system",10.1007/s10482-012-9746-7,Duplicate DOI,10.1007/s10482-012-9746-7,PMID:22562433,PubMed,"Prescreening bacterial colonies for bioactive molecules with Janus plates, a SBS standard double-faced microbial culturing system."
2-s2.0-80755169550,Scopus,Improving the detection of transmembrane β-barrel chains with N-to-1 extreme learning machines,10.1093/bioinformatics/btr549,Duplicate DOI,10.1093/bioinformatics/btr549,PMID:21967762,PubMed,Improving the detection of transmembrane β-barrel chains with N-to-1 extreme learning machines.
2-s2.0-79951476964,Scopus,How to detect NDM-1 producers,10.1128/JCM.01773-10,Duplicate DOI,10.1128/jcm.01773-10,PMID:21123531,PubMed,How to detect NDM-1 producers.
2-s2.0-77951775258,Scopus,Comparative evaluation of an automated repetitive-sequence-based PCR instrument versus pulsed-field gel electrophoresis in the setting of a Serratia marcescens nosocomial infection outbreak,10.1128/JCM.01528-09,Duplicate DOI,10.1128/jcm.01528-09,PMID:20237095,PubMed,Comparative evaluation of an automated repetitive-sequence-based PCR instrument versus pulsed-field gel electrophoresis in the setting of a Serratia marcescens nosocomial infection outbreak.
2-s2.0-79952717209,Scopus,Microorganisms direct identification from blood culture by matrix-assisted laser desorption/ionization time-of-flight mass spectrometry,10.1111/j.1469-0691.2010.03257.x,Duplicate DOI,10.1111/j.1469-0691.2010.03257.x,PMID:20456452,PubMed,Microorganisms direct identification from blood culture by matrix-assisted laser desorption/ionization time-of-flight mass spectrometry.
2-s2.0-79953004610,Scopus,Automated sample area definition for high-throughput microscopy,10.1002/cyto.a.21034,Duplicate DOI,10.1002/cyto.a.21034,PMID:21412981,PubMed,Automated sample area definition for high-throughput microscopy.
2-s2.0-78449259987,Scopus,"Positive predictive value of the Becton Dickinson VIPER system and the ProbeTec GC Qx assay, in extracted mode, for detection of Neisseria gonorrhoeae",10.1136/sti.2010.044065,Duplicate DOI,10.1136/sti.2010.044065,PMID:20940160,PubMed,"Positive predictive value of the Becton Dickinson VIPER system and the ProbeTec GC Q x assay, in extracted mode, for detection of Neisseria gonorrhoeae."
2-s2.0-77955932776,Scopus,"Bacterial community and ""candidates accumulibacter"" population dynamics in laboratory-scale enhanced biological phosphorus removal reactors",10.1128/AEM.00370-10,Duplicate DOI,10.1128/aem.00370-10,PMID:20601516,PubMed,"Bacterial community and ""Candidatus Accumulibacter"" population dynamics in laboratory-scale enhanced biological phosphorus removal reactors."
2-s2.0-79959836718,Scopus,Drivers of bacterial diversity dynamics in permeable carbonate and silicate coral reef sands from the Red Sea,10.1111/j.1462-2920.2011.02494.x,Duplicate DOI,10.1111/j.1462-2920.2011.02494.x,PMID:21554515,PubMed,Drivers of bacterial diversity dynamics in permeable carbonate and silicate coral reef sands from the Red Sea.
2-s2.0-80053904998,Scopus,A network-based approach to classify the three domains of life,10.1186/1745-6150-6-53,Duplicate DOI,10.1186/1745-6150-6-53,PMID:21995640,PubMed,A network-based approach to classify the three domains of life.
2-s2.0-80054896129,Scopus,Bambus 2: Scaffolding metagenomes,10.1093/bioinformatics/btr520,Duplicate DOI,10.1093/bioinformatics/btr520,PMID:21926123,PubMed,Bambus 2: scaffolding metagenomes.
2-s2.0-77951786285,Scopus,Clinical evaluation of TRCRapid M.TB for detection of Mycobacterium tuberculosis complex in respiratory and nonrespiratory specimens,10.1128/JCM.01758-09,Duplicate DOI,10.1128/jcm.01758-09,PMID:20200296,PubMed,Clinical evaluation of TRCRapid M.TB for detection of Mycobacterium tuberculosis complex in respiratory and nonrespiratory specimens.
2-s2.0-78049514901,Scopus,Diagnosis of bacteriuria and leukocyturia by automated flow cytometry compared with urine culture,10.1128/JCM.00975-10,Duplicate DOI,10.1128/jcm.00975-10,PMID:20739491,PubMed,Diagnosis of bacteriuria and leukocyturia by automated flow cytometry compared with urine culture.
2-s2.0-77958027440,Scopus,Differential phenotyping of Brucella species using a newly developed semi-automated metabolic system,10.1186/1471-2180-10-269,Duplicate DOI,10.1186/1471-2180-10-269,PMID:20969797,PubMed,Differential phenotyping of Brucella species using a newly developed semi-automated metabolic system.
2-s2.0-80052331157,Scopus,Serological testing versus other strategies for diagnosis of active tuberculosis in india: A cost-effectiveness analysis,10.1371/journal.pmed.1001074,Duplicate DOI,10.1371/journal.pmed.1001074,PMID:21857810,PubMed,Serological testing versus other strategies for diagnosis of active tuberculosis in India: a cost-effectiveness analysis.
2-s2.0-77955435461,Scopus,"Comparison of BD phoenix, vitek 2, and microScan automated systems for detection and inference of mechanisms responsible for carbapenem resistance in Enterobacteriaceae",10.1128/JCM.00341-10,Duplicate DOI,10.1128/jcm.00341-10,PMID:20534805,PubMed,"Comparison of BD Phoenix, Vitek 2, and MicroScan automated systems for detection and inference of mechanisms responsible for carbapenem resistance in Enterobacteriaceae."
2-s2.0-77956497725,Scopus,Rapid molecular detection of tuberculosis and rifampin resistance,10.1056/NEJMoa0907847,Duplicate DOI,10.1056/nejmoa0907847,PMID:20825313,PubMed,Rapid molecular detection of tuberculosis and rifampin resistance.
2-s2.0-77952883861,Scopus,Comparison of five commercial serological tests for the detection of anti-Chlamydia trachomatis antibodies,10.1007/s10096-010-0912-4,Duplicate DOI,10.1007/s10096-010-0912-4,PMID:20349260,PubMed,Comparison of five commercial serological tests for the detection of anti-Chlamydia trachomatis antibodies.
2-s2.0-79951721567,Scopus,Acceleration of the direct identification of Staphylococcus aureus versus coagulase-negative staphylococci from blood culture material: A comparison of six bacterial DNA extraction methods,10.1007/s10096-010-1090-0,Duplicate DOI,10.1007/s10096-010-1090-0,PMID:20972809,PubMed,Acceleration of the direct identification of Staphylococcus aureus versus coagulase-negative staphylococci from blood culture material: a comparison of six bacterial DNA extraction methods.
2-s2.0-79953906247,Scopus,Automated extraction and amplification for direct detection of mycobacterium tuberculosis complex in various clinical samples,10.1128/JCM.02150-10,Duplicate DOI,10.1128/jcm.02150-10,PMID:21325544,PubMed,Automated extraction and amplification for direct detection of Mycobacterium tuberculosis complex in various clinical samples.
2-s2.0-79951955873,Scopus,"Multilocus variable-number tandem-repeat analysis, pulsed-field gel electrophoresis, and antimicrobial susceptibility patterns in discrimination of sporadic and outbreak-related strains of Yersinia enterocolitica",10.1186/1471-2180-11-42,Duplicate DOI,10.1186/1471-2180-11-42,PMID:21349206,PubMed,"Multilocus variable-number tandem-repeat analysis, pulsed-field gel electrophoresis, and antimicrobial susceptibility patterns in discrimination of sporadic and outbreak-related strains of Yersinia enterocolitica."
2-s2.0-81055137269,Scopus,A multisite assessment of the quantitative capabilities of the Xpert MTB/RIF assay,10.1164/rccm.201103-0536OC,Duplicate DOI,10.1164/rccm.201103-0536oc,PMID:21836139,PubMed,A multisite assessment of the quantitative capabilities of the Xpert MTB/RIF assay.
2-s2.0-79959683784,Scopus,Evaluating the utility of syndromic surveillance algorithms for screening to detect potentially clonal hospital infection outbreaks,10.1136/amiajnl-2011-000216,Duplicate DOI,10.1136/amiajnl-2011-000216,PMID:21606134,PubMed,Evaluating the utility of syndromic surveillance algorithms for screening to detect potentially clonal hospital infection outbreaks.
2-s2.0-78049494202,Scopus,Interlaboratory evaluation of different extraction and real-time PCR methods for detection of Coxiella burnetii DNA in serum,10.1128/JCM.01006-10,Duplicate DOI,10.1128/jcm.01006-10,PMID:20826645,PubMed,Interlaboratory evaluation of different extraction and real-time PCR methods for detection of Coxiella burnetii DNA in serum.
2-s2.0-79251544215,Scopus,Graft-versus-host disease is independent of innate signaling pathways triggered by pathogens in host hematopoietic cells,10.4049/jimmunol.1002965,Duplicate DOI,10.4049/jimmunol.1002965,PMID:21098219,PubMed,Graft-versus-host disease is independent of innate signaling pathways triggered by pathogens in host hematopoietic cells.
2-s2.0-83455210277,Scopus,Plasma antibody profiles as diagnostic biomarkers for tuberculosis,10.1128/CVI.05304-11,Duplicate DOI,10.1128/cvi.05304-11,PMID:21976221,PubMed,Plasma antibody profiles as diagnostic biomarkers for tuberculosis.
2-s2.0-77958587998,Scopus,Comparative genome analysis reveals an absence of leucine-rich repeat pattern-recognition receptor proteins in the kingdom fungi,10.1371/journal.pone.0012725,Duplicate DOI,10.1371/journal.pone.0012725,PMID:20856863,PubMed,Comparative genome analysis reveals an absence of leucine-rich repeat pattern-recognition receptor proteins in the kingdom Fungi.
2-s2.0-78649252790,Scopus,Evaluation of a microbiological indicator test for antibiotic detection in ewe and goat milk,10.3168/jds.2010-3474,Duplicate DOI,10.3168/jds.2010-3474,PMID:21094735,PubMed,Evaluation of a microbiological indicator test for antibiotic detection in ewe and goat milk.
2-s2.0-80052611380,Scopus,"Identification of Xanthomonas fragariae, Xanthomonas axonopodis pv. phaseoli, and Xanthomonas fuscans subsp. fuscans with novel markers and using a dot blot platform coupled with automatic data Analysis",10.1128/AEM.05189-11,Duplicate DOI,10.1128/aem.05189-11,PMID:21705524,PubMed,"Identification of Xanthomonas fragariae, Xanthomonas axonopodis pv. phaseoli, and Xanthomonas fuscans subsp. fuscans with novel markers and using a dot blot platform coupled with automatic data analysis."
2-s2.0-78650854004,Scopus,Use of PCR coupled with electrospray ionization mass spectrometry for rapid identification of bacterial and yeast bloodstream pathogens from blood culture bottles,10.1128/JCM.00936-10,Duplicate DOI,10.1128/jcm.00936-10,PMID:21048006,PubMed,Use of PCR coupled with electrospray ionization mass spectrometry for rapid identification of bacterial and yeast bloodstream pathogens from blood culture bottles.
2-s2.0-77953172463,Scopus,Evaluation of the Bio-Rad BioPlex 2200 syphilis multiplex flow immunoassay for the detection of IgM- and IgG-class antitreponemal antibodies,10.1128/CVI.00086-10,Duplicate DOI,10.1128/cvi.00086-10,PMID:20427627,PubMed,Evaluation of the Bio-Rad BioPlex 2200 syphilis multiplex flow immunoassay for the detection of IgM- and IgG-class antitreponemal antibodies.
2-s2.0-79952347401,Scopus,Comparison of Bruker Biotyper matrix-assisted laser desorption ionization-time of flight mass spectrometer to BD phoenix automated microbiology system for identification of gram-negative bacilli,10.1128/JCM.01890-10,Duplicate DOI,10.1128/jcm.01890-10,PMID:21209160,PubMed,Comparison of Bruker Biotyper matrix-assisted laser desorption ionization-time of flight mass spectrometer to BD Phoenix automated microbiology system for identification of gram-negative bacilli.
2-s2.0-79953868865,Scopus,Comparison of BD bactec plus blood culture media to versaTREK redox blood culture media for detection of bacterial pathogens in simulated adult blood cultures containing therapeutic concentrations of antibiotics,10.1128/JCM.01958-10,Duplicate DOI,10.1128/jcm.01958-10,PMID:21307220,PubMed,Comparison of BD Bactec Plus blood culture media to VersaTREK Redox blood culture media for detection of bacterial pathogens in simulated adult blood cultures containing therapeutic concentrations of antibiotics.
2-s2.0-79251558406,Scopus,"Developmental control of the Nlrp6 inflammasome and a substrate, IL-18, in mammalian intestine",10.1152/ajpgi.00397.2010,Duplicate DOI,10.1152/ajpgi.00397.2010,PMID:21088234,PubMed,"Developmental control of the Nlrp6 inflammasome and a substrate, IL-18, in mammalian intestine."
2-s2.0-79960920501,Scopus,Screening for HIV-associated tuberculosis and rifampicin resistance before antiretroviral therapy using the Xpert MTB/RIF assay: A prospective study,10.1371/journal.pmed.1001067,Duplicate DOI,10.1371/journal.pmed.1001067,PMID:21818180,PubMed,Screening for HIV-associated tuberculosis and rifampicin resistance before antiretroviral therapy using the Xpert MTB/RIF assay: a prospective study.
2-s2.0-80053565684,Scopus,Interplay between calcium signalling and early signalling elements during defence responses to microbe- or damage-associated molecular patterns,10.1111/j.1365-313X.2011.04671.x,Duplicate DOI,10.1111/j.1365-313x.2011.04671.x,PMID:21668535,PubMed,Interplay between calcium signalling and early signalling elements during defence responses to microbe- or damage-associated molecular patterns.
2-s2.0-84866145366,Scopus,Clinical value of polymerase chain reaction in the diagnosis of joint tuberculosis by detecting the DNA of Mycobacterium tuberculosis.,10.1111/j.1757-7861.2010.00115.x,Duplicate DOI,10.1111/j.1757-7861.2010.00115.x,PMID:22009983,PubMed,Clinical value of polymerase chain reaction in the diagnosis of joint tuberculosis by detecting the DNA of Mycobacterium tuberculosis.
2-s2.0-80052459870,Scopus,Evaluation of molecular techniques for identification and enumeration of Raoultella terrigena ATCC 33257 in water purifier efficacy testing,10.1007/s10295-010-0917-0,Duplicate DOI,10.1007/s10295-010-0917-0,PMID:21132347,PubMed,Evaluation of molecular techniques for identification and enumeration of Raoultella terrigena ATCC 33257 in water purifier efficacy testing.
2-s2.0-79955676080,Scopus,Time to detection of Mycobacterium tuberculosis as an alternative to quantitative cultures,10.1016/j.tube.2011.01.004,Duplicate DOI,10.1016/j.tube.2011.01.004,PMID:21353641,PubMed,Time to detection of Mycobacterium tuberculosis as an alternative to quantitative cultures.
2-s2.0-78751624604,Scopus,Comparison of repetitive extragenic palindromic sequence-based PCR with PCR ribotyping and pulsed-field gel electrophoresis in studying the clonality of Clostridium difficile,10.1111/j.1469-0691.2010.03221.x,Duplicate DOI,10.1111/j.1469-0691.2010.03221.x,PMID:20331683,PubMed,Comparison of repetitive extragenic palindromic sequence-based PCR with PCR ribotyping and pulsed-field gel electrophoresis in studying the clonality of Clostridium difficile.
2-s2.0-78149350199,Scopus,Classification of genomic islands using decision trees and their ensemble algorithms,10.1186/1471-2164-11-S2-S1,Duplicate DOI,10.1186/1471-2164-11-s2-s1,PMID:21047376,PubMed,Classification of genomic islands using decision trees and their ensemble algorithms.
2-s2.0-79961111441,Scopus,"Development of an automated, high-throughput bactericidal assay that measures cellular respiration as a survival readout for Neisseria meningitidis",10.1128/CVI.05028-11,Duplicate DOI,10.1128/cvi.05028-11,PMID:21715580,PubMed,"Development of an automated, high-throughput bactericidal assay that measures cellular respiration as a survival readout for Neisseria meningitidis."
2-s2.0-78649779750,Scopus,A novel high throughput assay for anthelmintic drug screening and resistance diagnosis by real-time monitoring of parasite motility,10.1371/journal.pntd.0000885,Duplicate DOI,10.1371/journal.pntd.0000885,PMID:21103363,PubMed,A novel high throughput assay for anthelmintic drug screening and resistance diagnosis by real-time monitoring of parasite motility.
2-s2.0-77955455241,Scopus,Comparison of an automated repetitive-sequence-based PCR microbial typing system with pulsed-field gel electrophoresis for molecular typing of vancomycin-resistant Enterococcus faecium,10.1128/JCM.00136-10,Duplicate DOI,10.1128/jcm.00136-10,PMID:20554812,PubMed,Comparison of an automated repetitive-sequence-based PCR microbial typing system with pulsed-field gel electrophoresis for molecular typing of vancomycin-resistant Enterococcus faecium.
2-s2.0-80052497030,Scopus,"Comparison of an automated most-probable-number technique with traditional plating methods for estimating populations of total aerobes, coliforms, and Escherichia coli associated with freshly processed broiler chickens",10.4315/0362-028X.JFP-11-024,Duplicate DOI,10.4315/0362-028x.jfp-11-024,PMID:21902928,PubMed,"Comparison of an automated most-probable-number technique with traditional plating methods for estimating populations of total aerobes, coliforms, and Escherichia coli associated with freshly processed broiler chickens."
2-s2.0-77951499668,Scopus,Microfluidic platform versus conventional real-time polymerase chain reaction for the detection of Mycoplasma pneumoniae in respiratory specimens,10.1016/j.diagmicrobio.2009.12.020,Duplicate DOI,10.1016/j.diagmicrobio.2009.12.020,PMID:20227222,PubMed,Microfluidic platform versus conventional real-time polymerase chain reaction for the detection of Mycoplasma pneumoniae in respiratory specimens.
2-s2.0-82255167657,Scopus,"A simple viability analysis for unicellular cyanobacteria using a new autofluorescence assay, automated microscopy, and ImageJ",10.1186/1472-6750-11-118,Duplicate DOI,10.1186/1472-6750-11-118,PMID:22129198,PubMed,"A simple viability analysis for unicellular cyanobacteria using a new autofluorescence assay, automated microscopy, and ImageJ."
2-s2.0-79951494216,Scopus,Evaluation of a rapid and completely automated real-time reverse transcriptase PCR assay for diagnosis of enteroviral meningitis,10.1128/JCM.01570-10,Duplicate DOI,10.1128/jcm.01570-10,PMID:21159942,PubMed,Evaluation of a rapid and completely automated real-time reverse transcriptase PCR assay for diagnosis of enteroviral meningitis.
2-s2.0-82455210989,Scopus,"Agar disk diffusion and automated microbroth dilution produce similar antimicrobial susceptibility testing results for salmonella serotypes Newport, Typhimurium, and 4,5,12:i-, but differ in economic cost",10.1089/fpd.2011.0933,Duplicate DOI,10.1089/fpd.2011.0933,PMID:21877930,PubMed,"Agar disk diffusion and automated microbroth dilution produce similar antimicrobial susceptibility testing results for Salmonella serotypes Newport, Typhimurium, and 4,5,12:i-, but differ in economic cost."
2-s2.0-77956531282,Scopus,Containment of bioaerosol infection risk by the Xpert MTB/RIF assay and its applicability to point-of-care settings,10.1128/JCM.01053-10,Duplicate DOI,10.1128/jcm.01053-10,PMID:20720033,PubMed,Containment of bioaerosol infection risk by the Xpert MTB/RIF assay and its applicability to point-of-care settings.
2-s2.0-78650455293,Scopus,Same-day detection of escherichia coli O157:H7 from spinach by using electrochemiluminescent and cytometric bead array biosensors,10.1128/AEM.01990-10,Duplicate DOI,10.1128/aem.01990-10,PMID:21037307,PubMed,Same-day detection of Escherichia coli O157:H7 from spinach by using electrochemiluminescent and cytometric bead array biosensors.
2-s2.0-77951820302,Scopus,Replacing reverse line blot hybridization spoligotyping of the Mycobacterium tuberculosis complex,10.1128/JCM.02299-09,Duplicate DOI,10.1128/jcm.02299-09,PMID:20200291,PubMed,Replacing reverse line blot hybridization spoligotyping of the Mycobacterium tuberculosis complex.
2-s2.0-77952898786,Scopus,Direct identification of urinary tract pathogens from urine samples by matrix-assisted laser desorption ionization-time of flight mass spectrometry,10.1128/JCM.02215-09,Duplicate DOI,10.1128/jcm.02215-09,PMID:20392910,PubMed,Direct identification of urinary tract pathogens from urine samples by matrix-assisted laser desorption ionization-time of flight mass spectrometry.
2-s2.0-80655140479,Scopus,Comparison of automated BAX PCR and standard culture methods for detection of Listeria monocytogenes in blue crabmeat (Callinectus sapidus) and blue crab processing plants,10.4315/0362-028X.JFP-11-213,Duplicate DOI,10.4315/0362-028x.jfp-11-213,PMID:22054196,PubMed,Comparison of automated BAX PCR and standard culture methods for detection of Listeria monocytogenes in blue Crabmeat (Callinectus sapidus) and blue crab processing plants.
2-s2.0-77955032141,Scopus,Comparison of fermentation of diets of variable composition and microbial populations in the rumen of sheep and Rusitec fermenters. II. Protozoa population and diversity of bacterial communities,10.3168/jds.2009-2934,Duplicate DOI,10.3168/jds.2009-2934,PMID:20655439,PubMed,Comparison of fermentation of diets of variable composition and microbial populations in the rumen of sheep and Rusitec fermenters. II. Protozoa population and diversity of bacterial communities.
2-s2.0-84863243697,Scopus,Comparison of an automated repetitive sequence-based pcr microbial typing system with IS6110-restriction fragment length polymorphism for epidemiologic investigation of Clinical Mycobacterium tuberculosis isolates in Korea,10.3343/kjlm.2011.31.4.282,Duplicate DOI,10.3343/kjlm.2011.31.4.282,PMID:22016683,PubMed,Comparison of an automated repetitive sequence-based PCR microbial typing system with IS6110-restriction fragment length polymorphism for epidemiologic investigation of clinical Mycobacterium tuberculosis isolates in Korea.
2-s2.0-77957770831,Scopus,Biochip system for rapid and accurate identification of mycobacterial species from isolates and sputum,10.1128/JCM.00158-10,Duplicate DOI,10.1128/jcm.00158-10,PMID:20686082,PubMed,Biochip system for rapid and accurate identification of mycobacterial species from isolates and sputum.
2-s2.0-79955116088,Scopus,Assessment of an extraction protocol to detect the major mastitis-causing pathogens in bovine milk,10.3168/jds.2010-3669,Duplicate DOI,10.3168/jds.2010-3669,PMID:21524507,PubMed,Assessment of an extraction protocol to detect the major mastitis-causing pathogens in bovine milk.
2-s2.0-77956410881,Scopus,Innate immunity in human embryonic stem cells: Comparison with adult human endothelial cells,10.1371/journal.pone.0010501,Duplicate DOI,10.1371/journal.pone.0010501,PMID:20463927,PubMed,Innate immunity in human embryonic stem cells: comparison with adult human endothelial cells.
2-s2.0-77949588687,Scopus,"Prevalence, molecular characterization, and phenotypic confirmation of extended-spectrum beta-lactamases in Escherichia coli, Klebsiella pneumoniae, and Klebsiella oxytoca at the Radboud University Nijmegen Medical Centre in The Netherlands",10.1089/mdr.2009.0107,Duplicate DOI,10.1089/mdr.2009.0107,PMID:20001741,PubMed,"Prevalence, molecular characterization, and phenotypic confirmation of extended-spectrum beta-lactamases in Escherichia coli, Klebsiella pneumoniae, and Klebsiella oxytoca at the Radboud University Nijmegen Medical Centre in The Netherlands."
2-s2.0-77349097604,Scopus,Improving de novo sequence assembly using machine learning and comparative genomics for overlap correction,10.1186/1471-2105-11-33,Duplicate DOI,10.1186/1471-2105-11-33,PMID:20078885,PubMed,Improving de novo sequence assembly using machine learning and comparative genomics for overlap correction.
2-s2.0-77954486832,Scopus,"Identification of clinical coagulase-negative staphylococci, isolated in microbiology laboratories, by matrix-assisted laser desorption/ionization-time of flight mass spectrometry and two automated systems",10.1111/j.1469-0691.2009.03036.x,Duplicate DOI,10.1111/j.1469-0691.2009.03036.x,PMID:19732092,PubMed,"Identification of clinical coagulase-negative staphylococci, isolated in microbiology laboratories, by matrix-assisted laser desorption/ionization-time of flight mass spectrometry and two automated systems."
2-s2.0-76749167639,Scopus,Rapid identification of uropathogenic Escherichia coli of the O25:H4-ST131 clonal lineage using the DiversiLab repetitive sequence-based PCR system,10.1111/j.1469-0691.2009.02733.x,Duplicate DOI,10.1111/j.1469-0691.2009.02733.x,PMID:19416293,PubMed,Rapid identification of uropathogenic Escherichia coli of the O25:H4-ST131 clonal lineage using the DiversiLab repetitive sequence-based PCR system.
2-s2.0-77649211815,Scopus,Automated quantification and sizing of unbranched filamentous cyanobacteria by model-based object-oriented image analysis,10.1128/AEM.02232-09,Duplicate DOI,10.1128/aem.02232-09,PMID:20048059,PubMed,Automated quantification and sizing of unbranched filamentous cyanobacteria by model-based object-oriented image analysis.
2-s2.0-85105928769,Scopus,Antibiotic Drug screening and Image Characterization Toolbox (A.D.I.C.T.): a robust imaging workflow to monitor antibiotic stress response in bacterial cells in vivo,10.12688/f1000research.51868.1,Duplicate Title,antibiotic drug screening and image characterization toolbox a d i c t a robust imaging workflow to monitor antibiotic stress response in bacterial cells in vivo,2-s2.0-85132303399,Scopus,Antibiotic Drug screening and Image Characterization Toolbox (A.D.I.C.T.): A robust imaging workflow to monitor antibiotic stress response in bacterial cells in vivo
2-s2.0-85059795296,Scopus,Comparison of clinical performance between bact/alert virtuo and bact/alert 3d blood culture systems,10.3343/alm.2019.39.3.237,Duplicate Title,comparison of clinical performance between bact alert virtuo and bact alert 3d blood culture systems,PMID:30623614,PubMed,Comparison of Clinical Performance Between BacT/Alert Virtuo and BacT/Alert 3D Blood Culture Systems.
2-s2.0-85019612789,Scopus,Salmonella typhi and Salmonella paratyphi a elaborate distinct systemic metabolite signatures during enteric fever,10.7554/eLife.03100,Duplicate Title,salmonella typhi and salmonella paratyphi a elaborate distinct systemic metabolite signatures during enteric fever,2-s2.0-84904015319,Scopus,Salmonella Typhi and Salmonella Paratyphi A elaborate distinct systemic metabolite signatures during enteric fever
