"Document Title",Authors,"Author Affiliations","Publication Title",Date Added To Xplore,"Publication Year","Volume","Issue","Start Page","End Page","Abstract","ISSN",ISBNs,"DOI",Funding Information,PDF Link,"Author Keywords","IEEE Terms","Mesh_Terms",Article Citation Count,Patent Citation Count,"Reference Count","License",Online Date,Issue Date,"Meeting Date","Publisher",Document Identifier
"Automatic Identification of Single Bacterial Colonies Using Deep and Transfer Learning","S. A. Nagro; M. A. Kutbi; W. M. Eid; E. J. Alyamani; M. H. Abutarboush; M. A. Altammami; B. K. Sendy","College of Computing and Informatics, Saudi Electronic University, Riyadh, Saudi Arabia; College of Computing and Informatics, Saudi Electronic University, Riyadh, Saudi Arabia; College of Computing and Informatics, Saudi Electronic University, Riyadh, Saudi Arabia; National Centre for Biotechnology, King Abdulaziz City for Science and Technology, Riyadh, Saudi Arabia; National Centre for Biotechnology, King Abdulaziz City for Science and Technology, Riyadh, Saudi Arabia; National Centre for Biotechnology, King Abdulaziz City for Science and Technology, Riyadh, Saudi Arabia; National Centre for Biotechnology, King Abdulaziz City for Science and Technology, Riyadh, Saudi Arabia",IEEE Access,"21 Nov 2022","2022","10","","120181","120190","Bacterial classification is a vital step in medical diagnosis. This procedure normally has several stages. An early stage involves inspecting the morphology of the bacterial colonies. Traditionally, a bacterial colony expert inspects the sample to determine the type of bacteria through visual inspection or molecular biology techniques. With advances in image processing, specifically, the use of deep and transfer learning techniques, and the wide availability of cameras, we applied deep and transfer learning techniques to address this task without requiring expert knowledge or sample shipping. We used a convolutional neural network (CNN) to identify different bacterial colonies based on their appearance in images captured by cell phone cameras. In this paper, we collected a dataset that contains images of different bacteria taken by cell phone cameras with various settings. Thus, images of two classes of bacterial colonies were obtained in King Abdulaziz City for Science and Technology. The dataset contains 8,043 images. The experimental results show that our application has high accuracy without requiring expert inspections.","2169-3536","","10.1109/ACCESS.2022.3221958","Deputyship for Research and Innovation, Ministry of Education, Saudi Arabia(grant numbers:7956); ","https://ieeexplore.ieee.org/stamp/stamp.jsp?arnumber=9950247","Deep learning;deep convolutional neural network;ResNet;VGG-16;AlexNet;DenseNet;SqueezeNet;dataset;bacterial classification;bacterial colonies;bacteriology","Microorganisms;Transfer learning;COVID-19;Pulmonary diseases;X-ray imaging;Biomedical imaging;Deep learning;Convolutional neural networks","","16","","39","CCBY","14 Nov 2022","2022","","IEEE","IEEE Journals"
"Rapid Bacterial Detection and Identification of Bacterial Strains Using Machine Learning Methods Integrated With a Portable Multichannel Fluorometer","M. S. Hasan; C. Sundberg; H. Hasan; Y. Kostov; X. Ge; F. -S. Choa; G. Rao","Center for Advanced Sensor Technology, University of Maryland Baltimore County, Baltimore, MD, USA; Center for Advanced Sensor Technology, University of Maryland Baltimore County, Baltimore, MD, USA; Center for Advanced Sensor Technology, University of Maryland Baltimore County, Baltimore, MD, USA; Center for Advanced Sensor Technology, University of Maryland Baltimore County, Baltimore, MD, USA; Center for Advanced Sensor Technology, University of Maryland Baltimore County, Baltimore, MD, USA; Department of Computer Science and Electrical Engineering, University of Maryland Baltimore County, Baltimore, MD, USA; Center for Advanced Sensor Technology, University of Maryland Baltimore County, Baltimore, MD, USA",IEEE Access,"18 Aug 2023","2023","11","","86112","86121","Rapid and sensitive bioburden detection is of paramount importance in different applications including public health, and food and water safety. To overcome the traditional limitations of bacterial detection i.e., lengthy culture time, and complicated procedure, a low-cost, portable multichannel fluorometer coupled with machine learning (ML) has been implemented in this study. Five different strains of bacterial samples were tested along with the negative control for time-series fluorescence data collection and analysis. We applied different conventional unsupervised and supervised machine learning techniques with extracted features followed by preprocessing of the data. Initially, machine learning algorithms were applied for the qualitative detection of bacteria by binary classification followed by regression analysis to predict the level of contamination for E. coli. The multiclass classification was used to identify gram-positive, and gram-negative bacterial strains and differentiate all the bacterial strains tested. Our results show that around 97.9% accuracy can be achieved for bacterial contamination detection for as low as 1 CFU/mL while 92.1% accuracy can be achieved for differentiating the gram-positive and gram-negative strains. Additionally, with 1 minute of data, high accuracy is obtained for detecting bioburden, proving the multichannel fluorometer’s rapid detection capability. The multichannel fluorometer integrated with ML analytics is capable of automating data analysis and determining accurate and rapid bacterial detection on-site with the prediction of bioburden levels and differentiating bacterial strains and the protocol can be applied to the biosensors with a similar data type.","2169-3536","","10.1109/ACCESS.2023.3303815","U.S. Food and Drug Administration(grant numbers:BAA 75F40119C10132); ","https://ieeexplore.ieee.org/stamp/stamp.jsp?arnumber=10213451","Bioburden;fluorescence;machine learning;supervised algorithm;unsupervised algorithm;features;time-series","Microorganisms;Strain;Feature extraction;Fluorescence;Machine learning;Prediction algorithms;Machine learning algorithms;Supervised learning;Time series analysis;Sampling methods","","6","","45","CCBYNCND","9 Aug 2023","2023","","IEEE","IEEE Journals"
"Predictive Modeling of Antibiotic Susceptibility in E. Coli Strains Using the U-Net Network and One-Class Classification","N. Ali; J. Kirchhoff; P. I. Onoja; A. Tannert; U. Neugebauer; J. Popp; T. Bocklitz","Institute of Physical Chemistry (IPC), Friedrich Schiller University Jena, Jena, Germany; Institute of Physical Chemistry (IPC), Friedrich Schiller University Jena, Jena, Germany; Institute of Physical Chemistry (IPC), Friedrich Schiller University Jena, Jena, Germany; Leibniz Institute of Photonic Technology (Leibniz-IPHT), Jena, Germany; Institute of Physical Chemistry (IPC), Friedrich Schiller University Jena, Jena, Germany; Institute of Physical Chemistry (IPC), Friedrich Schiller University Jena, Jena, Germany; Institute of Physical Chemistry (IPC), Friedrich Schiller University Jena, Jena, Germany",IEEE Access,"22 Sep 2020","2020","8","","167711","167720","The antibiotic resistance of bacterial pathogens has become one of the most serious global health issues due to misusing and overusing of antibiotics. Recently, different technologies were developed to determine bacteria susceptibility towards antibiotics; however, each of these technologies has its advantages and limitations in clinical applications. In this contribution, we aim to assess and automate the detection of bacterial susceptibilities towards three antibiotics; i.e. ciprofloxacin, cefotaxime and piperacillin using a combination of image processing and machine learning algorithms. Therein, microscopic images were collected from different E. coli strains, then the convolutional neural network U-Net was implemented to segment the areas showing bacteria. Subsequently, the encoder part of the trained U-Net was utilized as a feature extractor, and the U-Net bottleneck features were utilized to predict the antibiotic susceptibility of E. coli strains using a one-class support vector machine (OCSVM). This one-class model was always trained on images of untreated controls of each bacterial strain while the image labels of treated bacteria were predicted as control or non-control images. If an image of treated bacteria is predicted as control, we assume that these bacteria resist this antibiotic. In contrast, the sensitive bacteria show different morphology of the control bacteria; therefore, images collected from these treated bacteria are expected to be classified as non-control. Our results showed 83% area under the receiver operating characteristic (ROC) curve when OCSVM models were built using the U-Net bottleneck features of control bacteria images only. Additionally, the mean sensitivities of these one-class models are 91.67% and 86.61% for cefotaxime and piperacillin; respectively. The mean sensitivity for the prediction of ciprofloxacin is only 59.72% as the bacteria morphology was not fully detected by the proposed method.","2169-3536","","10.1109/ACCESS.2020.3022829","Bundesministerium für Bildung und Forschung through the Project Uro-MDD and the Center for Sepsis Control and Care (CSCC, Integrated Research and Treatment Center)(grant numbers:FKZ 03ZZ0444J,FKZ 01EO1502); Deutsche Forschungsgemeinschaft through the Core Facility Jena Biophotonic and Imaging Laboratory (JBIL)(grant numbers:BO4700/4-1); InfectoGnostics Research Campus(grant numbers:FKZ 13GW0096F); Leibniz ScienceCampus InfectoOptics; Strategic Networking of the Leibniz Association; Ministry for Economics, Sciences and Digital Society of Thuringia (TMWWDG) through the framework of the Landesprogramm ProDigital(grant numbers:DigLeben-5575/10-9); Freistaat Thüringen; European Union funds within the framework of the European Social Fund (ESF)(grant numbers:2019 FGR 0083); Open Access Fund of the Leibniz Association; ","https://ieeexplore.ieee.org/stamp/stamp.jsp?arnumber=9187776","Antibiotic resistance;E coli strains;U-Net convolutional neural network;one-class SVM","Microorganisms;Antibiotics;Strain;Immune system;Microwave integrated circuits;Microscopy;Feature extraction","","10","","36","CCBYNCND","8 Sep 2020","2020","","IEEE","IEEE Journals"
"A Deep Learning Model for Bacterial Classification Using Big Transfer (BiT)","S. Visitsattaponge; M. Bunkum; C. Pintavirooj; M. P. Paing","Department of Biomedical Engineering, School of Engineering, King Mongkut’s Institute of Technology Ladkrabang, Bangkok, Thailand; Department of Biomedical Engineering, School of Engineering, King Mongkut’s Institute of Technology Ladkrabang, Bangkok, Thailand; Department of Biomedical Engineering, School of Engineering, King Mongkut’s Institute of Technology Ladkrabang, Bangkok, Thailand; Department of Biomedical Engineering, School of Engineering, King Mongkut’s Institute of Technology Ladkrabang, Bangkok, Thailand",IEEE Access,"1 Feb 2024","2024","12","","15609","15621","Identification and classification of bacterial genera and species are very important for medical prevention, diagnosis, and treatment. However, due to microbial diversity and high variability in appearance, the manual classification of bacteria is a challenging and time-consuming task. This paper aims to facilitate such a troublesome task using deep learning techniques. Through the utilization of a deep learning model, specifically a Big Transfer (BiT) combined with graph Laplacian-based data cleaning and weight initialization based-rectified linear unit (WIB-Relu) activation, we have developed an accurate bacteria classification model. We have tested our proposed method on a public dataset of microscopic bacteria images, called the Digital Images of Bacteria Species (DIBaS), and achieved promising results with an accuracy of 99.11%, precision of 99.31%, recall of 99.09%, and F1 score of 99.06%, respectively. Moreover, the proposed bacteria classification performed well regardless of the size of the training data. We investigated its generalizability not only on the original dataset but also on the few shots (5-shots, 2-shots, and 1-shot) and augmented datasets.","2169-3536","","10.1109/ACCESS.2024.3358671","KMITL Research and Innovation Services (KRIS)(grant numbers:ID 2565-02-01-011); ","https://ieeexplore.ieee.org/stamp/stamp.jsp?arnumber=10414089","Bacteria classification;big transfer;few-shot learning;graph Laplacian","Microorganisms;Feature extraction;Deep learning;Microscopy;Noise measurement;Task analysis;Shape measurement;Classification algorithms;Laplace equations","","14","","33","CCBYNCND","25 Jan 2024","2024","","IEEE","IEEE Journals"
"An Ensemble Hybrid Framework: A Comparative Analysis of Metaheuristic Algorithms for Ensemble Hybrid CNN Features for Plants Disease Classification","K. Taji; A. Sohail; T. Shahzad; B. Shoaib Khan; M. Adnan Khan; K. Ouahada","Electronic Systems, Information Processing, Mechanics and Energy Laboratory, Kenitra Faculty of Sciences, Ibn Tofail University, Kenitra, Morocco; Department of Computer Science, Minhaj University Lahore, Lahore, Pakistan; Department of Electrical and Electronic Engineering Science, University of Johannesburg, Johannesburg, South Africa; Department of Computer Science, Green International University, Lahore, Pakistan; Department of Software, Faculty of Artificial Intelligence and Software, Gachon University, Seongnam-si, Republic of Korea; Department of Electrical and Electronic Engineering Science, University of Johannesburg, Johannesburg, South Africa",IEEE Access,"6 May 2024","2024","12","","61886","61906","A stable and sustainable food supply chain is only possible with effective agriculture management. The application of technology in agriculture has recently produced encouraging outcomes in terms of improving agricultural yield and quality. Early detection and characterization of plant leaf diseases, which have a substantial influence on agricultural output and the general well-being of farmers and consumers, is a crucial component. The automatic identification and categorization of illnesses affecting apple and maize plants is the focus of this paper’s investigation into the implementation of cutting-edge technical solutions, notably machine learning algorithms. Deep learning has recently made significant contributions to the automatic detection and classification of plants diseases specifically in fruits and vegetables. As a result, the production and quality of fruits and vegetables have both improved. Many diseases have a negative impact on crop quality and output. This research proposes an ensemble deep learning based technique for classifying plant leaf diseases. In this work, two separate pre-trained deep learning models have been utilized and a hybrid approach is proposed. In this research work we have proposed a hybrid framework based on the hybrid preprocessing algorithm, an ensemble features engineering phase based on the texture features and two types of deep features extraction. The extracted Convolutional Neural Network (CNN) features are selected and fused with the LBP features. The ensemble feature vector is optimized using three different meta-heuristic algorithms that are Binary Dragonfly algorithm (BDA), Ant Colony Optimization algorithm and Moth Flame Optimization algorithm (MFO). The optimized feature vector is classified using state-of-the-art machine learning algorithms. Notably, the study addresses the research gap by providing a comprehensive analysis of plant diseases affecting fruits and vegetables. Additionally, it acknowledges the limitations of the proposed approach, paving the way for future research and improvements. The utilization of the proposed technique yields a remarkable accuracy of 99.8%, surpassing current state-of-the-art methods. This research contributes to the ongoing efforts to enhance food security and sustainability by providing an effective solution for the early identification and classification of plant diseases, thereby mitigating the negative impact on crop productivity and quality.","2169-3536","","10.1109/ACCESS.2024.3389648","Research Fund from the University of Johannesburg, Johannesburg, South Africa; ","https://ieeexplore.ieee.org/stamp/stamp.jsp?arnumber=10501767","Agriculture;convolutional neural network;feature extraction;feature vector (FV);feature selection;leaf disease classification;optimized features;plants disease detection;optimized features","Feature extraction;Crops;Plant diseases;Machine learning algorithms;Convolutional neural networks;Classification algorithms;Agriculture","","69","","55","CCBYNCND","16 Apr 2024","2024","","IEEE","IEEE Journals"
"A Systematic Review of Deep Learning Microalgae Classification and Detection","D. M. Madkour; M. I. Shapiai; S. E. Mohamad; H. H. Aly; Z. H. Ismail; M. Z. Ibrahim","Malaysia-Japan International Institute of Technology (MJIIT), Universiti Teknologi Malaysia, Jalan Sultan Yahya Petra, Kuala Lumpur, Malaysia; Malaysia-Japan International Institute of Technology (MJIIT), Universiti Teknologi Malaysia, Jalan Sultan Yahya Petra, Kuala Lumpur, Malaysia; Malaysia-Japan International Institute of Technology (MJIIT), Universiti Teknologi Malaysia, Jalan Sultan Yahya Petra, Kuala Lumpur, Malaysia; Electronics and Communications Engineering Department, Arab Academy for Science, Technology and Maritime Transport, Giza, Egypt; Malaysia-Japan International Institute of Technology (MJIIT), Universiti Teknologi Malaysia, Jalan Sultan Yahya Petra, Kuala Lumpur, Malaysia; Faculty of Electrical and Electronics Engineering Technology, Universiti Malaysia Pahang, Pekan, Pahang, Malaysia",IEEE Access,"15 Jun 2023","2023","11","","57529","57555","Algae represent the majority of the diversity on Earth and are a large group of organisms that have photosynthetic properties that are important to life. The species of algae are estimated to be more than 1 million, they play an important role in many fields such as agriculture, industry, food, and medicine. It is important to determine the type of algae, to determine if it is harmful or useful, and to indicate the health of the ecosystem, water quality, health, and safety risks. The conventional process of classifying algae is difficult, tedious, and time-consuming. Recently various computer vision techniques have been used to classify algae to overcome challenges and automate the process of classification. This paper presents a review of research done on image classification for microorganism algae using machine learning and deep learning techniques. The paper focuses on three important research questions to highlight the challenges of classifying microalgae. A systematic literature review or SLR has been conducted to determine how deep learning and machine learning have improved and enhanced automatic microalgae classification rather than manual classification. 51 articles have been included from well-known databases. The outcome of this SLR is beneficial due to the detailed analysis and comprehensive overview of the algorithms and the architectures and information about the dataset used in each included article. The future work focuses on getting a large dataset with high resolution, trying different methods to manage imbalance problems, and giving more attention to the fusion of deep learning techniques and traditional machine learning techniques.","2169-3536","","10.1109/ACCESS.2023.3280410","Universiti Teknologi Malaysia (UTM), UTM Research Management Centre (RMC), and the Ministry of Higher Education Malaysia under the Fundamental Research Grant Scheme(grant numbers:FRGS/1/2020/TK0/UTM/02/88); UTM, UTM RMC to support this study under Research University Grant (GUP)(grant numbers:R.K130000.7843.5F418); ","https://ieeexplore.ieee.org/stamp/stamp.jsp?arnumber=10136693","Algae detection;algae classification;deep learning;deep network;deep architecture;microalgae;systematic literature review","Algae;Deep learning;Feature extraction;Aquaculture;Machine learning algorithms;Production;Computer vision","","36","","75","CCBYNCND","26 May 2023","2023","","IEEE","IEEE Journals"
"A State-of-the-Art Survey for Microorganism Image Segmentation Methods and Future Potential","F. Kulwa; C. Li; X. Zhao; B. Cai; N. Xu; S. Qi; S. Chen; Y. Teng","Microscopic Image and Medical Image Analysis Group, MBIE College, Northeastern University, Shenyang, China; Microscopic Image and Medical Image Analysis Group, MBIE College, Northeastern University, Shenyang, China; Environmental Engineering Institute, Northeastern University, Shenyang, China; Environmental Engineering Institute, Northeastern University, Shenyang, China; School of Art and Design, Liaoning Shihua University, Fushun, China; Microscopic Image and Medical Image Analysis Group, MBIE College, Northeastern University, Shenyang, China; Microscopic Image and Medical Image Analysis Group, MBIE College, Northeastern University, Shenyang, China; Microscopic Image and Medical Image Analysis Group, MBIE College, Northeastern University, Shenyang, China",IEEE Access,"5 Aug 2019","2019","7","","100243","100269","Microorganisms play a great role in ecosystem, wastewater treatment, monitoring of environmental changes, and decomposition of waste materials. However, some of them are harmful to humans and animals such as tuberculosis bacteria and plasmodium. In such course, it is important to identify, track, analyze, consider the beneficial side and get rid of the negative effects of microorganisms using fast, accurate, and reliable methods. In recent decades, image analysis techniques have been used to address the drawbacks of manual traditional approaches in the identification and analysis of microorganisms. As image segmentation being an important step (technique) in the detection, tracking, monitoring, feature extraction, modeling, and analysis of microorganisms, different methods have been deployed, from classical approaches to current deep neural networks upon different challenges on microorganism images. This survey comprehensively analyses the various studies focused on developing microorganism image segmentation methods in the last 30 years (since 1989). In this survey, segmentation methods are categorized into classical and machine learning methods. Furthermore, these methods are subcategorized into threshold-based, region-based, and edge-based which belong to classical methods, supervised and unsupervised machine leaning-based methods which belong to machine learning category. A growth trend of different methods and most frequently used methods in each category are meticulously analyzed. A clear explanation of the suitability of these methods for different segmentation challenges encountered on microscopic microorganism images is also enlightened.","2169-3536","","10.1109/ACCESS.2019.2930111","National Natural Science Foundation of China(grant numbers:61806047); Fundamental Research Funds for the Central Universities(grant numbers:N171903004,N171902001,N180719020); Scientific Research Launched Fund of Liaoning Shihua University(grant numbers:2017XJJ-061); China Scholarship Council(grant numbers:2017GXZ026396); ","https://ieeexplore.ieee.org/stamp/stamp.jsp?arnumber=8766984","Microorganism segmentation;content-based microscopic image analysis;feature extraction;microscopic images;classical methods;machine learning","Image segmentation;Microorganisms;Microscopy;Machine learning;Feature extraction;Image edge detection;Monitoring","","78","","143","CCBY","19 Jul 2019","2019","","IEEE","IEEE Journals"
"Multiscale Information Fusion Based on Large Model Inspired Bacterial Detection","Z. Liu; Y. Huang; J. Wang; G. Yuan; J. Pang","College of Computer Science and Technology, Qingdao University, Qingdao, China; Department of Software Engineering and Game Development, Kennesaw State University, Atlanta, CA, USA; Technology Center of Qingdao Customs District, Qingdao, China; College of Computer Science and Technology, Qingdao University, Qingdao, China; College of Computer Science and Technology, Qingdao University, Qingdao, China",Big Data Mining and Analytics,"19 Dec 2024","2025","8","1","1","17","Accurate and efficient bacterial detection is essential for public health and medical diagnostics. However, traditional detection methods are constrained by limited dataset size, complex bacterial morphology, and diverse detection environments, hindering their effectiveness. In this study, we present EagleEyeNet, a novel multi-scale information fusion model designed to address these challenges. EagleEyeNet leverages large models as teacher networks in a knowledge distillation framework, significantly improving detection performance. Additionally, a newly designed feature fusion architecture, integrating Transformer modules, is proposed to enable the efficient fusion of global and multi-scale features, overcoming the bottlenecks posed by Feature Pyramid Networks (FPN) structures, which in turn reduces information transmission loss between feature layers. To improve the model's adaptability for different scenarios, we create our own QingDao Bacteria Detection (QDBD) dataset as a comprehensive evaluation benchmark for bacterial detection. Experimental results demonstrate that EagleEyeNet achieves remarkable performance improvements, with mAP50 increases of 3.1% on the QDBD dataset and 4.90% on the AGRA dataset, outperforming the State-Of-The-Art (SOTA) methods in detection accuracy. These findings underscore the transformative potential of integrating large models and deep learning for advancing bacterial detection technologies.","2097-406X","","10.26599/BDMA.2024.9020078","","https://ieeexplore.ieee.org/stamp/stamp.jsp?arnumber=10807335","bacterial detection;large model;feature fusion;global information","Technological innovation;Accuracy;Morphology;Object detection;Bacteria;Transformers;Propagation losses;Real-time systems;Medical diagnosis;Public healthcare","","1","","64","","19 Dec 2024","February 2025","","TUP","TUP Journals"
"Detection of Mulberry Ripeness Stages Using Deep Learning Models","S. -H. Miraei Ashtiani; S. Javanmardi; M. Jahanbanifard; A. Martynenko; F. J. Verbeek","Department of Biosystems Engineering, Faculty of Agriculture, Ferdowsi University of Mashhad, Mashhad, Iran; Imaging and Bioinformatics Section, Leiden Institute of Advanced Computer Science (LIACS), Leiden University, Leiden, CA, The Netherlands; Imaging and Bioinformatics Section, Leiden Institute of Advanced Computer Science (LIACS), Leiden University, Leiden, CA, The Netherlands; Department of Engineering, Faculty of Agriculture, Dalhousie University, Truro, NS, Canada; Imaging and Bioinformatics Section, Leiden Institute of Advanced Computer Science (LIACS), Leiden University, Leiden, CA, The Netherlands",IEEE Access,"20 Jul 2021","2021","9","","100380","100394","Ripeness classification is one of the most challenging tasks in the postharvest management of mulberry fruit. The risks of microbial contamination and human error in manual sorting are significant; it may result in quality degradation and wasting of processed products. Due to advanced developments in computer vision and machine learning, automated sorting became possible. This study presents the results of developing and testing a computer vision-based application using convolutional neural networks (CNNs) for the classification of mulberry fruit ripening stages. To reduce the training cost and improve the accuracy of classification, transfer learning was used to fine-tune the CNN models. The CNN models in the test include DenseNet, Inception-v3, ResNet-18, ResNet-50, and AlexNet. Transfer learning was used to fine-tune the models and improve the accuracy of classification. The AlexNet and ResNet-18 networks exhibited the best performance with 98.32% and 98.65% overall accuracy for classifying the ripeness of white and black mulberries, respectively. Moreover, the performance of the models did not change when the data sets of both genotypes were mixed. The ResNet-18 was able to classify both genotype and ripeness from 600 fruit images in 2.36 min with an overall accuracy of 98.03%, which was superior to other architectures. It indicates that the model could be used for precise classification of the ripening stages of mulberries and other horticultural products, as a part of an automated sorting system.","2169-3536","","10.1109/ACCESS.2021.3096550","European Union’s Horizon 2020 Research and Innovation Programme through the Plant.ID under the Marie Sklodowska-Curie Grant(grant numbers:765000); ","https://ieeexplore.ieee.org/stamp/stamp.jsp?arnumber=9481231","Convolutional neural network;computer vision;online detection;ripening classification;transfer learning","Image color analysis;Sorting;Deep learning;Computational modeling;Support vector machines;Computer vision;Transfer learning","","137","","64","CCBY","12 Jul 2021","2021","","IEEE","IEEE Journals"
"Deep-Precognitive Diagnosis: Preventing Future Pandemics by Novel Disease Detection With Biologically-Inspired Conv-Fuzzy Network","A. Chharia; R. Upadhyay; V. Kumar; C. Cheng; J. Zhang; T. Wang; M. Xu","Mechanical Engineering Department, Thapar Institute of Engineering and Technology, Patiala, Punjab, India; Electronics and Communication Engineering Department, Thapar Institute of Engineering and Technology, Patiala, Punjab, India; Electronics and Communication Engineering Department, Thapar Institute of Engineering and Technology, Patiala, Punjab, India; Department of Medicine, Baylor College of Medicine, Houston, TX, USA; Department of Computer Science, University of California at Irvine, Irvine, CA, USA; Department of Computer Science and Information Technology, Austin Peay State University, Clarksville, TN, USA; Computational Biology Department, School of Computer Science, Carnegie Mellon University, Pittsburgh, PA, USA",IEEE Access,"4 Mar 2022","2022","10","","23167","23185","Deep learning-based Computer-Aided Diagnosis has gained immense attention in recent years due to its capability to enhance diagnostic performance and elucidate complex clinical tasks. However, conventional supervised deep learning models are incapable of recognizing novel diseases that do not exist in the training dataset. Automated early-stage detection of novel infectious diseases can be vital in controlling their rapid spread. Moreover, the development of a conventional CAD model is only possible after disease outbreaks and datasets become available for training (viz. COVID-19 outbreak). Since novel diseases are unknown and cannot be included in training data, it is challenging to recognize them through existing supervised deep learning models. Even after data becomes available, recognizing new classes with conventional models requires a complete extensive re-training. The present study is the first to report this problem and propose a novel solution to it. In this study, we propose a new class of CAD models, i.e., Deep-Precognitive Diagnosis, wherein artificial agents are enabled to identify unknown diseases that have the potential to cause a pandemic in the future. A de novo biologically-inspired Conv-Fuzzy network is developed. Experimental results show that the model trained to classify Chest X-Ray (CXR) scans into normal and bacterial pneumonia detected a novel disease during testing, unseen by it in the training sample and confirmed to be COVID-19 later. The model is also tested on SARS-CoV-1 and MERS-CoV samples as unseen diseases and achieved state-of-the-art accuracy. The proposed model eliminates the need for model re-training by creating a new class in real-time for the detected novel disease, thus classifying it on all subsequent occurrences. Second, the model addresses the challenge of limited labeled data availability, which renders most supervised learning techniques ineffective and establishes that modified fuzzy classifiers can achieve high accuracy on image classification tasks.","2169-3536","","10.1109/ACCESS.2022.3153059","U.S. National Institutes of Health (NIH)(grant numbers:R01GM134020,P41GM103712); U.S. National Science Foundation (NSF)(grant numbers:DBI-1949629,IIS-2007595); Mark Foundation for Cancer Research(grant numbers:19-044-ASP); AMD COVID-19 High-Performance Computing (HPC) Fund; U.S. NIH(grant numbers:K01MH123896); ","https://ieeexplore.ieee.org/stamp/stamp.jsp?arnumber=9718075","Deep learning;COVID-19;medical imaging;computer-aided diagnosis;pandemics","Diseases;Solid modeling;Coronaviruses;COVID-19;Pandemics;Computational modeling;Biological system modeling;Deep learning;Computer aided diagnosis;Biomedical imaging","","11","","86","CCBY","21 Feb 2022","2022","","IEEE","IEEE Journals"
"Performance and Efficiency Trade-Off Analysis of Modern CNN Architectures for Automated Stem Cell Colony Quality Assessment","H. H. Gurleyen; N. Yumusak","Department of Computer Engineering, Institute of Natural Sciences, Sakarya University, Sakarya, Türkiye; Department of Computer Engineering, Institute of Natural Sciences, Sakarya University, Sakarya, Türkiye",IEEE Access,"18 May 2026","2026","14","","72724","72745","Quality assessment of stem cell colonies plays a critical role in regenerative medicine and cell-based therapies. Performing this assessment manually by experts is both time-consuming and prone to inter-observer variability. In addition, the limited availability of high-quality labeled stem cell colony images increases the risk of overfitting in data-driven approaches and complicates model generalization. In this study, a systematic comparison of multiple CNN architectures is presented for the binary classification problem of stem cell colony images as good or bad, within a multi-dimensional evaluation framework incorporating performance, calibration, and efficiency. On an open-access dataset previously reported in the literature with an accuracy of approximately 89%, eight modern CNN architectures, including VGG13, VGG16, ResNet50V2, DenseNet169, InceptionV3, MobileNetV3-Small, EfficientNet-B0, and EfficientNetV2-S, were evaluated using standard preprocessing and data augmentation strategies under a five-fold cross-validation protocol. The models were analyzed using conventional performance metrics such as accuracy, F1-score, ROC-AUC, and average precision, as well as calibration metrics including the Brier score, expected calibration error, and negative log-likelihood. Post-hoc calibration via temperature scaling was applied using a split-validation protocol. In addition, the models were compared in terms of computational cost, including GFLOPs, VRAM consumption, number of parameters, training time, and inference latency, and data efficiency was assessed via learning curve analysis. The results demonstrate that the EfficientNetV2-S model achieves the most balanced performance in terms of accuracy, generalization, and calibration, reaching an accuracy of 95.2%, while the EfficientNet-B0 model provides competitive performance with a substantially lower computational cost. Calibration performance improves notably after post-hoc scaling, highlighting the importance of reliable confidence estimation. These findings emphasize the critical importance of balancing performance, efficiency, and reliability in model architecture selection for data-limited biomedical imaging scenarios and present a practical deep learning framework for the automated quality assessment of stem cell colonies.","2169-3536","","10.1109/ACCESS.2026.3692455","","https://ieeexplore.ieee.org/stamp/stamp.jsp?arnumber=11516133","Deep learning;human pluripotent stem cells (hPSC);human embryonic stem cells (hESC);image classification;stem cells","Architecture;Calibration;Computer architecture;Modeling;Accuracy;Licenses;Stem cells;Training;Convolutional neural networks;Measurement","","","","43","CCBYNCND","12 May 2026","2026","","IEEE","IEEE Journals"
"Multi-View Ensemble Convolutional Neural Network to Improve Classification of Pneumonia in Low Contrast Chest X-Ray Images","J. R. Ferreira; D. Armando Cardona Cardenas; R. A. Moreno; M. de Fátima de Sá Rebelo; J. E. Krieger; M. Antonio Gutierrez","Heart Institute, Clinics Hospital, University of Sao Paulo Medical School, São Paulo, SP, Brazil; Heart Institute, Clinics Hospital, University of Sao Paulo Medical School, São Paulo, SP, Brazil; Heart Institute, Clinics Hospital, University of Sao Paulo Medical School, São Paulo, SP, Brazil; Heart Institute, Clinics Hospital, University of Sao Paulo Medical School, São Paulo, SP, Brazil; Heart Institute, Clinics Hospital, University of Sao Paulo Medical School, São Paulo, SP, Brazil; Heart Institute, Clinics Hospital, University of Sao Paulo Medical School, São Paulo, SP, Brazil",2020 42nd Annual International Conference of the IEEE Engineering in Medicine & Biology Society (EMBC),"27 Aug 2020","2020","","","1238","1241","Pneumonia is one of the leading causes of childhood mortality worldwide. Chest X-ray (CXR) can aid the diagnosis of pneumonia, but in the case of low contrast images, it is important to include computational tools to aid specialists. Deep learning is an alternative because it can identify patterns automatically, even in low-resolution images. We propose herein a convolutional neural network (CNN) architecture with different training strategies towards detecting pneumonia on CXRs and distinguishing its subforms of bacteria and virus. We also evaluated different image pre-processing methods to improve the classification. This study used CXRs from pediatric patients from a public pneumonia CXR dataset. The pre-processing methods evaluated were image cropping and histogram equalization. To classify the images, we adopted the VGG16 CNN and replaced its fully-connected layers with a customized multilayer perceptron. With this architecture, we proposed and evaluated four different training strategies: original CXR image (baseline), chest-cavity-cropped image (A), and histogram-equalized segmented image (B). The last strategy method (C) implemented is based on ensemble between strategies A and B. The performance was assessed by the area under the ROC curve (AUC) with 95% confidence interval (CI), accuracy, sensitivity, specificity, and F1-score. The ensemble model C yielded the highest performances: AUC of 0.97 (CI: 0.96-0.99) to classify pneumonia vs. normal, and AUC of 0.91 (CI: 0.88-0.94) to classify bacterial vs. viral cases. All models that used pre-processed images showed higher AUC than baseline, which used the original CXR image. Image cropping and histogram equalization reduced irrelevant information from the exam, enhanced contrast, and was able to identify fine CXR texture details. The proposed ensemble model increased the representation of inflammatory patterns from bacteria and viruses with few epochs to train the deep CNNs.Clinical relevance- Deep learning can identify complex radiographic patterns in low contrast images due to pneumonia and distinguish its subforms of bacteria and virus. The correlation of imaging with lab results could accelerate the adoption of complementary exams to confirm the disease's cause","2694-0604","978-1-7281-1990-8","10.1109/EMBC44109.2020.9176517","","https://ieeexplore.ieee.org/stamp/stamp.jsp?arnumber=9176517","","Lung;Diseases;Microorganisms;Machine learning;Training;Viruses (medical);Cavity resonators","Child;Deep Learning;Humans;Neural Networks, Computer;Pneumonia;Thorax;X-Rays","36","","18","CCBY","27 Aug 2020","20-24 July 2020","20-24 July 2020","IEEE","IEEE Conferences"
"A Novel Antibacterial Susceptibility Test From Microscopic Images by Deep Learning","L. Fernando Parra-Sánchez; S. I. Rivera-Manrique; A. González-Vega; L. C. Padierna","División de Ciencias e Ingenierías, Universidad de Guanajuato, León, Guanajuato, Mexico; División de Ciencias e Ingenierías, Universidad de Guanajuato, León, Guanajuato, Mexico; División de Ciencias e Ingenierías, Universidad de Guanajuato, León, Guanajuato, Mexico; División de Ciencias e Ingenierías, Universidad de Guanajuato, León, Guanajuato, Mexico",IEEE Access,"26 Sep 2025","2025","13","","166670","166679","Antibacterial susceptibility testing is fundamental for evaluating the efficacy of antimicrobial agents and addressing the growing challenge of bacterial resistance. Traditional methods, such as the Kirby-Bauer disk-diffusion test, are conducted at the macroscopic level, which restricts accuracy and disregards essential microscopic bacterial dynamics. In this study, we introduce a novel methodology that integrates microscopic imaging with deep learning to measure inhibition zones of Staphylococcus aureus, providing enhanced precision and deeper insights into bacterial behavior. A YOLOv8-based neural network was optimized using 74 microscopic training images and validated with 78 independent cases. The proposed approach achieved an accuracy of 89.74% within a tolerance of ±0.2 mm, exhibiting a strong Pearson correlation with expert measurements (r = 0.94). This performance represents a 90% reduction in measurement error compared to conventional Petri dish evaluations, where variability often reaches 2.0 mm. Additionally, the system demonstrated robustness across different microscope models, including one not employed during training, highlighting its generalization capacity. Beyond accuracy, this methodology enables automated, reproducible, and rapid measurements, significantly reducing analysis time while eliminating operator subjectivity. Importantly, by capturing bacterial growth dynamics at the microscopic scale, the method allows early detection of bacterial susceptibility, potentially reducing clinical decision-making times from days to hours. This advancement holds considerable promise for antimicrobial nanomaterial evaluation, epidemiological studies, and clinical diagnostics. To encourage transparency and facilitate further research, all datasets, codes, and experimental setups developed in this work have been made publicly available, ensuring reproducibility and promoting the extension of this methodology to other bacterial species.","2169-3536","","10.1109/ACCESS.2025.3612431","Dirección de Apoyo a la Investigación y al Posgrado (DAIP), University of Guanajuato, through the Convocatoria Institucional de Investigación Científica (CIIC)(grant numbers:158/2024); National Council of Humanities, Science and Technology (CONAHCYT, currently SECIHTI), Mexico(grant numbers:1341943); ","https://ieeexplore.ieee.org/stamp/stamp.jsp?arnumber=11174263","Artificial intelligence;convolutional neural networks;inhibition halo;Kirby-Bauer;microbiology;Staphylococcus aureus","Microorganisms;Immune system;Petri dishes;Image segmentation;Electrical resistance measurement;Antibacterial activity;Pneumonia;Accuracy;Testing;Electron microscopy","","1","","32","CCBYNCND","22 Sep 2025","2025","","IEEE","IEEE Journals"
"An Efficient Intrusion Detection Model Based on Hybridization of Artificial Bee Colony and Dragonfly Algorithms for Training Multilayer Perceptrons","W. A. H. M. Ghanem; A. Jantan; S. A. A. Ghaleb; A. B. Nasser","Faculty of Engineering, University of Aden, Aden, Yemen; School of Computer Science, Universiti Sains Malaysia, Gelugor, Malaysia; Faculty of Education, University of Aden, Aden, Yemen; Faculty of Computer Systems and Software Engineering, Universiti Malaysia Pahang, Kuantan, Malaysia",IEEE Access,"23 Jul 2020","2020","8","","130452","130475","One of the most persistent challenges concerning network security is to build a model capable of detecting intrusions in network systems. The issue has been extensively addressed in uncountable researches and using various techniques, of which a commonly used technique is that based on detecting intrusions in contrast to normal network traffic and the classification of network packets as either normal or abnormal. However, the problem of improving the accuracy and efficiency of classification models remains open and yet to be resolved. This study proposes a new binary classification model for intrusion detection, based on hybridization of Artificial Bee Colony algorithm (ABC) and Dragonfly algorithm (DA) for training an artificial neural network (ANN) in order to increase the classification accuracy rate for malicious and non-malicious traffic in networks. At first the model selects the suitable biases and weights utilizing a hybrid (ABC) and (DA). Next, the neural network is retrained using these ideal values in order for the intrusion detection model to be able to recognize new attacks. Ten other metaheuristic algorithms were adapted to train the neural network and their performances were compared with that of the proposed model. In addition, four types of intrusion detection evaluation datasets were applied to evaluate the proposed model in comparison to the others. The results of our experiments have demonstrated a significant improvement in inefficient network intrusion detection over other classification methods.","2169-3536","","10.1109/ACCESS.2020.3009533","Universiti Sains Malaysia under RUI Grant(grant numbers:1001/PKOMP/8014017); ","https://ieeexplore.ieee.org/stamp/stamp.jsp?arnumber=9141282","Intrusion detection system (IDS);multilayer perceptron (MLP);metaheuristic algorithm (MA);artificial bee colony algorithm (ABC);dragonfly algorithm (DA)","Artificial neural networks;Classification algorithms;Feature extraction;Intrusion detection;Training;Particle swarm optimization","","50","","80","CCBY","15 Jul 2020","2020","","IEEE","IEEE Journals"
"Video Analysis Using Deep Learning for Automated Quantification of Ear Biting in Pigs","A. Odo; R. Muns; L. Boyle; I. Kyriazakis","Institute for Global Food Security, School of Biological Sciences, Queen’s University Belfast, Belfast, U.K; Sustainable Agri-Food Science Division, Livestock Production Science Branch, Agri-Food and Biosciences Institute, Hillsborough, U.K; Animal & Grassland Research and Innovation Centre, Teagasc Pig Development, Moorepark, Fermoy, Ireland; Institute for Global Food Security, School of Biological Sciences, Queen’s University Belfast, Belfast, U.K",IEEE Access,"21 Jun 2023","2023","11","","59744","59757","Ear biting is a welfare challenge in commercial pig farming. Pigs sustain injuries at the bite site paving the way for bacterial infections. Early detection and management of this behavior are important to enhance animal health and welfare, increase productivity, and minimize inputs from medication. Pig management using physical observation is impractical because of the scale of modern pig production systems. The same applies to the manual analysis of videos captured from pigsty. Therefore, a method of automated detection is desirable. In this study, we introduce an automatic detection pipeline based on deep learning for the quantification of ear biting outbreaks. Two state-of-the-art detection networks, YOLOv4 and YOLOv7, were trained to localize the regions of ear biting. The detected regions were tracked over multiple video frames using DeepSORT and Centroid tracking algorithms. Tracking provided the association between detected instances in video frames, enabling the computation of the frequency and duration of occurrence. The frequency and duration of ear biting were expressed as the cumulative performance of each group of pigs. The pipeline was evaluated using two datasets from experimental and commercial farms with diverse management and monitoring settings. The detection networks achieved comparable average precision values of 98% & 97.5% and 85.6% & 80.9% on the respective datasets. The tracking algorithms produced 14% and 34% False-Alarm rates, respectively. The results show that automated detection and tracking of ear biting is possible. Subsequently, we applied our method to videos in which pigs were managed in a manner that was expected to affect the frequency of ear biting to different degrees. This method can be used as the basis of an early warning system for the detection of ear-biting in commercial farms.","2169-3536","","10.1109/ACCESS.2023.3285144","European Union (EU)-China HealthyLivestock project; HealthyLivestock; EU H2020 research and innovation program(grant numbers:773436); ","https://ieeexplore.ieee.org/stamp/stamp.jsp?arnumber=10148999","Animal behavior;animal welfare;deep learning;image analysis;object detection;object tracking","Object detection;Behavioral sciences;Image analysis;Deep learning;Animals;Deep learning;Monitoring","","35","","44","CCBYNCND","12 Jun 2023","2023","","IEEE","IEEE Journals"
"Automatic Detection of Beggiatoa Microbial Mats in Salmon Farms Videos","N. Martinez; S. Moreno; F. Plaza-Vega; J. -E. Castillo; M. Carrasco","Universidad Adolfo Ibáñez, Santiago, Chile; Universidad Adolfo Ibáñez, Santiago, Chile; Universidad de Santiago de Chile, Santiago, Chile; Universidad Adolfo Ibáñez, Santiago, Chile; Universidad Diego Portales, Santiago, Chile",IEEE Access,"9 Mar 2026","2026","14","","35356","35371","Beggiatoa microbial mats are natural ecosystems present on the seabed of anoxic zones, and their presence on seabeds are linked with high contamination. For this reason, Chilean aquaculture regulations require the regular analysis of the Salmonid Farming Centers (SFC) seabeds through recorded videos. If Beggiatoa microbial mats are detected, the SFC is prohibited from starting a new production cycle. In this paper, we propose a Convolutional Neural Network (CNN) model based on VGG-16 for the automatic detection of Beggiatoa microbial mats in seabed videos. Our method involves extracting frames from underwater video footage and classifying them using a CNN. We performed an extensive hyperparameter search and evaluation using k-fold cross-validation, testing over 40 different hyperparameter combinations. The final model includes an optimized architecture of the VGG-16 network, achieving an F2-score of  $0.83~\pm ~0.02$  and a sensitivity of  $0.93~\pm ~0.05$  on the test set, indicating a failure to detect only 10% of the images with Beggiatoa presence. This approach aims to improve the scalability and accuracy of environmental monitoring in aquaculture by reducing the reliance on manual video analysis and minimizing human error. Our automated detection method streamlines the monitoring process, supports compliance with environmental regulations, and contributes to more sustainable aquaculture practices.","2169-3536","","10.1109/ACCESS.2026.3669848","Agencia Nacional de Investigación y Desarrollo (ANID), Chile, through Fondo Nacional de Desarrollo CientÃfico y TecnolÃgico (FONDECYT) Iniciación(grant numbers:11251120); ","https://ieeexplore.ieee.org/stamp/stamp.jsp?arnumber=11418637","Aquaculture;Beggiatoa microbial mats;Chilean salmon farms;convolutional neural network (CNN)","Videos;Aquaculture;Production;Convolutional neural networks;Ecosystems;Regulation;Feature extraction;Bacteria;Visualization;Marine pollution","","","","62","CCBY","2 Mar 2026","2026","","IEEE","IEEE Journals"
"PopPhy-CNN: A Phylogenetic Tree Embedded Architecture for Convolutional Neural Networks to Predict Host Phenotype From Metagenomic Data","D. Reiman; A. A. Metwally; J. Sun; Y. Dai","Department of Bioengineering, University of Illinois at Chicago, Chicago, IL, USA; Department of Bioengineering and the Department of Computer Science, University of Illinois at Chicago, Chicago, IL, USA; Department of Medicine, University of Illinois at Chicago, Chicago, IL, USA; Department of Bioengineering, University of Illinois at Chicago, Chicago, IL, USA",IEEE Journal of Biomedical and Health Informatics,"7 Oct 2020","2020","24","10","2993","3001","Accurate prediction of the host phenotype from a metagenomic sample and identification of the associated microbial markers are important in understanding potential host-microbiome interactions related to disease initiation and progression. We introduce PopPhy-CNN, a novel convolutional neural network (CNN) learning framework that effectively exploits phylogenetic structure in microbial taxa for host phenotype prediction. Our approach takes an input format of a 2D matrix representing the phylogenetic tree populated with the relative abundance of microbial taxa in a metagenomic sample. This conversion empowers CNNs to explore the spatial relationship of the taxonomic annotations on the tree and their quantitative characteristics in metagenomic data. We show the competitiveness of our model compared to other available methods using nine metagenomic datasets of moderate size for binary classification. With synthetic and biological datasets, we show the superior and robust performance of our model for multi-class classification. Furthermore, we design a novel scheme for feature extraction from the learned CNN models and demonstrate improved performance when the extracted features. PopPhy-CNN is a practical deep learning framework for the prediction of host phenotype with the ability of facilitating the retrieval of predictive microbial taxa.","2168-2208","","10.1109/JBHI.2020.2993761","UIC CCTS Pre-doctoral Education for Clinical and Translational Scientists fellowship(grant numbers:UL1TR002003); UIC Chancellors Graduate Research Fellowship; ","https://ieeexplore.ieee.org/stamp/stamp.jsp?arnumber=9091025","Microbiome;disease prediction;deep learning;feature evaluation","Phylogeny;Feature extraction;Diseases;Biological system modeling;Informatics;Machine learning;Radio frequency","Algorithms;Databases, Genetic;Deep Learning;Gastrointestinal Microbiome;Genetic Predisposition to Disease;Metagenomics;Neural Networks, Computer;Phenotype;Phylogeny","102","","41","CCBY","11 May 2020","Oct. 2020","","IEEE","IEEE Journals"
"Quantum Mechanism-Based Convolution Model for the Classification of Pathogenic Bacteria","I. Naz; J. H. Shah; M. H. U. Rehman; M. Rafiq; G. S. Choi","Department of Computer Science, COMSATS University Islamabad, Wah Campus, Islamabad, Pakistan; Department of Computer Science, COMSATS University Islamabad, Wah Campus, Islamabad, Pakistan; Department of Computer Science, COMSATS University Islamabad, Wah Campus, Islamabad, Pakistan; Department of Game Software, Keimyung University, Daegu, Dalseo-gu, Republic of Korea; Department of Information and Communication Engineering, Yeungnam University, Gyeongsan-si, Republic of Korea",IEEE Access,"15 Dec 2023","2023","11","","137747","137757","Water, especially drinking water, should be clean and free of disease-causing bacteria because of its critical role in life. However, it isn’t easy to identify and classify them rapidly at an early stage. Primarily, the examination of water is performed manually to check the contamination level. Some researchers have proposed techniques to detect and classify bacteria images, but this field still needs more attention. In this research work, a robust Quantum Convolutional Neural Network (QCNN) classification model is proposed to classify the six major categories of pathogenic bacteria. For the acquisition of pathogen images, different slides are created through the gram-staining process, and then images are captured from those slides. DIBaS is the publicly available dataset that provides these slides captured through gram-staining, which is used to evaluate the proposed methodology. So, in the first step, database preprocessing, small patches are extracted from slide images. However, the extracted patches were not clear and very useful, so the Enhanced Super-Resolution Generative Adversarial Network Model (ESRGAN) was applied to images to improve the image quality of extracted patches. The third step is to extract the deep features and classify bacterial images using the QCNN model, in which the Quantum Convolutional layer is added, and classical data is converted into quantum data to perform classification. Based on the results of classification experiments using the QCNN model, the accuracy is 96.54%.","2169-3536","","10.1109/ACCESS.2023.3339127","Basic Science Research Program through the National Research Foundation of Korea(NRF); Ministry of Education(grant numbers:NRF-2019R1A2C1006159); 2023 Yeungnam University Research Grant; National Research Program for Universities (NRPU) Higher Education Commission (HEC) under Project ID 7794, COMSATS University Islamabad, Wah Campus; ","https://ieeexplore.ieee.org/stamp/stamp.jsp?arnumber=10339292","Generative adversarial network (GAN);pathogens;quantum convolutional network (QCNN);super resolution","Microorganisms;Pathogens;Clustering algorithms;Classification algorithms;Image processing;Image segmentation;Feature extraction;Generative adversarial networks;Convolutional neural networks;Quantum computing;Superresolution","","8","","57","CCBYNCND","1 Dec 2023","2023","","IEEE","IEEE Journals"
"Empirical Analysis of Honeybees Acoustics as Biosensors Signals for Swarm Prediction in Beehives","K. Iqbal; B. Alabdullah; N. Al Mudawi; A. Algarni; A. Jalal; J. Park","School of Computing, National University of Computer and Emerging Sciences, Islamabad, Pakistan; Department of Information Systems, College of Computer and Information Sciences, Princess Nourah bint Abdulrahman University, P.O. Box 84428, Riyadh, Saudi Arabia; Department of Computer Science, College of Computer Science and Information System, Najran University, Najran, Saudi Arabia; Department of Computer Sciences, Faculty of Computing and Information Technology, Northern Border University, Rafha, Saudi Arabia; Faculty of Computing and AI, Air University, Islamabad, Pakistan; Department of Computer Engineering, Tech University of Korea, Gyeonggi-do, Siheung-si, South Korea",IEEE Access,"17 Oct 2024","2024","12","","148405","148421","Honeybees play a vital role in preservation of an healthy environment. Bees not only provide pollination services but also produce honey, beeswax, and royal jelly. Beekeeping has a rich history and substantial economic potential worldwide, but swarming remains a crucial challenge for maintaining profitability. Swarming, a typical colony reproductive process in honeybees, significantly impacts beekeepers profitability by lowering the number of bees in hives and thus effecting honey production. Monitoring of these beehives is therefore of paramount importance to keep an eye on their irregular behavior. Swarm prediction can be done by visually inspecting hives, monitoring temperature, or analyzing acoustic features with machine learning. Acoustic monitoring is instrumental in detecting changes in colony behavior since it overcomes the constraints of visual inspections and is not affected by external factors like temperature. In this paper, we aim to evaluate various state-of-the-art machine learning and deep learning models for swarm prediction by studying wave plot features, Mel Spectrogram, and Melfrequency Cepstral coefficients (MFCC). We use Naive Bayes, K-nearest Neighbors (KNN), and Support Vector Machines (SVM) as machine learning models and Convolution Neural Networks (CNN), Long Short Term Memory (LSTM), and Transformers as deep learning models for comparison purposes. We apply these models on a well-known honey bees audio dataset provided by the NU-hive project and consider classification metrics such as accuracy, precision, recall, and F1 score for the comparative evaluation of our models. Our evaluation demonstrates SVM as the best-performing machine learning algorithm. In particular, SVM with Mel Spectrogram as input data, achieved an accuracy of around 97%. On the other hand, CNN outperformed all the models and achieved an accuracy of 99%, using MFCC features as input data. As a result of these encouraging outcomes, we understand that our results can help the researchers to choose which AI model is more suitable for them to design beehive monitoring systems for accurate identification of abnormal situations in beehives.","2169-3536","","10.1109/ACCESS.2024.3471895","IITP (Institute of Information & Communications Technology Planning & Evaluation)-ICAN (ICT Challenge and Advanced Network of HRD) (IITP-2024-RS-2022-00156326), 50); Korea Government (Ministry of Science and ICT); Princess Nourah bint Abdulrahman University Researchers(grant numbers:PNURSP2024R440); Princess Nourah bint Abdulrahman University, Riyadh, Saudi Arabia; ","https://ieeexplore.ieee.org/stamp/stamp.jsp?arnumber=10701518","Acoustics;audio signals;audio classification;bee swarming;honey bee;Mel spectrogram;MFCC","Support vector machines;Monitoring;Biological system modeling;Deep learning;Acoustics;Long short term memory;Transformers;Nearest neighbor methods;Mel frequency cepstral coefficient;Solid modeling;Machine listening","","40","","64","CCBYNCND","1 Oct 2024","2024","","IEEE","IEEE Journals"
"Plant Leaf Disease Detection, Classification, and Diagnosis Using Computer Vision and Artificial Intelligence: A Review","A. Bhargava; A. Shukla; O. P. Goswami; M. H. Alsharif; P. Uthansakul; M. Uthansakul","Department of Electronics and Communication Engineering, GLA University, Mathura, India; Department of Electronics and Communication Engineering, GLA University, Mathura, India; Department of Electronics, Somaiya Vidyavihar University, Mumbai, India; Department of Electrical Engineering, College of Electronics and Information Engineering, Sejong University, Seoul, Republic of Korea; School of Telecommunication Engineering, Suranaree University of Technology, Nakhon Ratchasima, Thailand; School of Telecommunication Engineering, Suranaree University of Technology, Nakhon Ratchasima, Thailand",IEEE Access,"14 Mar 2024","2024","12","","37443","37469","Agriculture is the ultimate imperative and primary source of origin to furnish domestic income for multifarious countries. The disease caused in plants due to various pathogens like viruses, fungi, and bacteria is liable for considerable monetary losses in the agriculture corporation across the world. The security of crops concerning quality and quantity is crucial to monitor disease in plants. Thus, recognition of plant disease is essential. The plant disease syndrome is noticeable in distinct parts of plants. Nonetheless, commonly the infection is detected in distinct leaves of plants. Computer vision, deep learning, few-shot learning, and soft computing techniques are utilized by various investigators to automatically identify the disease in plants via leaf images. These techniques also benefit farmers in achieving expeditious and appropriate actions to avoid a reduction in the quality and quantity of crops. The application of these techniques in the recognition of disease can avert the disadvantage of origin by a factious selection of disease features, extraction of features, and boost the speed of technology and efficiency of research. Also, certain molecular techniques have been established to prevent and mitigate the pathogenic threat. Hence, this review helps the investigator to automatically detect disease in plants using machine learning, deep learning and few shot learning and provide certain diagnosis techniques to prevent disease. Moreover, some of the future works in the classification of disease are also discussed.","2169-3536","","10.1109/ACCESS.2024.3373001","Suranaree University of Technology (SUT); Thailand Science Research and Innovation (TSRI); National Science, Research and Innovation Fund (NSRF); ","https://ieeexplore.ieee.org/stamp/stamp.jsp?arnumber=10458943","Deep learning;diagnosis;image processing;machine learning;plant disease","Diseases;Plant diseases;Feature extraction;Pathogens;Microorganisms;Deep learning;Agriculture;Diagnostic expert systems;Machine learning;Computer vision;Artificial intelligence;Crop yield","","155","","297","CCBYNCND","4 Mar 2024","2024","","IEEE","IEEE Journals"
"Comparing the Performance of Biomimetic Pattern Recognition with W8 and SVM on Prediction of Horizontal Gene Transfers in Bacteria Genomes","Y. Chen; S. Wang","Laboratory of Artificial Neural Networks, Institute of Semiconductors, Chinese Academy of Sciences, Beijing, China; Laboratory of Artificial Neural Networks, Institute of Semiconductors, Chinese Academy of Sciences, Beijing, China",Chinese Journal of Electronics,"21 Jun 2023","2010","19","1","86","90","With the accomplishment of sequencing genomes, lots of homologous genes had been found in different species. These homologous genes are called horizontal transfer genes, in which genetic material is transferred from the genome of one organism to another. Prediction of the Horizontal gene transfers (HGT) has important meaning for understanding the genome evolution and estimating the hereditary material between species. A novel approach based on Biomimetic pattern recognition (BPR) was proposed to predict the horizontal gene transfers in bacterial genomes. The basis of BPR points to the Principle of homology-continuity (PHC) that the difference between two samples of the same class must be gradually changed. The aim of BPR is to find an optimal covering in the feature space, which rather than “division” in traditional pattern recognition, emphasizing the “similarity” among homologous group members. Two neuron models called Hyper sausage neuron (HSN) and ψ3-neuron as covering units in BPR were used to construct the multi-weighted neural network. The performance of the approach was superior to that of gene scoring method of 8-nucleotide composition (W8) and one-class Support vector machine (SVM).","2075-5597","","10.23919/CJE.2010.10159186","National Natural Science Foundation of China(grant numbers:60753001); ","https://ieeexplore.ieee.org/stamp/stamp.jsp?arnumber=10159186","Biomimetic pattern recognition;Horizontal gene transfer;Hyper sausage neuron;ψ3-neuron;Principle of homology-continuity","Support vector machines;Sequential analysis;Microorganisms;Biomimetics;Biological system modeling;Neurons;Genomics","","1","","21","","21 Jun 2023","January 2010","","CIE","CIE Journals"
"Detection of Rice Plant Disease Using Deep Learning Techniques","S. Babu; M. Maravarman; R. Pitchai","Department of Computing Technologies, SRM Institute of Science and Technology, Chennai, India; Department of Computer Science and Engineering, B V Raju Institute of Technology, Narsapur, Medak, Telangana, India; Department of Computer Science and Engineering, B V Raju Institute of Technology, Narsapur, Medak, Telangana, India",Journal of Mobile Multimedia,"18 Apr 2025","2022","18","3","757","770","Deep learning has recently grown a lot of interest as a way to create a fast, efficient, and reliable image identification and categorization system. India, being one of the world's most important rice producers and consumers, relies heavily on rice to propel its economy and provide its food needs. In the crop protective device, early and precise diagnosis of plant diseases is critical. Traditionally, identification was done either through visual inspection or laboratory testing. It is critical to identify any disease early and perform the necessary treatment to the damaged plants in order to guarantee the rice plants' healthy and proper growth. Because disease detection by hand takes a long time and requires a lot of effort, having an automated system is unavoidable. A rice plant disease identification method depends on deep learning methodologies are presented in this research. Leaf smut, bacterial leaf blight, sheat blight, and brown spot diseases are four of the most frequent rice plant diseases identified in this study. The rice plant disease is identified and recognized using deep learning algorithms. This method of early detection of rice diseases could be utilized as a preventative tool as well as an early detection. The proposed approach provides enhanced accuracy of 99.45% and it is compared with the existing state-of-the-art approaches.","1550-4654","","10.13052/jmm1550-4646.18314","","https://ieeexplore.ieee.org/stamp/stamp.jsp?arnumber=10970472","Rice plant disease;classification;pattern recognition;convolutional neural network (CNN)","Deep learning;Performance evaluation;Plant diseases;Visualization;Microorganisms;Propulsion;Pattern recognition;Convolutional neural networks;Reliability;Testing","","12","","25","","18 Apr 2025","May 2022","","River Publishers","River Publishers Journals"
"Bacterial Foraging Optimization Based Radial Basis Function Neural Network (BRBFNN) for Identification and Classification of Plant Leaf Diseases: An Automatic Approach Towards Plant Pathology","S. S. Chouhan; A. Kaul; U. P. Singh; S. Jain","Department of Computer Science and Engineering, Shri Mata Vaishno Devi University, Katra, India; Department of Computer Science and Engineering, Shri Mata Vaishno Devi University, Katra, India; Department of Applied Mathematics, Madhav Institute of Technology & Science, Gwalior, India; Department of Computer Science and Engineering, Shri Mata Vaishno Devi University, Katra, India",IEEE Access,"9 Mar 2018","2018","6","","8852","8863","The contribution of a plant is highly important for both human life and environment. Plants do suffer from diseases, like human beings and animals. There is the number of plant diseases that occur and affects the normal growth of a plant. These diseases affect complete plant including leaf, stem, fruit, root, and flower. Most of the time when the disease of a plant has not been taken care of, the plant dies or may cause leaves drop, flowers, and fruits drop. Appropriate diagnosis of such diseases is required for accurate identification and treatment of plant diseases. Plant pathology is the study of plant diseases, their causes, procedures for controlling and managing them. But, the existing method encompasses human involvement for classification and identification of diseases. This procedure is time-consuming and costly. Automatic segmentation of diseases from plant leaf images using soft computing approach can be reasonably useful than the existing one. In this paper, we have introduced a method named as bacterial foraging optimization based radial basis function neural network (BRBFNN) for identification and classification of plant leaf diseases automatically. For assigning optimal weight to radial basis function neural network we use bacterial foraging optimization that further increases the speed and accuracy of the network to identify and classify the regions infected of different diseases on the plant leafs. The region growing algorithm increases the efficiency of the network by searching and grouping of seed points having common attributes for feature extraction process. We worked on fungal diseases like common rust, cedar apple rust, late blight, leaf curl, leaf spot, and early blight. The proposed method attains higher accuracy in identification and classification of diseases.","2169-3536","","10.1109/ACCESS.2018.2800685","","https://ieeexplore.ieee.org/stamp/stamp.jsp?arnumber=8289411","Bacteria foraging algorithm;image segmentation;plant diseases;radial basis function neural network;soft computing","Diseases;Support vector machines;Microorganisms;Task analysis;Radial basis function networks;Optimization","","237","","26","OAPA","12 Feb 2018","2018","","IEEE","IEEE Journals"
"Glioblastoma Detection with Hyperspectral Image Analysis through Optimal Wavelength Selection","M. Verbers; F. Manni; H. Fabelo; R. Leon; G. L. Burström; A. Lagares; J. F. Piñeiro; J. Morera Molina; G. M. Callico; S. Zinger","Dept. of Electrical Engineering, Eindhoven University of Technology, Eindhoven, The Netherlands; Dept. of Electrical Engineering, Eindhoven University of Technology, Eindhoven, The Netherlands; Fundacion Canaria Instituto de Investigacion Sanitaria de Canarias (FIISC), Las Palmas de Gran Canaria, Spain; Institute for Applied Microelectronics (IUMA), Universidad de Las Palmas de Gran Canaria, Las Palmas de Gran Canaria, Spain; Dept. of Neurosurgery, Karolinska University Hospital, Stockholm, Sweden; Dept. of Neurosurgery, Hospital Universitario 12 Octubre; Fundacion Canaria Instituto de Investigacion Sanitaria de Canarias (FIISC), Las Palmas de Gran Canaria, Spain; Fundacion Canaria Instituto de Investigacion Sanitaria de Canarias (FIISC), Las Palmas de Gran Canaria, Spain; Institute for Applied Microelectronics (IUMA), Universidad de Las Palmas de Gran Canaria, Las Palmas de Gran Canaria, Spain; Dept. of Electrical Engineering, Eindhoven University of Technology, Eindhoven, The Netherlands",2025 47th Annual International Conference of the IEEE Engineering in Medicine and Biology Society (EMBC),"3 Dec 2025","2025","","","1","7","Glioblastoma is the most aggressive and common type of malignant primary brain tumor. Neurosurgery is one of the main treatments for the removal of glioblastoma tumors. Although complete tumor resection is crucial, excessive removal of brain tissue can cause unwanted impairment. Intraoperative techniques for tumor detection and delineation can help to achieve a more precise resection and improve the clinical workflow and outcomes. This study explores the use of hyperspectral imaging for detecting glioblastoma during surgery. To this end, a database of 24 images from 14 patients is studied by employing an image analysis framework, which entails spectral and spatial dimensionality reduction and classification. Multiple AI-based methods are presented and tested for the detection of healthy tissue and glioblastoma, as well as techniques for reducing HSI dimensionality, thereby facilitating the clinical applicability of HSI. A multi-layer perceptron shows the highest macro F1 score of 86.65%, when 20 hyperspectral wavelengths are automatically selected by using the Ant Colony optimizer. The proposed approach outperforms the state-of-the-art methods, which use datasets including multiple grades and solely grade 4 tumors. The results demonstrate that HSI combined with a proper image analysis framework, aiming at reducing spectral and spatial dimension, has the potential to aid tumor detection during brain surgery.Clinical RelevanceThis paper demonstrates the feasibility of grade 4 brain tumor detection with hyperspectral image analysis using a set of most informative spectral wavelengths, outperforming the state-of-the-art approaches and paving the way for further advancements and applications of non-invasive imaging techniques to improve image-guided glioblastoma surgery","2694-0604","979-8-3315-8618-8","10.1109/EMBC58623.2025.11252746","Horizon Europe; ","https://ieeexplore.ieee.org/stamp/stamp.jsp?arnumber=11252746","","Dimensionality reduction;Image analysis;Machine learning algorithms;Brain tumors;Spatial databases;Classification algorithms;Neurosurgery;Complexity theory;Hyperspectral imaging;Cancer","Glioblastoma;Humans;Brain Neoplasms;Hyperspectral Imaging;Algorithms;Image Processing, Computer-Assisted","2","","46","CCBY","3 Dec 2025","14-18 July 2025","14-18 July 2025","IEEE","IEEE Conferences"
"Image-Centric Deep Learning Ensemble Approach for Automated Wax Moth Infestation Detection in Honey Bee Apiaries","A. Ghafoor; M. Majid; M. Azhar; M. Wajid; N. J. Kavhiza","Institute of Information Technology, Khwaja Fareed University of Engineering and Information Technology, Rahim Yar Khan, Pakistan; Department of Environmental Management, Institute of Environmental Engineering, RUDN University, Moscow, Russia; Department of Agricultural Engineering, Khwaja Fareed University of Engineering and Information Technology, Rahim Yar Khan, Pakistan; Department of Computer Science, Khwaja Fareed University of Engineering and Information Technology, Rahim Yar Khan, Pakistan; Department of Environmental Management, Institute of Environmental Engineering, RUDN University, Moscow, Russia",IEEE Access,"27 Jul 2026","2026","14","","111421","111443","Wax moth (Galleria mellonella) infestation adversely compromises honey bee colony survival, often evading early diagnosis until substantial structural damage to hive combs has occurred. Swift action is therefore vital to prevent irreversible hive damage. The proposed DLHiveGuard represents a novel computer vision-based deep learning framework that fuses MobileNetV2 and Xception to achieve superior feature diversity. For reproducibility and future research, we present HoneyNet, a publicly available, expert-annotated dataset of wax moth infestation images collected from honey bee apiaries. This custom-collected dataset, hosted on Zenodo, was used for all experimental evaluations. Individual and ensemble configurations of multiple state-of-the-art architectures CNNs, MobileNetV2, InceptionV3, DenseNet121, NASNetMobile, and Xception were systematically evaluated. Model performance was quantified using standard classification metrics accuracy, precision, recall, F1-score, Matthews Correlation Coefficient (MCC), Area Under the Precision-Recall Curve (AUPRC) and additional statistical measures such as Cohen’s Kappa and Balanced Accuracy. Experimental results show that MobileNetV2 achieves the highest individual performance with 0.9957 accuracy and an MCC of 0.9909, while DLHiveGuard achieves 0.9914 accuracy and an MCC of 0.9819, demonstrating strong generalization across different configurations. Notably, Grad-CAM is applied to MobileNetV2 to provide visual interpretability of class-discriminative regions. Furthermore, robustness evaluation under Gaussian noise-induced domain shift reveals performance degradation, followed by significant recovery after denoising, confirming resilience to input perturbations. To the best of our knowledge, this is one of the first studies to investigate wax moth detection using ensemble deep learning with explicit robustness analysis under synthetic domain shift conditions. The proposed framework provides a scalable and reliable solution for automated apicultural monitoring and early infestation detection.","2169-3536","","10.1109/ACCESS.2026.3714567","Peoples’ Friendship University of Russia (RUDN) University Strategic Academic Leadership Program; ","https://ieeexplore.ieee.org/stamp/stamp.jsp?arnumber=11613957","Wax moth;precision agriculture;deep learning;ensemble learning;voting;stacking;smart farming;smart agriculture;computer vision;explainable AI;HoneyNet;agriculture datasets;agriculture monitoring datasets","Modeling;Accuracy;Signal detection;Deep learning;Timing;Artificial intelligence;Training;Real-time systems;Convolutional neural networks;Agriculture","","","","56","CCBY","17 Jul 2026","2026","","IEEE","IEEE Journals"
"Diabetic Foot Ulcer Ischemia and Infection Classification Using EfficientNet Deep Learning Models","Z. Liu; J. John; E. Agu","Computer Science Department, Worcester Polytechnic Institute, Worcester, USA; Computer Science Department, Worcester Polytechnic Institute, Worcester, USA; Computer Science Department, Worcester Polytechnic Institute, Worcester, USA",IEEE Open Journal of Engineering in Medicine and Biology,"21 Dec 2022","2022","3","","189","201","Motivation: Infection (bacteria in the wound) and ischemia (insufficient blood supply) in Diabetic Foot Ulcers (DFUs) increase the risk of limb amputation. Goal: To develop an image-based DFU infection and ischemia detection system that uses deep learning. Methods: The DFU dataset was augmented using geometric and color image operations, after which binary infection and ischemia classification was done using the EfficientNet deep learning model and a comprehensive set of baselines. Results: The EfficientNets model achieved 99% accuracy in ischemia classification and 98% in infection classification, outperforming ResNet and Inception (87% accuracy) and Ensemble CNN, the prior state of the art (Classification accuracy of 90% for ischemia 73% for infection). EfficientNets also classified test images in a fraction (10% to 50%) of the time taken by baseline models. Conclusions: This work demonstrates that EfficientNets is a viable deep learning model for infection and ischemia classification.","2644-1276","","10.1109/OJEMB.2022.3219725","Smartphone Wound Image Parameter Analysis and Decision Support in Mobile Environments(grant numbers:1R01EB025801-01); Emmanuel Agu; Diane Strong; Bengisu Tulu; National Science Foundation; Smart and Connected Health Program/NIH NIBIB; ","https://ieeexplore.ieee.org/stamp/stamp.jsp?arnumber=9956918","Deep Learning;Diabetic Foot Ulcers;EfficientNet;Infection;Ischemia","Wounds;Support vector machines;Neural networks;Diabetes;Deep learning;Biological system modeling;Medical conditions","","55","","40","CCBYNCND","21 Nov 2022","2022","","IEEE","IEEE Journals"
"Structured Medical Pathology Data Hiding Information Association Mining Algorithm Based on Optimized Convolutional Neural Network","X. Li; Y. Wang; G. Liu","Department of Information Engineering, Heilongjiang International University, Harbin, China; Department of Mechanical Engineering, Harbin Institute of Petroleum, Harbin, China; College of Computer Science and Technology, Harbin Engineering University, Harbin, China",IEEE Access,"6 Jan 2020","2020","8","","1443","1452","When using traditional algorithms to mine the association of hiding information in medical pathological data, there are some problems, such as low recognition rate of association and poor accuracy of mining results. Therefore, structured medical pathology data hiding information association mining algorithm based on optimized convolution neural network is proposed. Firstly, an information feature is optimized based on rough set relative classification information entropy and ant colony algorithm and the optimized feature matrix is obtained. The information in the optimized feature matrix is weighted, and the weighted features of hiding information are obtained. Secondly, the hiding information feature matrix is transmitted to the convolution neural network for learning, and the weight of the connection layer is extracted. The importance of the corresponding area of the weight is confirmed by the distribution of the weight value, and the feature average matrix is obtained. According to the matrix, the feature of hiding information data is enhanced. The hiding information in the structured medical pathology data is generalized by using the Gaussian Bell function, and the hiding information generalization processing result is combined with the adjacent matrix in the convolution neural network to construct the hiding information classification model. Finally, the classification standard is defined, the cooperative association of hiding information group is obtained, and the mining of association between hiding information of structured medical pathological data is completed. The experimental results show that the proposed algorithm has good feature optimization effect, and the information association recognition rate is high, the anti-interference ability and accuracy are better than the current related results, the highest recall rate is 99.24%, which is much higher than the traditional algorithm, which shows that the algorithm is effective.","2169-3536","","10.1109/ACCESS.2019.2960456","National Natural Science Foundation of China(grant numbers:61803117); Ministry of Education Science and Technology Development Center Industry-University Research Innovation Fund(grant numbers:2018A01002); ","https://ieeexplore.ieee.org/stamp/stamp.jsp?arnumber=8935218","Convolutional neural network;deep learning;medical pathology data;hiding information;association mining","Data mining;Pathology;Optimization;Information entropy;Feature extraction;Biomedical imaging;Rough sets","","23","","51","CCBY","17 Dec 2019","2020","","IEEE","IEEE Journals"
"Bilevel Hyperparameter Optimization and Neural Architecture Search for Enhanced Breast Cancer Detection in Smart Hospitals Interconnected With Decentralized Federated Learning Environment","S. Khan; F. Nosheen; S. S. A. Naqvi; H. Jamil; M. Faseeh; M. Ali Khan; D. -H. Kim","Department of Computer Science, COMSATS University Islamabad, Attock Campus, Attock, Pakistan; Department of Computer Science, COMSATS University Islamabad, Attock Campus, Attock, Pakistan; Department of Electronics Engineering, Jeju National University, Jeju, Republic of Korea; Department of Electronics Engineering, Jeju National University, Jeju, Republic of Korea; Department of Electronics Engineering, Jeju National University, Jeju, Republic of Korea; Department of Computer Engineering, Jeju National University, Jeju, Republic of Korea; Big Data Research Center, Jeju National University, Jeju, Republic of Korea",IEEE Access,"8 May 2024","2024","12","","63618","63628","Breast cancer, a widespread malignancy predominantly affecting women aged 40 and above, presents a significant global health challenge with high mortality rates. The scarcity of medical data underscores the need for collaborative efforts among hospitals to enhance automated breast cancer detection. This research employs decentralized Federated Learning (FL) to facilitate cooperative learning across an interconnected smart hospital network, addressing data privacy, regulatory compliance, voluminous medical image data, and the necessity for distributed machine learning. Our innovative approach integrates Ant Colony Optimization (ACO) for hyperparameter fine-tuning and Neural Architecture Search (NAS) in a collaborative framework for smart hospitals linked with decentralized edge intelligent networks. This optimization strategy significantly improves the performance of our breast cancer detection system. Through a comprehensive experimental study (including diverse datasets), we classify Normal vs. Mass and Benign vs. Malignant regions in mammograms within a decentralized, federated collaborative learning environment. Empirical results consistently highlight the superiority of models trained using our method over individual hospital client-level training. Our method yielded significant improvements across evaluation measures: for Normal vs. Mass, achieving 92.6% sensitivity, 93.0% specificity, and 93.0% accuracy; for Benign vs. Malignant, achieving 89.6% sensitivity, 91.6% specificity, and 89.7% accuracy. Moreover, it has obtained a 6% and 5% increase in accuracy for Normal vs. Mass and Benign vs. Malignant cases, respectively, compared to the PSO-based HPO method. This evidence underscores the potential of collaborative approaches, emphasizing decentralized FL as a robust paradigm in medical research. The incorporation of ACO optimization reinforces the effectiveness of the proposed computer-aided diagnosis (CAD) system, marking a noteworthy advancement in the ongoing fight against breast cancer.","2169-3536","","10.1109/ACCESS.2024.3392572","National Research Foundation of Korea (NRF); Brain Pool Program(grant numbers:2022H1D3A2A02055024); Creative Research Project(grant numbers:RS-2023-00248526); ","https://ieeexplore.ieee.org/stamp/stamp.jsp?arnumber=10506922","Hyperparameter optimization;neural architecture search;metaheuristic ACO;decentralized federated learning;breast cancer detection","Solid modeling;Data models;Cancer;Breast cancer;Hospitals;Collaboration;Training;Hyperparameter optimization;Metaheuristics;Detection algorithms","","20","","29","CCBYNCND","23 Apr 2024","2024","","IEEE","IEEE Journals"
"Detecting COVID-19 From Lung Computed Tomography Images: A Swarm Optimized Artificial Neural Network Approach","S. Punitha; T. Stephan; R. Kannan; M. Mahmud; M. S. Kaiser; S. B. Belhaouari","Department of Computer Science and Engineering, Graphic Era (Deemed to be University), Dehradun, Tamil Nadu, India; Department of Computer Science and Engineering, Faculty of Engineering and Technology, M. S. Ramaiah University of Applied Sciences, Bengaluru, Karnataka, India; Department of Electrical and Electronics Engineering, Universiti Teknologi PETRONAS, Seri Iskandar, Malaysia; Department of Computer Science, Nottingham Trent University, Nottingham, U.K.; Institute of Information Technology, Jahangirnagar University, Savar, Dhaka, Bangladesh; Division of Information and Computing Technology, College of Science and Engineering, Hamad Bin Khalifa University, Education City, Qatar Foundation, Doha, Qatar",IEEE Access,"10 Feb 2023","2023","11","","12378","12393","COVID-19 has affected many people across the globe. Though vaccines are available now, early detection of the disease plays a vital role in the better management of COVID-19 patients. An Artificial Neural Network (ANN) powered Computer Aided Diagnosis (CAD) system can automate the detection pipeline accounting for accurate diagnosis, overcoming the limitations of manual methods. This work proposes a CAD system for COVID-19 that detects and classifies abnormalities in lung CT images using Artificial Bee Colony (ABC) optimised ANN (ABCNN). The proposed ABCNN approach works by segmenting the suspicious regions from the CT images of non-COVID and COVID patients using an ABC optimised region growing process and extracting the texture and intensity features from those suspicious regions. Further, an optimised ANN model whose input features, initial weights and hidden nodes are optimised using ABC optimisation classifies those abnormal regions into COVID and non-COVID classes. The proposed ABCNN approach is evaluated using the lung CT images collected from the public datasets. In comparison to other available techniques, the proposed ABCNN approach achieved a high classification accuracy of 92.37% when evaluated using a set of 470 lung CT images.","2169-3536","","10.1109/ACCESS.2023.3236812","","https://ieeexplore.ieee.org/stamp/stamp.jsp?arnumber=10016732","Artificial neural networks;artificial bee colony algorithm;multilayer perceptron;resilient backpropagation;texture features;feature extraction;classification accuracy","COVID-19;Computed tomography;Lungs;Feature extraction;Artificial neural networks;Solid modeling;Pulmonary diseases;Vaccines;Artificial bee colony algorithm","","26","","86","CCBY","13 Jan 2023","2023","","IEEE","IEEE Journals"
"Metric-Based Frame Selection and Deep Learning Model With Multi-Head Self Attention for Classification of Ultrasound Lung Video Images","E. A. Nehary; S. Rajan; C. Rossa","Department of Systems and Computer Engineering, Carleton University, Ottawa, ON, Canada; Department of Systems and Computer Engineering, Carleton University, Ottawa, ON, Canada; Department of Systems and Computer Engineering, Carleton University, Ottawa, ON, Canada",IEEE Access,"12 Jun 2024","2024","12","","79297","79310","Detection of COVID-19 manifestations in lung ultrasound (US) images has gained attention in recent times. The current state-of-the-art technique for distinguishing a healthy lung from COVID-19 infected or bacterial pneumonia infected lung uses non-adjacent frames or equally spaced frames from the video. However, the frame content or correlation between the selected frames has not been taken into consideration for frame selection. In this paper, a metric-based frame selection approach is proposed for three-way classification of lung US videos, and the influence of the frame selection method on image classification accuracy is studied. A deep learning model comprising of a pre-trained model (VGG16) for feature extraction, multi-head attention for feature calibration, global averaging for feature reduction, and a dense layer for classification is proposed. The pre-trained model is re-trained using cross-entropy loss with balanced weights to handle class imbalance. Two types of classification approaches are considered: i) few frames in a video are selected using the proposed metrics; and (ii) all frames in a video are considered. With VGG16 as the pre-trained model, a mean balanced sensitivity of COVID-19, bacterial pneumonia, and healthy classes with 0.82, 0.89, and 0.87, respectively was achieved using 5-fold cross-validation. The results show that even random selection of frames performs better than fixed frame selection and the proposed frame selection method outperforms the state-of-art fixed frame selection irrespective of the type of backbone model used for lung US classification.","2169-3536","","10.1109/ACCESS.2024.3409566","Marion Surgical(grant numbers:ALLRP 550307-20); Natural Sciences and Engineering Research Council of Canada (NSERC); ","https://ieeexplore.ieee.org/stamp/stamp.jsp?arnumber=10547274","Ultrasound;COVID-19;frame selection;deep learning;frame classification;video classification;entropy;SVD","COVID-19;Measurement;Lungs;Deep learning;Pneumonia;Microorganisms;Ultrasonic imaging;Classification algorithms;Videos","","2","","79","CCBYNCND","4 Jun 2024","2024","","IEEE","IEEE Journals"
"Induced Pluripotent Stem Cells Detection via Ensemble Yolo Network","X. Wang; J. Liao; G. Yue; L. He; T. Wang; G. Zhou; B. Lei","National-Regional Key Technology Engineering Laboratory for Medical Ultrasound, Guangdong Key Laboratory for Biomedical Measurements and Ultrasound Imaging, School of Biomedical Engineering, Health Science Center, Shenzhen University, Shenzhen, China; Department of Medical Cell Biology and Genetics, Guangdong Key Laboratory of Genomic Stability and Disease Prevention, Shenzhen Key Laboratory of Anti-Aging and Regenerative Medicine, and Shenzhen Engineering Laboratory of Regenerative Technologies for Orthopaedic Diseases, Health Science Center, Shenzhen University, Shenzhen, China; National-Regional Key Technology Engineering Laboratory for Medical Ultrasound, Guangdong Key Laboratory for Biomedical Measurements and Ultrasound Imaging, School of Biomedical Engineering, Health Science Center, Shenzhen University, Shenzhen, China; Department of Medical Cell Biology and Genetics, Guangdong Key Laboratory of Genomic Stability and Disease Prevention, Shenzhen Key Laboratory of Anti-Aging and Regenerative Medicine, and Shenzhen Engineering Laboratory of Regenerative Technologies for Orthopaedic Diseases, Health Science Center, Shenzhen University, Shenzhen, China; National-Regional Key Technology Engineering Laboratory for Medical Ultrasound, Guangdong Key Laboratory for Biomedical Measurements and Ultrasound Imaging, School of Biomedical Engineering, Health Science Center, Shenzhen University, Shenzhen, China; Department of Medical Cell Biology and Genetics, Guangdong Key Laboratory of Genomic Stability and Disease Prevention, Shenzhen Key Laboratory of Anti-Aging and Regenerative Medicine, and Shenzhen Engineering Laboratory of Regenerative Technologies for Orthopaedic Diseases, Health Science Center, Shenzhen University, Shenzhen, China; National-Regional Key Technology Engineering Laboratory for Medical Ultrasound, Guangdong Key Laboratory for Biomedical Measurements and Ultrasound Imaging, School of Biomedical Engineering, Health Science Center, Shenzhen University, Shenzhen, China",2021 43rd Annual International Conference of the IEEE Engineering in Medicine & Biology Society (EMBC),"9 Dec 2021","2021","","","3738","3741","Induced pluripotent stem cells (iPSCs) have huge potential in regenerative medicine research and industrial applications. However, building automatic method without using cell staining technique for iPSCs identification is an important challenge. To improve the efficiency of producing iPSCs, we build an accurate and noninvasive iPSCs colonies detection method via ensemble Yolo network based on the self-collected bright-field microscopy images. Meanwhile, test-time augmentation (TTA) is leveraged to further improve the detection result of our iPSCs colonies detection method. Extensive experimental results on our dataset demonstrate that our method obtains quite favorable detection performance with the highest F1 score of 0.867 and the highest mean average precision score of 0.898, which outperforms most mainstream methods.","2694-0604","978-1-7281-1179-7","10.1109/EMBC46164.2021.9629744","National Natural Science Foundation of China; Shenzhen Peacock Plan; ","https://ieeexplore.ieee.org/stamp/stamp.jsp?arnumber=9629744","","Biological system modeling;Microscopy;Buildings;Stem cells","Induced Pluripotent Stem Cells;Regenerative Medicine","3","","21","IEEE","9 Dec 2021","1-5 Nov. 2021","1-5 Nov. 2021","IEEE","IEEE Conferences"
"Prediction of Tuberculosis From Lung Tissue Images of Diversity Outbred Mice Using Jump Knowledge Based Cell Graph Neural Network","V. Acharya; D. Choi; B. Yener; G. Beamer","Rensselaer Polytechnic Institute, Troy, NY, USA; Cummings School of Veterinary Medicine, Tufts University, North Grafton, MA, USA; Rensselaer Polytechnic Institute, Troy, NY, USA; Research Pathology, Aiforia Technologies, Cambridge, MA, USA",IEEE Access,"5 Feb 2024","2024","12","","17164","17194","Tuberculosis (TB), primarily affecting the lungs, is caused by the bacterium Mycobacterium tuberculosis and poses a significant health risk. Detecting acid-fast bacilli (AFB) in stained samples is critical for TB diagnosis. Whole Slide (WS) Imaging allows for digitally examining these stained samples. However, current deep-learning approaches to analyzing large-sized whole slide images (WSIs) often employ patch-wise analysis, potentially missing the complex spatial patterns observed in the granuloma essential for accurate TB classification. To address this limitation, we propose an approach that models cell characteristics and interactions as a graph, capturing both cell-level information and the overall tissue micro-architecture. This method differs from the strategies in related cell graph-based works that rely on edge thresholds based on sparsity/density in cell graph construction, emphasizing a biologically informed threshold determination instead. We introduce a cell graph-based jumping knowledge neural network (CG-JKNN) that operates on the cell graphs where the edge thresholds are selected based on the length of the mycobacteria’s cords and the activated macrophage nucleus’s size to reflect the actual biological interactions observed in the tissue. The primary process involves training a Convolutional Neural Network (CNN) to segment AFBs and macrophage nuclei, followed by converting large (42831*41159 pixels) lung histology images into cell graphs where an activated macrophage nucleus/AFB represents each node within the graph and their interactions are denoted as edges. To enhance the interpretability of our model, we employ Integrated Gradients and Shapely Additive Explanations (SHAP). Our analysis incorporated a combination of 33 graph metrics and 20 cell morphology features. In terms of traditional machine learning models, Extreme Gradient Boosting (XGBoost) was the best performer, achieving an F1 score of 0.9813 and an Area under the Precision-Recall Curve (AUPRC) of 0.9848 on the test set. Among graph-based models, our CG-JKNN was the top performer, attaining an F1 score of 0.9549 and an AUPRC of 0.9846 on the held-out test set. The integration of graph-based and morphological features proved highly effective, with CG-JKNN and XGBoost showing promising results in classifying instances into AFB and activated macrophage nucleus. The features identified as significant by our models closely align with the criteria used by pathologists in practice, highlighting the clinical applicability of our approach. Future work will explore knowledge distillation techniques and graph-level classification into distinct TB progression categories.","2169-3536","","10.1109/ACCESS.2024.3359989","Boehringer Ingelheim Veterinary Scholars Program; National Institutes of Health National Heart, Lung, and Blood Institute (NHLBI)(grant numbers:R01HL14541); ","https://ieeexplore.ieee.org/stamp/stamp.jsp?arnumber=10416836","Acid-fast bacilli;cell graphs;convolutional neural network;granuloma;jumping knowledge neural network;pulmonary tuberculosis;whole slide image","Tuberculosis;Feature extraction;Biological system modeling;Graph neural networks;Convolutional neural networks;Knowledge engineering;Pulmonary diseases","","28","","98","CCBYNCND","30 Jan 2024","2024","","IEEE","IEEE Journals"
"Convolutional Sparse Support Estimator-Based COVID-19 Recognition From X-Ray Images","M. Yamaç; M. Ahishali; A. Degerli; S. Kiranyaz; M. E. H. Chowdhury; M. Gabbouj","Faculty of Information Technology and Communication Sciences, Tampere University, Tampere, Finland; Faculty of Information Technology and Communication Sciences, Tampere University, Tampere, Finland; Faculty of Information Technology and Communication Sciences, Tampere University, Tampere, Finland; Department of Electrical Engineering, Qatar University, Doha, Qatar; Department of Electrical Engineering, Qatar University, Doha, Qatar; Faculty of Information Technology and Communication Sciences, Tampere University, Tampere, Finland",IEEE Transactions on Neural Networks and Learning Systems,"3 May 2021","2021","32","5","1810","1820","Coronavirus disease (COVID-19) has been the main agenda of the whole world ever since it came into sight. X-ray imaging is a common and easily accessible tool that has great potential for COVID-19 diagnosis and prognosis. Deep learning techniques can generally provide state-of-the-art performance in many classification tasks when trained properly over large data sets. However, data scarcity can be a crucial obstacle when using them for COVID-19 detection. Alternative approaches such as representation-based classification [collaborative or sparse representation (SR)] might provide satisfactory performance with limited size data sets, but they generally fall short in performance or speed compared to the neural network (NN)-based methods. To address this deficiency, convolution support estimation network (CSEN) has recently been proposed as a bridge between representation-based and NN approaches by providing a noniterative real-time mapping from query sample to ideally SR coefficient support, which is critical information for class decision in representation-based techniques. The main premises of this study can be summarized as follows: 1) A benchmark X-ray data set, namely QaTa-Cov19, containing over 6200 X-ray images is created. The data set covering 462 X-ray images from COVID-19 patients along with three other classes; bacterial pneumonia, viral pneumonia, and normal. 2) The proposed CSEN-based classification scheme equipped with feature extraction from state-of-the-art deep NN solution for X-ray images, CheXNet, achieves over 98% sensitivity and over 95% specificity for COVID-19 recognition directly from raw X-ray images when the average performance of 5-fold cross validation over QaTa-Cov19 data set is calculated. 3) Having such an elegant COVID-19 assistive diagnosis performance, this study further provides evidence that COVID-19 induces a unique pattern in X-rays that can be discriminated with high accuracy.","2162-2388","","10.1109/TNNLS.2021.3070467","","https://ieeexplore.ieee.org/stamp/stamp.jsp?arnumber=9408240","Coronavirus disease (COVID-19) recognition;representation-based classification;severe acute respiratory syndrome coronavirus 2 (SARS-CoV-2)~virus;transfer learning","COVID-19;X-ray imaging;Diseases;Dictionaries;Training;Image recognition;Lung","COVID-19;Deep Learning;Diagnosis, Differential;Humans;Neural Networks, Computer;Pneumonia, Bacterial;Pneumonia, Viral;Tomography, X-Ray Computed;X-Rays","107","","53","CCBY","19 Apr 2021","May 2021","","IEEE","IEEE Journals"
"Pathogen-Based Classification of Plant Diseases: A Deep Transfer Learning Approach for Intelligent Support Systems","K. P. Asha Rani; S. Gowrishankar","Department of Computer Science and Engineering, Dr. Ambedkar Institute of Technology, Bengaluru, Karnataka, India; Visvesvaraya Technological University (VTU), Belagavi, Karnataka, India",IEEE Access,"3 Jul 2023","2023","11","","64476","64493","The national economy’s key pillar, agriculture has a significant influence on society. Plant health monitoring and disease detection are essential for sustainable agriculture. To protect plants against pathogen damage, farmers must be able to detect an infection prior to its obviousness. Effective plant disease detection technique can greatly lessen the use of toxic chemicals thereby aiding a better environment. For diseases to be managed effectively, plant pathogens must be accurately detected. The pathogens that cause plant diseases include bacteria, fungi, viruses, oomycetes, nematodes, phytoplasmas, protozoa, and parasitic plants. In this paper pathogen-based plant disease detection is done. An automated plant disease detection and its classification are done along with identifying the pathogen responsible for it using keras transfer learning models. This is done by considering Agri-ImageNet dataset as well as images of leaves, bulb, and flowers of sunflower and cauliflower captured in a natural realistic environment. This dataset overcomes the drawback of PlantVillage dataset in which images are captured in homogeneous backgrounds and controlled settings. These problems can be solved by reusing knowledge representations through deep transfer learning. Main objective of this paper is to explore and analyze all the deep transfer learning models, to identify which model is best suited for plant disease dataset. This work has been carried out by using 38 deep transfer learning models to obtain best classification accuracy. EfficientNetV2B2 and EfficientNetV2B3 models’ give highest accuracy in comparison with all other deep transfer learning models for sunflower, cauliflower and Agri-ImageNet datasets. Classification report is generated from the best deep transfer learning model.","2169-3536","","10.1109/ACCESS.2023.3284680","","https://ieeexplore.ieee.org/stamp/stamp.jsp?arnumber=10147120","Plant disease detection;pathogens;transfer learning;deep learning;deep transfer learning;pretrained models;Xception;VGG_16;VGG_19;ResNet models;InceptionV3;InceptionResNetV2;MobileNet models;DenseNet121 models;NasNet models;EfficientNet models;EfficientNetV2 models;ConvNeXt models","Plant diseases;Transfer learning;Pathogens;Deep learning;Feature extraction;Task analysis;Biological system modeling","","73","","48","CCBYNCND","9 Jun 2023","2023","","IEEE","IEEE Journals"
"An Integrated Design for Classification and Localization of Diabetic Foot Ulcer Based on CNN and YOLOv2-DFU Models","J. Amin; M. Sharif; M. A. Anjum; H. U. Khan; M. S. A. Malik; S. Kadry","Department of Computer Science, University of Wah, Wah Cantonment, Pakistan; Department of Computer Science, Comsats University Islamabad–Wah, Wah Cantonment, Pakistan; College of Electrical & Mechanical Engineering, National University of Sciences & Technology (NUST), Islamabad, Pakistan; Department of Accounting & Information Systems, College of Business and Economics, Qatar University, Doha, Qatar; Department of Information Technology, Government College University Faisalabad, Faisalabad, Pakistan; Department of Mathematics and Computer Science, Faculty of Science, Beirut Arab University, Beirut, Lebanon",IEEE Access,"30 Dec 2020","2020","8","","228586","228597","Diabetes is a chronic disease, if not treated in time may lead to many complications including diabetic foot ulcers (DFU). DFU is a dangerous disease, it needs regular treatment otherwise it may lead towards foot amputation. The DFU is classified into two categories such as infection (bacteria) and the ischaemia (inadequate supply of the blood). The DFU detection at an initial phase is a tough procedure. Therefore in this research work 16 layers convolutional neural network (CNN) for example 01 input, 03 convolutional, 03 batch-normalization, 01 average pooling, 01 skips convolutional, 03 ReLU, 01 add (element-wise addition of two inputs), fully connected, softmax and classification output layers for classification and YOLOv2-DFU for localization of infection/ischaemia models are proposed. In the classification phase, deep features are extracted and supplied to the number of classifiers such as KNN, DT, Ensemble, softmax, and NB to analyze the classification results for the selection of best classifiers. After the experimentation, we observed that DT and softmax achieved consistent results for the detection of ischaemia/infection in all performance metrics such as sensitivity, specificity, and accuracy as compared with other classifiers. In addition, after the classification, the Gradient-weighted class activation mapping (Grad-Cam) model is used to visualize the high-level features of the infected region for better understanding. The classified images are passed to the YOLOv2-DFU network for infected region localization. The Shuffle network is utilized as a mainstay of the YOLOv2 model in which bottleneck extracted features through ReLU node-199 layer and passed to the YOLOv2 model. The proposed method is validated on the newly developed DFU-Part (B) dataset and the results are compared with the latest published work using the same dataset.","2169-3536","","10.1109/ACCESS.2020.3045732","Qatar National Library; ","https://ieeexplore.ieee.org/stamp/stamp.jsp?arnumber=9298774","YOLOv2-DFU;convolutional;batch-normalization;shuffle net;ReLU","Foot;Diabetes;Feature extraction;Computational modeling;Training;Image segmentation","","62","","44","CCBYNCND","18 Dec 2020","2020","","IEEE","IEEE Journals"
"Developing a Multimodal System for Bee Object Detection and Health Assessment","A. Liang","The Harker School, San Jose, CA, USA",IEEE Access,"5 Nov 2024","2024","12","","158703","158713","Honey bees pollinate about one-third of the world’s food supply, but bee colonies have alarmingly declined by nearly 40% over the past decade due to several factors, including exposure to pesticides. Traditional methods for monitoring beehives, such as human inspections, are subjective, disruptive, and time-consuming. To address these limitations, artificial intelligence has been used to assess beehive health. However, previous studies have lacked an end-to-end solution and primarily relied on data from a single source, either bee images or sounds. This study introduces a unified system for bee object detection, which selectively processes data containing bees for health evaluation. Additionally, it utilizes a combination of visual and audio signals to analyze bee behaviors. A Cross-Attention-based Multimodal Neural Network (CAMNN) was developed to adaptively focus on key features from each type of signal for more accurate bee health assessment. The CAMNN achieved an overall accuracy of 93%, surpassing eight existing single-signal Convolutional Neural Networks and Recurrent Neural Networks. It outperformed the best image-based model by 33% and the top audio-based model by 15%. Furthermore, it improved prediction robustness, attaining an F1-score above 90% across all four evaluated health conditions. The study also showed that audio signals were more reliable than images for assessing bee health. By seamlessly integrating CAMNN with both image and sound data in a holistic bee health monitoring system, this approach provided a more efficient and non-invasive solution for the early detection of bee diseases and the preservation of bee colonies.","2169-3536","","10.1109/ACCESS.2024.3464559","","https://ieeexplore.ieee.org/stamp/stamp.jsp?arnumber=10684835","Deep learning;artificial intelligence;computer vision;signal processing;electronic beehive monitoring;multimodal model;cross-attention-based mechanism;bee health assessment","Feature extraction;Monitoring;Visualization;Computational modeling;Annotations;Accuracy;Temperature sensors;Deep learning;Computer vision;Bees algorithm","","8","","36","CCBYNCND","20 Sep 2024","2024","","IEEE","IEEE Journals"
"Disease Detection in Grape Cultivation Using Strategically Placed Cameras and Machine Learning Algorithms With a Focus on Powdery Mildew and Blotches","K. Hesham Khan; A. Aljaedi; M. S. Ishtiaq; H. Imam; Z. Bassfar; S. Shaukat Jamal","School of Computing Technologies, RMIT University, Melbourne, VIC, Australia; College of Computing and Information Technology, University of Tabuk, Tabuk, Saudi Arabia; Department of Biomedical Engineering, Riphah International University, Islamabad, Pakistan; Department of Biomedical Engineering, Riphah International University, Islamabad, Pakistan; College of Computing and Information Technology, University of Tabuk, Tabuk, Saudi Arabia; Department of Mathematics, College of Science, King Khalid University, Abha, Saudi Arabia",IEEE Access,"1 Oct 2024","2024","12","","139505","139523","Grape cultivation faces various challenges, such as pests, management, fertilizer quality, and diseases caused by bacteria, fungi, and viruses. Notably, powdery mildew and blotches are significant diseases with different features, necessitating an accurate detection system to minimize crop losses. While traditional methods involve capturing images of diseased leaves, this research proposes a smart approach using deep learning and machine learning algorithms to analyze images taken by strategically placed cameras on farms. The research aims to design a system capable of detecting diseases that can provide information relevant to decisions, alert farmers, and allow authorized actions. Employing artificial intelligence algorithms such as support vector machines (SVM), convolutional neural networks (CNN), decision trees (DT), Naive Bayes (NB), and random forest (RF), the proposed model classifies datasets of powdery mildew, blotches, and healthy leaves when using augmented and histogram-oriented gradient (HOG) preprocessing. Following the classification of affected and healthy leaves, a stacking algorithm is used to select the optimal algorithm that provides the highest level of accuracy. The experimental results and analysis reveal that the CNN classifier outperforms others, achieving an accuracy of 96.1%. When transfer learning and fine tuning are applied to the CNN-based model, the accuracy of the model increases by 1.4% and 3.1%, respectively. SVM classification also provides a suitable level of accuracy of 96.0% for HOG augmented data.","2169-3536","","10.1109/ACCESS.2024.3430190","Deanship of Scientific Research, King Khalid University, through the Large Group Research Project(grant numbers:RGP2/5/44); ","https://ieeexplore.ieee.org/stamp/stamp.jsp?arnumber=10600698","Grape cultivation;disease detection;image processing;machine learning;deep learning","Accuracy;Deep learning;Classification algorithms;Convolutional neural networks;Feature extraction;Plant diseases;Plants (biology);Crops;Farming;Machine learning;Detection algorithms","","16","","66","CCBYNCND","18 Jul 2024","2024","","IEEE","IEEE Journals"
"Detection of Carbapenem Resistance in Klebsiella pneumoniae Using Vision Transformers and MALDI-TOF Proteomic Profiles","V. S. Marín; J. P. V. Pulgarin; S. A. Holguín-García; I. L. M. Figueroa; A. C. E. Maldonado; J. C. G. Velásquez; R. Tabares-Soto; M. A. Bravo-Ortíz; G. J. Fernández","Laboratorio SYNLAB Colombia, Medellín, Colombia; Departamento de Electrónica y Automatización, Autonomous University of Manizales, Manizales, Colombia; Departamento de Electrónica y Automatización, Autonomous University of Manizales, Manizales, Colombia; Laboratorio SYNLAB Colombia, Medellín, Colombia; Laboratorio SYNLAB Colombia, Medellín, Colombia; Laboratorio SYNLAB Colombia, Medellín, Colombia; Departamento de Electrónica y Automatización, Autonomous University of Manizales, Manizales, Colombia; Departamento de Electrónica y Automatización, Autonomous University of Manizales, Manizales, Colombia; Grupo de Investigación, Biología y Control de Enfermedades, Universidad de Antioquia, Antioquia, Colombia",IEEE Access,"6 Apr 2026","2026","14","","50035","50056","Antimicrobial resistance constitutes an escalating global health concern, significantly increasing morbidity, mortality, and healthcare-associated costs. Rapid and accurate detection of resistant bacterial strains is crucial for optimizing clinical decision-making and mitigating their dissemination. This study investigates the integration of artificial intelligence (AI) and mass spectrometry techniques for the classification of carbapenem-resistant Klebsiella pneumoniae strains. Specifically, we leverage Matrix-Assisted Laser Desorption/Ionization Time-of-Flight Mass Spectrometry (MALDI-TOF MS) data and a Convolutional Vision Transformer (CvT) model to enhance classification accuracy. A dataset comprising 180 proteomic spectra—100 from carbapenem-sensitive isolates and 80 from resistant isolates—was analyzed. The proposed CvT model demonstrated superior performance compared to traditional machine learning and deep learning architectures, achieving the highest mean accuracy of 80.61% and a robust F1-score of 80.19% across a five-fold cross-validation. Grad-CAM visualizations further enhanced the model’s interpretability by identifying critical proteomic patterns associated with resistance. The findings underscore the potential of vision transformers for detecting antimicrobial resistance, offering a novel approach to optimize microbiological diagnostics.","2169-3536","","10.1109/ACCESS.2026.3672321","Universidad Autónoma de Manizales the Projects ‘‘Classification of Alzheimer’s Disease Stages Using Magnetic Resonance Imaging and Clinical Data with Deep Learning Techniques’’(grant numbers:873-139); ‘‘Application of Vision Transformer to Classify Alzheimer’s Disease Stages Using Magnetic Resonance Imaging and Clinical Data’’(grant numbers:847-2023 TD); National Agency for Research and Development (ANID), the Applied Research Subdirection (SIA) through the IDeA I+D 2023 Instrument(grant numbers:ID23I10357); ‘‘Interactive Virtual Didactic Strategy for the Promotion of ICT Skills and their Relationship with Computational Thinking’’(grant numbers:PRY-121); ‘‘Diagnóstico del Cáncer Cérvico-Uterino a Través de Modelos de Inteligencia Artificial, Como Aporte a la Salud Integral de las Mujeres’’(grant numbers:PRY-276); ‘‘Generar un Modelo de ML Que Sea Capaz de Predecir Las Condiciones Idóneas Que Contribuya a la Administración de los Recursos de Hidrocarburos Gaseosos en la Cuenca del Valle Inferior del Magdalena’’(grant numbers:PRY-345); ‘‘Diagnóstico del Cáncer Cérvico-Uterino a Través de Modelos de Inteligencia Artificial, Como Aporte a la Salud Integral de las Mujeres’’(grant numbers:PRY-276); Universidad de Caldas for through the Framework of the ‘‘Plataforma Tecnológica Para la Clasificación de los Estadios de la Enfermedad de Alzheimer Utilizando Imágenes de Resonancia Magnética Nuclear, Datos Clónicos y Técnicas de Deep Learning’’ and ‘‘Desarrollo de Modelos de Ciencia de Datos Para Apoyo Diagnóstico en el S.E.S. Hospital Universitario de Caldas’’(grant numbers:PRY-178); ","https://ieeexplore.ieee.org/stamp/stamp.jsp?arnumber=11426891","Bacterial resistance;antimicrobial resistance;carbapenem resistance;machine learning;MALDI-TOF MS","Immune system;Microorganisms;Antimicrobial resistance;Transformers;Proteomics;Feature extraction;Computer vision;Strain;Accuracy;Mass spectroscopy","","","","46","CCBY","9 Mar 2026","2026","","IEEE","IEEE Journals"
"MBAHIL: Design of a Multimodal Hybrid Bioinspired Model for Augmentation of Hyperspectral Imagery via Iterative Learning for Continuous Efficiency Enhancements","D. Saini; R. Malik; R. Garg; M. K. I. Rahmani; M. E. Ahmed; D. Prashar; S. Jha; J. Nazeer; S. Ahmad","School of Computer Science and Engineering, Lovely Professional University, Phagwara, Punjab, India; School of Computer Science and Engineering, Lovely Professional University, Phagwara, Punjab, India; School of Computer Science and Engineering, Lovely Professional University, Phagwara, Punjab, India; College of Computing and Informatics, Saudi Electronic University, Riyadh, Saudi Arabia; College of Computing and Informatics, Saudi Electronic University, Riyadh, Saudi Arabia; School of Computer Science and Engineering, Lovely Professional University, Phagwara, Punjab, India; Department of Computer Science and Engineering, School of Engineering, Kathmandu University, Banepa, Kathmandu, Nepal; Department of Computer Science, College of Computer Engineering and Sciences, Prince Sattam Bin Abdulaziz University, Al-Kharj, Saudi Arabia; Department of Computer Science, College of Computer Engineering and Sciences, Prince Sattam Bin Abdulaziz University, Al-Kharj, Saudi Arabia",IEEE Access,"22 May 2023","2023","11","","47781","47793","The augmentation of hyperspectral images requires the design of high-density feature analysis & band-fusion models that can generate multimodal imagery from limited information sets. The feature analysis models use deep learning operations to maximize inter-class variance while minimizing inter-class variance levels for efficient classification operations. When combined with intelligent band-fusion methods, such models allow the augmentation model to enhance its classification efficiency under different use cases. Existing band-fusion-based augmentation models for hyperspectral images do not incorporate continuous efficiency enhancements and showcase higher complexity levels. Furthermore, these models can’t be scaled for more varied use cases because their use is restricted to specific image types. To overcome these issues, we designed a novel multimodal hybrid bioinspired model for the augmentation of hyperspectral imagery via iterative learning for continuous efficiency enhancements. The proposed model initially represents input images into Fourier, Laplacian, Cosine, multimodal Wavelet, Mellin, and Z-Transform domains, which will assist in describing the images in multimodal domains. These transformed image sets are passed through a convolutional filter to extract windowed feature sets. A Grey Wolf Optimizer (GWO) is used to identify high inter-class variance features from the extracted image sets, which assists in selecting transformed images that can help improve hyperspectral classification performance. The selected hyperspectral images are fused via a Bacterial Foraging Optimization (BFO) model, which assists in reducing intra-class variance levels. The final set of selected images is intelligently augmented via Particle Swarm Optimization (PSO), which performs rotation, zooming, shifting, and brightness variation operations selectively. These augmented images are classified via a customized VGGNet-19-based Convolutional Neural Network (CNN) classifier that assists in continuously estimating accuracy levels for different application scenarios. Based on these accuracy levels, the model is reconfigured via hyperparameter tuning of GWO and PSO optimizers. Due to combining these models and incremental accuracy optimizations, the proposed model has improved its hyperspectral classification accuracy by 10.6% and precision by 10.4%, as compared to standard deep learning-based augmentation techniques.","2169-3536","","10.1109/ACCESS.2023.3273529","","https://ieeexplore.ieee.org/stamp/stamp.jsp?arnumber=10119144","Bacterial foraging optimization;grey wolf optimizer;hyperspectral images;particle swarm optimization;VGGNet-19","Hyperspectral imaging;Biological system modeling;Convolutional neural networks;Feature extraction;Data models;Generative adversarial networks;Complexity theory;Particle swarm optimization","","9","","62","CCBYNCND","5 May 2023","2023","","IEEE","IEEE Journals"
"Advanced Meta-Heuristics, Convolutional Neural Networks, and Feature Selectors for Efficient COVID-19 X-Ray Chest Image Classification","E. -S. M. El-Kenawy; S. Mirjalili; A. Ibrahim; M. Alrahmawy; M. El-Said; R. M. Zaki; M. M. Eid","Department of Communications and Electronics, Delta Higher Institute of Engineering and Technology (DHIET), Mansoura, Egypt; Centre for Artificial Intelligence Research and Optimization, Torrens University Australia, Fortitude Valley, QLD, Australia; Computer Engineering and Control Systems Department, Faculty of Engineering, Mansoura University, Mansoura, Egypt; Department of Computer Science, Faculty of Computers and Information, Mansoura University, Mansoura, Egypt; Electrical Engineering Department, Faculty of Engineering, Mansoura University, Mansoura, Egypt; Department of Communications and Electronics, Delta Higher Institute of Engineering and Technology (DHIET), Mansoura, Egypt; Department of Communications and Electronics, Delta Higher Institute of Engineering and Technology (DHIET), Mansoura, Egypt",IEEE Access,"4 Mar 2021","2021","9","","36019","36037","The chest X-ray is considered a significant clinical utility for basic examination and diagnosis. The human lung area can be affected by various infections, such as bacteria and viruses, leading to pneumonia. Efficient and reliable classification method facilities the diagnosis of such infections. Deep transfer learning has been introduced for pneumonia detection from chest X-rays in different models. However, there is still a need for further improvements in the feature extraction and advanced classification stages. This paper proposes a classification method with two stages to classify different cases from the chest X-ray images based on a proposed Advanced Squirrel Search Optimization Algorithm (ASSOA). The first stage is the feature learning and extraction processes based on a Convolutional Neural Network (CNN) model named ResNet-50 with image augmentation and dropout processes. The ASSOA algorithm is then applied to the extracted features for the feature selection process. Finally, the Multi-layer Perceptron (MLP) Neural Network’s connection weights are optimized by the proposed ASSOA algorithm (using the selected features) to classify input cases. A Kaggle chest X-ray images (Pneumonia) dataset consists of 5,863 X-rays is employed in the experiments. The proposed ASSOA algorithm is compared with the basic Squirrel Search (SS) optimization algorithm, Grey Wolf Optimizer (GWO), and Genetic Algorithm (GA) for feature selection to validate its efficiency. The proposed (ASSOA + MLP) is also compared with other classifiers, based on (SS + MLP), (GWO + MLP), and (GA + MLP), in performance metrics. The proposed (ASSOA + MLP) algorithm achieved a classification mean accuracy of (99.26%). The ASSOA + MLP algorithm also achieved a classification mean accuracy of (99.7%) for a chest X-ray COVID-19 dataset tested from GitHub. The results and statistical tests demonstrate the high effectiveness of the proposed method in determining the infected cases.","2169-3536","","10.1109/ACCESS.2021.3061058","","https://ieeexplore.ieee.org/stamp/stamp.jsp?arnumber=9360538","Chest X-ray;transfer learning;convolutional neural network;squirrel search optimization;multilayer perceptron;optimization algorithm","X-ray imaging;Feature extraction;Diseases;Optimization;Lung;COVID-19;Classification algorithms","","134","","66","CCBY","22 Feb 2021","2021","","IEEE","IEEE Journals"
"Paddy Plant Disease Recognition, Risk Analysis, and Classification Using Deep Convolution Neuro-Fuzzy Network","V. V. Kumar; K. M. K. Raghunath; N. Rajesh; M. Venkatesan; R. B. Joseph; N. Thillaiarasu","School of Computer Science and Engineering, Jain (Deemed to be University), Bangalore, India; Department of Computer Science and Engineering, MVJ College of Engineering, Bangalore, India; University of Technology and Applied Science, Shinas, Sultanate of Oman; Department of mathematics, School of Applied Sciences, REVA University, Bengaluru, Karnataka; Department of Mathematics, Christ Academy Institute for Advanced Studies, Bangalore, India; School of Computing and Information Technology, REVA University, Bengaluru, India",Journal of Mobile Multimedia,"18 Apr 2025","2022","18","2","325","347","A significant number of the world's population is dependent on rice for survival. In addition to sugarcane and corn, rice is said to be the third most growing staple food in the world. As a consequence of intensive usage of man-made fertilizers, paddy plant diseases have also risen at a faster pace in current history. Exploring the possible disease spread and classifying to detect the consequent impact at an early stage will prevent the loss and improve rice production. The core task of this research is to recognize and quantify different kinds of infections (disease) affecting the paddy plant crop, such as brown spots, bacterial blight, and leaf blasts. Both detection and recognition are carried out based on the risk analysis of paddy crop leaf images. We suggest a Deep Convolutional Neuro-Fuzzy Method (DCNFM) that combines one of the advanced machine learning variant, namely deep convolutional neural networks (DCNNs) and uncertainty handler called fuzzy logic. The synthesis has the benefits of both fuzzy logic and DCNN s when dealing with unstructured data, extracting essential features from imprecise and ambiguous datasets. From the crop field, continuous image data are captured through image sensors and fed as a primary input to the proposed model to analyze the risk and then later to classify them for precise recognition/detection of the disease. The detection/recognition rate of the DCNFM is found to be 98.17% which is comparatively found to be effective in comparison with the traditional CNN model.","1550-4654","","10.13052/jmm1550-4646.1829","","https://ieeexplore.ieee.org/stamp/stamp.jsp?arnumber=10967118","Convolution neuro-fuzzy;paddy;accuracy;disease classification;bronzing;crown rot;blast;head blight","Training;Fuzzy logic;Plant diseases;Accuracy;Image recognition;Crops;Feature extraction;Data models;Risk analysis;Convolutional neural networks","","4","","22","","18 Apr 2025","March 2022","","River Publishers","River Publishers Journals"
"Deep Learning and Edge Computing in Agriculture: A Comprehensive Review of Recent Trends and Innovations","A. Junaidi; S. Z. M. Hashim; M. S. B. Othman; M. M. B. Mohamad; H. Alhussian; S. J. Abdulkadir; M. Nasser; Y. A. Bena","Faculty of Computing, Universiti Teknologi Malaysia (UTM), Johor Bahru, Johor, Malaysia; Faculty of Computing, Universiti Teknologi Malaysia (UTM), Johor Bahru, Johor, Malaysia; Faculty of Computing, Universiti Teknologi Malaysia (UTM), Johor Bahru, Johor, Malaysia; Faculty of Computing, Universiti Teknologi Malaysia (UTM), Johor Bahru, Johor, Malaysia; Department of Computing, Universiti Teknologi PETRONAS, Seri Iskandar, Malaysia; Department of Computing, Universiti Teknologi PETRONAS, Seri Iskandar, Malaysia; Department of Computing, Universiti Teknologi PETRONAS, Seri Iskandar, Malaysia; Faculty of Computing, Universiti Teknologi Malaysia (UTM), Johor Bahru, Johor, Malaysia",IEEE Access,"8 Aug 2025","2025","13","","137464","137490","Rice is a vital staple for over half of the global population, yet its production is significantly threatened by leaf diseases caused by fungal and bacterial pathogens. Early and accurate detection of such diseases is critical to minimizing crop loss, particularly under conditions of labor shortages and climate variability. Traditional inspection methods are labor-intensive and error-prone, highlighting the need for automated, intelligent solutions. This systematic literature review explores recent advancements in deep learning and edge computing for rice leaf disease detection, focusing on challenges such as small and overlapping lesion detection and real-time model deployment. These lesions are difficult to detect due to their limited size, irregular shapes, and visual similarity to healthy areas, especially in field conditions. A comprehensive search across five databases (2020–2024) using the keywords “rice leaf disease detection,” “object detection,” and “edge computing” identified 2,072 articles. After applying inclusion criteria, 76 peer-reviewed journal articles were selected. Among the models reviewed, You Only Look Once version 7 (YOLOv7) achieved the highest accuracy (99% mAP), outperforming Faster Region-Based Convolutional Neural Network (Faster R-CNN) and YOLOv8. Edge devices like NVIDIA Jetson Nano demonstrated real-time capabilities, achieving 0.0549 seconds latency per image using YOLOv7-tiny at  $640\times 640$  resolution. Vision Transformers (ViTs) also performed well (up to 98% mAP) but faced challenges related to computational and data efficiency. Future directions include leveraging lightweight models, solar-powered edge devices, and hybrid ViT–CNN architectures. This review underscores the transformative role of AI technologies in precision agriculture, offering scalable tools to improve crop monitoring and global food security.","2169-3536","","10.1109/ACCESS.2025.3595621","Yayasan Universiti Teknologi PETRONAS (UTP)(grant numbers:YUTP-PRG 015PBC-028); ","https://ieeexplore.ieee.org/stamp/stamp.jsp?arnumber=11112602","Rice leaf disease detection;deep learning;edge computing;vision transformers;precision agriculture","Diseases;Deep learning;Edge computing;Computational modeling;Crops;Lesions;Artificial intelligence;Computer vision;Accuracy;Transformers","","18","","83","CCBY","4 Aug 2025","2025","","IEEE","IEEE Journals"
"Rapid Detection of Microbial Load in Chicken Meat via Gas Sensor Array and Machine Learning","M. Milli","Department of Computer Engineering, Bolu Abant İzzet Baysal University, Bolu, Türkiye",IEEE Access,"24 Jul 2026","2026","14","","111258","111274","Today, both classical culture methods and modern molecular and rapid analysis methods are used to determine microbial growth in food products. Conventional methods involve long turnaround times, high labour and costs, and reliance on expert interpretation; thus, there is a need for low-cost, digitally integrable, and mobile-adaptable alternatives. In this study, a gas sensor matrix integrated with machine learning algorithms was utilised to rapidly predict microbial growth in chicken meat, enabling estimation of microbial load under controlled storage conditions. Based on results from models built with different heater profiles and algorithms, the Gradient Boosting Regressor emerged as the most effective approach for regression, while the Support Vector Machine achieved the highest classification performance. In terms of heater profiles, the temperature modulation of HP-324 was observed to be the most suitable for this type of study. The proposed models, with their high predictive accuracy, are intended not to replace conventional microbiological methods, but to serve as a rapid pre-screening layer that complements and supports them in food quality control workflows. The results demonstrate that sensor-based predictive models can provide a non-contact, rapid, non-destructive, and scalable solution for assessing microbial growth, thereby contributing significantly to food safety monitoring and shelf life prediction.","2169-3536","","10.1109/ACCESS.2026.3715366","","https://ieeexplore.ieee.org/stamp/stamp.jsp?arnumber=11614827","Gas sensor array;machine learning;microbial load prediction;chicken meat;food quality monitoring;electronic nose","Modeling;Image sensors;Machine learning;Gases;Machining;Signal detection;Measurement;Training;Gas detectors;Loading","","1","","70","CCBY","20 Jul 2026","2026","","IEEE","IEEE Journals"
"Prediction of Promotors in Agrobacterium and Klebsiella Using Novel Feature Engineering and Ensemble Learning Approach","N. A. Samee; R. Talaat; A. Raza; H. Shaiba; S. Meshoul","Department of Information Technology, College of Computer and Information Sciences, Princess Nourah bint Abdulrahman University P.O. Box 84428, Riyadh, Saudi Arabia; Department of Biotechnology and Genetics, Agriculture Engineering, Ain Shams University, Cairo, Egypt; Department of Software Engineering, The University of Lahore, Lahore, Pakistan; Department of Computer Science, College of Computer and Information Sciences, Princess Nourah bint Abdulrahman University P.O. Box 84428, Riyadh, Saudi Arabia; Department of Information Technology, College of Computer and Information Sciences, Princess Nourah bint Abdulrahman University P.O. Box 84428, Riyadh, Saudi Arabia",IEEE Access,"10 Mar 2025","2025","13","","42116","42128","This paper presents an efficient machine learning-based model for the prediction of promoters in bacterial genomes, specifically targeting Agrobacterium tumefaciens, Klebsiella aerogenes, and Xanthomonas campestris. Agrobacterium tumefaciens is a well-known bacterium that induces plant tumors, such as crown gall disease, negatively impacting crop health and productivity. In contrast, Klebsiella aerogenes is an opportunistic pathogen responsible for various human infections, including healthcare-associated infections that often exhibit antibiotic resistance. Additionally, Xanthomonas campestris is a significant plant pathogen that causes various diseases in crops, making its study important for agricultural sustainability. Accurate promoter prediction in these bacterial species is crucial for understanding gene regulation mechanisms, with potential applications in agricultural biotechnology and medical research. In this study, a novel feature engineering approach was employed to extract significant features from the dataset. A Random Forest classifier was utilized to generate probabilistic features based on the probability estimates for each sequence, providing deeper insights into the data. These features were then used to train an ensemble learning model, combining the strengths of multiple classifiers to enhance prediction accuracy. Our method achieved remarkable accuracy, precision, and recall rates of 99%, 98%, and 99%, respectively, which not only demonstrate the effectiveness of our model but also exceed the current performance of the state of the art in this area. By leveraging advanced classification techniques, we provide a robust framework for promoter prediction that can significantly enhance genetic engineering and biotechnological applications involving these organisms.","2169-3536","","10.1109/ACCESS.2025.3544520","Princess Nourah bint Abdulrahman University Researchers Supporting Project, Princess Nourah bint Abdulrahman University, Riyadh, Saudi Arabia(grant numbers:PNURSP2025R746); ","https://ieeexplore.ieee.org/stamp/stamp.jsp?arnumber=10897991","Agrobacterium;Klebsiella;bacterial genomes;ensemble learning;machine learning","Predictive models;Genomics;Accuracy;Microorganisms;Feature extraction;Ensemble learning;RNA;Data models;Bioinformatics;Analytical models","","1","","33","CCBY","21 Feb 2025","2025","","IEEE","IEEE Journals"
"Deep Domain Adaptation Enhances Amplification Curve Analysis for Single-Channel Multiplexing in Real-Time PCR","Y. Mao; K. Xu; L. Miglietta; L. Kreitmann; N. Moser; P. Georgiou; A. Holmes; J. Rodriguez-Manzano","Department of Electrical and Electronic Engineering, Faculty of Engineering, Imperial College London, London, U.K.; Department of Infectious Disease, Faculty of Medicine, Imperial College, London, U.K.; Department of Infectious Disease, Faculty of Medicine, Imperial College, London, U.K.; Department of Infectious Disease, Faculty of Medicine, Imperial College, London, U.K.; Department of Electrical and Electronic Engineering, Faculty of Engineering, Imperial College London, London, U.K.; Department of Electrical and Electronic Engineering, Faculty of Engineering, Imperial College London, London, U.K.; Department of Infectious Disease, Faculty of Medicine, Imperial College, London, U.K.; Department of Infectious Disease, Faculty of Medicine, Imperial College, London, U.K.",IEEE Journal of Biomedical and Health Informatics,"5 Jun 2023","2023","27","6","3093","3103","Data-driven approaches for molecular diagnostics are emerging as an alternative to perform an accurate and inexpensive multi-pathogen detection. A novel technique called Amplification Curve Analysis (ACA) has been recently developed by coupling machine learning and real-time Polymerase Chain Reaction (qPCR) to enable the simultaneous detection of multiple targets in a single reaction well. However, target classification purely relying on the amplification curve shapes faces several challenges, such as distribution discrepancies between different data sources (i.e., training vs testing). Optimisation of computational models is required to achieve higher performance of ACA classification in multiplex qPCR through the reduction of those discrepancies. Here, we proposed a novel transformer-based conditional domain adversarial network (T-CDAN) to eliminate data distribution differences between the source domain (synthetic DNA data) and the target domain (clinical isolate data). The labelled training data from the source domain and unlabelled testing data from the target domain are fed into the T-CDAN, which learns both domains' information simultaneously. After mapping the inputs into a domain-irrelevant space, T-CDAN removes the feature distribution differences and provides a clearer decision boundary for the classifier, resulting in a more accurate pathogen identification. Evaluation of 198 clinical isolates containing three types of carbapenem-resistant genes (blaNDM, blaIMP and blaOXA-48) illustrates a curve-level accuracy of 93.1% and a sample-level accuracy of 97.0% using T-CDAN, showing an accuracy improvement of 20.9% and 4.9% respectively. This research emphasises the importance of deep domain adaptation to enable high-level multiplexing in a single qPCR reaction, providing a solid approach to extend qPCR instruments' capabilities in real-world clinical applications.","2168-2208","","10.1109/JBHI.2023.3257727","Imperial COVID-19 Research Fund(grant numbers:WDAI.G28059); Department of Health and Social Care funded Centre for Antimicrobial Optimisation (CAMO) at Imperial College London; Imperial College President's PhD Scholarships 2021; Scholarship from bioMerieux, S.A.; ","https://ieeexplore.ieee.org/stamp/stamp.jsp?arnumber=10070782","Domain adaptation;transformer;ACA;amplificaion curve analysis;PCR;multiplex","DNA;Feature extraction;Training;Multiplexing;Testing;Pathogens;Data models","Real-Time Polymerase Chain Reaction;Computer Simulation;Machine Learning;Nucleic Acid Amplification Techniques","10","","38","CCBY","15 Mar 2023","June 2023","","IEEE","IEEE Journals"
"Reliable Tuberculosis Detection Using Chest X-Ray With Deep Learning, Segmentation and Visualization","T. Rahman; A. Khandakar; M. A. Kadir; K. R. Islam; K. F. Islam; R. Mazhar; T. Hamid; M. T. Islam; S. Kashem; Z. B. Mahbub; M. A. Ayari; M. E. H. Chowdhury","Department of Biomedical Physics and Technology, University of Dhaka, Dhaka, Bangladesh; Department of Electrical Engineering, Qatar University, Doha, Qatar; Department of Biomedical Physics and Technology, University of Dhaka, Dhaka, Bangladesh; Department of Orthodontics, Bangabandhu Sheikh Mujib Medical University, Dhaka, Bangladesh; Department of Electrical Engineering, Qatar University, Doha, Qatar; Thoracic Surgery, Hamad General Hospital, Doha, Qatar; Department of Medicine, Weill Cornell Medicine-Qatar, Doha, Qatar; Department of Electrical, Electronic, and Systems Engineering, Universiti Kebangsaan Malaysia, Bangi, Malaysia; Faculty of Robotics and Advanced Computing, Qatar Armed Forces-Academic Bridge Program, Qatar Foundation, Doha, Qatar; Department of Mathematics and Physics, North South University, Dhaka, Bangladesh; College of Engineering, Qatar University, Doha, Qatar; Department of Biomedical Physics and Technology, University of Dhaka, Dhaka, Bangladesh",IEEE Access,"27 Oct 2020","2020","8","","191586","191601","Tuberculosis (TB) is a chronic lung disease that occurs due to bacterial infection and is one of the top 10 leading causes of death. Accurate and early detection of TB is very important, otherwise, it could be life-threatening. In this work, we have detected TB reliably from the chest X-ray images using image pre-processing, data augmentation, image segmentation, and deep-learning classification techniques. Several public databases were used to create a database of 3500 TB infected and 3500 normal chest X-ray images for this study. Nine different deep CNNs (ResNet18, ResNet50, ResNet101, ChexNet, InceptionV3, Vgg19, DenseNet201, SqueezeNet, and MobileNet) were used for transfer learning from their pre-trained initial weights and were trained, validated and tested for classifying TB and non-TB normal cases. Three different experiments were carried out in this work: segmentation of X-ray images using two different U-net models, classification using X-ray images and that using segmented lung images. The accuracy, precision, sensitivity, F1-score and specificity of best performing model, ChexNet in the detection of tuberculosis using X-ray images were 96.47%, 96.62%, 96.47%, 96.47%, and 96.51% respectively. However, classification using segmented lung images outperformed that with whole X-ray images; the accuracy, precision, sensitivity, F1-score and specificity of DenseNet201 were 98.6%, 98.57%, 98.56%, 98.56%, and 98.54% respectively for the segmented lung images. The paper also used a visualization technique to confirm that CNN learns dominantly from the segmented lung regions that resulted in higher detection accuracy. The proposed method with state-of-the-art performance can be useful in the computer-aided faster diagnosis of tuberculosis.","2169-3536","","10.1109/ACCESS.2020.3031384","NPRP12S-0227-190164 from the Qatar National Research Fund; Qatar Foundation, Doha, Qatar; Qatar National Library; ","https://ieeexplore.ieee.org/stamp/stamp.jsp?arnumber=9224622","Tuberculosis detection;TB screening;deep learning;transfer learning;lungs segmentation;image processing","X-ray imaging;Lung;Image segmentation;Deep learning;Diseases;Medical diagnostic imaging","","599","","52","CCBY","15 Oct 2020","2020","","IEEE","IEEE Journals"
"Plant Leaf Disease Detection Using Ensemble Learning and Explainable AI","A. Oad; S. S. Abbas; A. Zafar; B. A. Akram; F. Dong; M. S. H. Talpur; M. Uddin","Faculty of Information Engineering, Shaoyang University, Shaoyang, China; Department of Computer Science, University of Engineering and Technology at Lahore, Lahore, Pakistan; Department of Computer Science, University of Engineering and Technology at Lahore, Lahore, Pakistan; Department of Computer Science, University of Engineering and Technology at Lahore, Lahore, Pakistan; Faculty of Information Engineering, Shaoyang University, Shaoyang, China; Information Technology Centre, Sindh Agriculture University, Tando Jam, Pakistan; College of Computing and Information Technology, University of Doha for Science and Technology, Doha, Qatar",IEEE Access,"29 Oct 2024","2024","12","","156038","156049","Plants are integral to the agriculture industry, profoundly impacting a nation’s economy and environmental stability, with a significant portion of certain countries’ economies reliant on crop production. Much like human health, plants face susceptibility to diseases induced by viruses and bacteria, necessitating careful attention to plant care and disease identification. This study introduces an AI (Artificial Intelligence) model that detects and explains plant diseases through image analysis. The proposed system, distinct from existing detectors, identifies numerous diseases in vegetables and fruits by employing our proposed ensemble learning classifier involving four deep learning models: VGG16, VGG19, ResNet101 V2, and Inception V3, achieving an accuracy exceeding 90%. The reason for using ensemble learning is to obtain accurate predictions. Furthermore, the system sets itself apart by providing explanations for predictions using LIME (Local Interpretable Model-Agnostic Explanations), applied to interpret the predictions of deep learning models. The visualizations generated from multiple methods point to specific pixels’ influence on accurate and incorrect predictions, clearly illustrating the model’s decision-making process. This technique shows areas of the image that contributed positively to the model’s decision, like key regions where the object of interest was most prominent, and areas that added negative values, where irrelevant or misleading features were present. By exploring these features, we gained insights into how the model interprets and prioritizes different aspects of the image during prediction. The study aims to address existing limitations in plant disease detection, offering a comprehensive solution to enhance agricultural practices, foster economic growth, and contribute to environmental sustainability.","2169-3536","","10.1109/ACCESS.2024.3484574","Qatar National Library (QNL); ","https://ieeexplore.ieee.org/stamp/stamp.jsp?arnumber=10729231","Deep learning (DL);convolution neural network (CNN);explainable AI (XAI);ensemble learning;plant diseases;plant village","Ensemble learning;Accuracy;Deep learning;Plant diseases;Biological system modeling;Predictive models;Explainable AI;Convolutional neural networks;Training","","60","","24","CCBY","22 Oct 2024","2024","","IEEE","IEEE Journals"
"A Method for Guaranteeing Wireless Communication Based on a Combination of Deep and Shallow Learning","Q. Tian; J. Li; H. Liu","College of Computer Science and Technology, Harbin Engineering University, Harbin, China; College of Computer Science and Technology, Harbin Engineering University, Harbin, China; College of Computer Science and Technology, Harbin Engineering University, Harbin, China",IEEE Access,"2 Apr 2019","2019","7","","38688","38695","Wireless communication has changed and improved people's lives and society, especially with the arrival of the Internet of Things (IoT) era. Despite the maturity of wireless communication, the security issue of communication remains the most stubborn and troublesome problem due to the increasingly complex and large amounts of data. An intrusion detection system is the guarantee of secure communication. However, variable protocols and drastic growth in data volume make intrusion detection a difficult task. In this paper, we proposed a framework of anomaly-based network intrusion detection system to finish the detection job. First, UNSW-NB15 is selected as the research object. Based on this new dataset, we built a detection model combining a deep learning method and a shallow learning approach. The former one is a deep auto-encoder used for feature learning, which can discover important representations of data and accelerate detection. The latter one is a powerful support vector machine (SVM), where the artificial bee colony (ABC) algorithm is used to find optimal parameters for SVM with five-fold cross validation (5FCV). Various experiments are conducted and the simulation results prove that the proposed method performs quite better than some of state-of-the-art intrusion detection approaches, including the method based on the principal component analysis (PCA) and some other machine learning strategies.","2169-3536","","10.1109/ACCESS.2019.2905754","Natural Science Foundation of Heilongjiang Province(grant numbers:F2018011); ","https://ieeexplore.ieee.org/stamp/stamp.jsp?arnumber=8671689","Wireless communication;big data;intrusion detection system;deep auto-encoder","Support vector machines;Intrusion detection;Wireless communication;Kernel;Internet of Things;Data mining","","38","","40","OAPA","20 Mar 2019","2019","","IEEE","IEEE Journals"
"A Novel Approach for Recognizing Fine Fractures in Hydraulic Fracturing of Rock Core","X. Cao; H. Zhai; X. Chang; H. Song; P. Wang","Key Laboratory of Exploration Technologies for Oil and Gas Resources, Ministry of Education, Yangtze University, Wuhan, China; Institute of Geophysics, China Earthquake Administration, Beijing, China; Key Laboratory of Shale Gas and Geoengineering, Institute of Geology and Geophysics, Chinese Academy of Sciences, Beijing, China; Sinopec Geophysics Corporation, Jianghan, Wuhan, China; Key Laboratory of Exploration Technologies for Oil and Gas Resources, Ministry of Education, Yangtze University, Wuhan, China",IEEE Access,"15 Dec 2025","2025","13","","207188","207199","Fracture identification and quantitative analysis at the core scale are crucial for gaining an in-depth understanding of fracture initiation, propagation, and spatial distribution during hydraulic fracturing. In recent years, industrial computed tomography (CT) has enabled voxel-scale digital reconstruction of rock cores; however, quantitative characterization of fine fractures remains challenging due to limited imaging resolution and grayscale overlap between different phases. To address these limitations, this study proposes a novel CT-based fracture identification framework that integrates image processing, ant colony tracking, and clustering-based classification to achieve high-precision reconstruction of three-dimensional fracture networks. Validation on shale core samples from the Longmaxi Formation demonstrates that, compared with conventional thresholding, level-set methods, and existing deep learning approaches, the proposed approach significantly enhances the detection of fine fractures and the completeness of geometric reconstruction while maintaining computational efficiency, confirming its robustness and effectiveness in fracture characterization.","2169-3536","","10.1109/ACCESS.2025.3637035","State Key Program of National Natural Science Foundation of China(grant numbers:42274150,42474084); ","https://ieeexplore.ieee.org/stamp/stamp.jsp?arnumber=11267493","Core hydraulic fracturing experiments;fine fracture identification;CT scan data;ant tracking algorithm;fracture enhancement;filtering processing","Computed tomography;Rocks;Hydraulic systems;Image reconstruction;Deep learning;Reservoirs;Image segmentation;Histograms;Imaging;Filtering","","","","48","CCBY","25 Nov 2025","2025","","IEEE","IEEE Journals"
"Robust Model Selection for Plant Leaf Image Recognition Based on Evolutionary Ant Colony Optimization With Learning Rate Schedule","T. Chompookham; S. Phiphitphatphaisit; E. Okafor; O. Surinta","Department of Information Technology, Faculty of Informatics, Multi-Agent Intelligent Simulation Laboratory (MISL) Research Unit, Mahasarakham University, Mahasarakham, Thailand; Department of Information System, Faculty of Business Administration and Information Technology, Rajamangala University of Technology, Khonkaen Campus, Khon Kaen, Thailand; SDAIA-KFUPM Joint Research Center for Artificial Intelligence, King Fahd University of Petroleum and Minerals, Dhahran, Saudi Arabia; Department of Information Technology, Faculty of Informatics, Multi-Agent Intelligent Simulation Laboratory (MISL) Research Unit, Mahasarakham University, Mahasarakham, Thailand",IEEE Access,"24 Sep 2024","2024","12","","132369","132389","Selecting optimal deep learning models is often a time-consuming process. To address this challenge, we propose a novel variant of the ant colony optimization (ACO) algorithm. This approach is designed to enhance model selection across various deep learning architectures, with a particular focus on leaf classification tasks. We introduce a new ACO technique specifically tailored for selecting robust models within convolutional neural networks (CNNs). These models are then integrated into an ensemble learning framework known as ensemble CNNs. A distinguishing feature of our proposed evolutionary ACO algorithm is its ability to consistently identify a set of robust CNN models in each iteration. This capability is facilitated by an innovative fitness function and an adaptive learning rate schedule embedded within the ACO algorithm, which optimizes pheromone distribution. Unlike the original ACO algorithm, which consistently selects the same CNN model, our evolutionary approach enables the dynamic discovery of new CNN models. To validate our method, we conducted experiments on two plant leaf datasets: Mulberry and Turkey-plant. Our comparison with existing methods, specifically the ant colony system (ACS) and the max-min ant system (MMAS), demonstrated that the MMAS algorithm outperformed the ACS algorithm. Furthermore, we explored three ensemble learning techniques: unweighted average, weighted average, and cost-sensitive learning. The weighted average method emerged as the most effective ensemble approach, with its parameters determined through a grid search process. The results indicate that the evolutionary ACO algorithm not only facilitates the selection of robust deep learning models but also achieves superior performance compared to the original ACO algorithm when applied to the Mulberry leaf and Turkey-plant datasets.","2169-3536","","10.1109/ACCESS.2024.3457753","Mahasarakham University(grant numbers:6717011/2567); National Science and Technology Development Agency to Provide Government Scholarships in Science and Technology; ","https://ieeexplore.ieee.org/stamp/stamp.jsp?arnumber=10677001","Model selection;ensemble learning;ensemble convolutional neural networks;metaheuristics;ant colony optimization;learning rate schedule","Convolutional neural networks;Feature extraction;Accuracy;Computational modeling;Adaptation models;Ensemble learning;Image recognition","","5","","96","CCBYNCND","11 Sep 2024","2024","","IEEE","IEEE Journals"
"Fusion of Image Filtering and Knowledge-Distilled YOLO Models for Root Canal Failure Diagnosis","A. Z. Apurba; M. F. S. Titu; M. A. Pavel; I. T. Naheen; R. Khan","Department of Electrical and Computer Engineering, North South University, Dhaka, Bangladesh; Department of Electrical and Computer Engineering, North South University, Dhaka, Bangladesh; Department of Electrical and Computer Engineering, North South University, Dhaka, Bangladesh; Department of Electrical and Computer Engineering, North South University, Dhaka, Bangladesh; Department of Electrical and Computer Engineering, North South University, Dhaka, Bangladesh",IEEE Access,"21 Apr 2025","2025","13","","66557","66573","Root canal treatment involves the removal of inflamed pulp from infected teeth and sealing them to prevent re-entry of bacteria and infection. Early and accurate identification of root canal issues is crucial for improving treatment outcomes and minimizing complications. This study proposes a novel method for efficiently detecting failures in root canal treatments by incorporating image filtering techniques into deep learning models. A custom dataset has been collected from Square Hospital Ltd of Dhaka, Bangladesh, comprising 1,600 annotated, filtered radiographs. These images are processed using denoising algorithms (mean, median, Gaussian, contourlet transform, or Bayesian wavelet), non-local means, and BM3D. The YOLO models used for detection included YOLOv5, YOLOv7, and YOLOv8, with YOLOv5 achieving the highest accuracy of 90.6% on the filtered datasets. This work integrates an autodistillation technique with Grounded SAM as the base model for bounding box generation, YOLOv8 as an intermediate model to bridge architectural differences, and YOLOv5 as the target model due to its lightweight design, fewer parameters, and superior performance on the filtered dataset. Knowledge distillation was employed to optimize performance on lightweight models, resulting in precision and recall values of 99.16% and 97.29%, respectively, for YOLOv5. The filtered datasets outperformed raw images, with the Bayesian wavelet and contourlet transform yielding the best results on YOLOv5. This pipeline demonstrates the potential to develop one of the most accurate and clinically applicable diagnostic tools for root canal failure detection by combining deep learning and knowledge distillation techniques with image filtering. This study demonstrates how combining deep learning with advanced image enhancement techniques can provide a highly accurate, clinically relevant tool for the early detection of root canal treatment failures, potentially aiding dentists in making faster and more consistent diagnoses.","2169-3536","","10.1109/ACCESS.2025.3560998","","https://ieeexplore.ieee.org/stamp/stamp.jsp?arnumber=10965694","Root canal failure detection;filtered radiographs;YOLO models;knowledge distillation;image filtering techniques;deep learning in dentistry","Deep learning;Teeth;Irrigation;Dentistry;YOLO;Computational modeling;Accuracy;Diagnostic radiography;Image filtering;X-ray imaging","","2","","25","CCBY","15 Apr 2025","2025","","IEEE","IEEE Journals"
"AlexNet, AdaBoost and Artificial Bee Colony Based Hybrid Model for Electricity Theft Detection in Smart Grids","A. Ullah; N. Javaid; M. Asif; M. U. Javed; A. S. Yahaya","Department of Computer Science, COMSATS University Islamabad, Islamabad, Pakistan; Department of Computer Science, COMSATS University Islamabad, Islamabad, Pakistan; Department of Computer Science, COMSATS University Islamabad, Islamabad, Pakistan; Department of Computer Science, COMSATS University Islamabad, Islamabad, Pakistan; Department of Computer Science, COMSATS University Islamabad, Islamabad, Pakistan",IEEE Access,"21 Feb 2022","2022","10","","18681","18694","Electricity theft (ET) is an utmost problem for power utilities because it threatens public safety, disturbs the normal working of grid infrastructure and increases revenue losses. In the literature, many machine learning (ML), deep learning (DL) and statistical based models are introduced to detect ET. However, these models do not give optimal results due to the following reasons: curse of dimensionality, class imbalance problem, inappropriate hyper-parameter tuning of ML and DL models, etc. Keeping the aforementioned concerns in view, we introduce a hybrid DL model for the efficient detection of electricity thieves in smart grids. AlexNet is utilized to handle the curse of dimensionality issue while the final classification of energy thieves and normal consumers is performed through adaptive boosting (AdaBoost). Moreover, class imbalance problem is resolved using an undersampling technique, named as near miss. Furthermore, hyper-parameters of AdaBoost and AlexNet are tuned using artificial bee colony optimization algorithm. The real smart meters’ dataset is used to assess the efficacy of the hybrid model. The substantial amount of simulations proves that the hybrid model obtains the highest classification results as compared to its counterparts. Our proposed model obtains 88%, 86%, 84%, 85%, 78% and 91% accuracy, precision, recall, F1-score, Matthew correlation coefficient and area under the curve receiver operating characteristics, respectively.","2169-3536","","10.1109/ACCESS.2022.3150016","","https://ieeexplore.ieee.org/stamp/stamp.jsp?arnumber=9707814","AlexNet;adaptive boosting;artificial bee colony;deep driven models;electricity theft detection;feature extraction;smart grids","Data models;Feature extraction;Adaptation models;Boosting;Convolutional neural networks;Correlation;Smart meters","","71","","48","CCBY","8 Feb 2022","2022","","IEEE","IEEE Journals"
"SUNet: Coffee Leaf Disease Detection Using Hybrid Deep Learning Model","D. Thakur; T. Gera; A. Aggarwal; M. Verma; M. Kaur; D. Singh; M. Amoon","Chitkara University Institute of Engineering and Technology, Chitkara University, Rajpura, Punjab, India; Chitkara University Institute of Engineering and Technology, Chitkara University, Rajpura, Punjab, India; Department of Computer Science and Engineering, UPES, Dehradun, India; School of Computer Science Engineering and Technology, Bennett University, Greater Noida, India; School of Computer Science and Artificial Intelligence, SR University, Warangal, Telangana, India; Research and Development Cell, Lovely Professional University, Phagwara, Punjab, India; Department of Computer Science, Community College, King Saud University, Riyadh, Saudi Arabia",IEEE Access,"18 Oct 2024","2024","12","","149173","149191","Leaf mining, rust, bacterial blight, and berry pathology are major diseases in coffee plants. These diseases not only reduce yield but also affect quality. Early detection and targeted treatment are crucial to mitigate their effects. This paper introduces an efficient hybrid deep learning model, SUNet, for prediction and classification of healthy and diseased coffee leaves. SUNet integrates U-Net with Segnet’s encoding system, using VGG16 for robust feature extraction. A decoder with skip connections is used to preserve spatial details. Mask R-CNN is also employed for instance segmentation, accurately localizing disease spots. A pyramid pooling module captures multi-scale contextual information. The model is tested using two benchmark datasets, JMuBEN and JMuBEN2. These datasets contain a wide range of coffee leaves affected by phoma, cercospora, or rust, along with healthy samples. SUNet achieved significant performance improvement over other models in terms of accuracy, Intersection over Union (IoU), F1-score, precision, and recall by 1.22%, 1.21%, 1.17%, 1.19%, and 1.24%, respectively. These improvements demonstrate that SUNet can be used for the early detection and classification of coffee leaf diseases. Therefore, with precise and timely interventions, SUNet can help farmers minimize crop losses, enhance coffee production quality, and reduce reliance on harmful chemical treatments.","2169-3536","","10.1109/ACCESS.2024.3476211","Researchers Supporting Project number (RSPD2024R968), King Saud University Riyadh, Saudi Arabia; ","https://ieeexplore.ieee.org/stamp/stamp.jsp?arnumber=10707607","Agricultural applications;coffee leaf disease;deep learning;semantic segmentation;SUNet;SegNet;U-Net","Deep learning;Accuracy;Feature extraction;Crops;Computer science;Training;Instance segmentation;Data models;Data augmentation;Plant diseases;Agricultural products;Semantic segmentation","","19","","28","CCBYNCND","8 Oct 2024","2024","","IEEE","IEEE Journals"
"Combined Optimizer for Automatic Design of Machine Learning-Based Fault Classifier for Multilevel Inverters","V. Sudha; K. Vijayarekha; R. K. Sidharthan; N. Prabaharan","Department of EEE, SASTRA Deemed to be University, Thanjavur, Tamil Nadu, India; Department of EEE, SASTRA Deemed to be University, Thanjavur, Tamil Nadu, India; Technical Manager, Engineering Research and Development Services (ERS), HCL Technologies Pvt. Ltd., Chennai, Tamil Nadu, India; Department of EEE, SASTRA Deemed to be University, Thanjavur, Tamil Nadu, India",IEEE Access,"23 Nov 2022","2022","10","","121096","121108","Fault detection and classification are fundamental requirements of multilevel inverters (MLIs) to ensure constant operation and improved reliability. Nowadays, the machine learning (ML) technique is utilized for fault diagnosis in MLIs due to its inherent features such as high accuracy, reduced computation time, and complexity. However, the rich availability of parts and classifiers in ML techniques demands a tedious investigation of every combination to design an optimal fault classifier. To overcome this problem, a combined optimiser is proposed to automate the ML-based classifier design, which involves selecting optimal features and classifier. Mean, total harmonic distortion, root mean square, and different harmonic orders (upto 12th order) of the output voltage of MLI are considered as features and four different ML techniques like K-nearest neighborhood, decision tree, Naive Bayesian classifier, and support vector machines are considered. Ant Colony Optimization (ACO) is used to formulate a combinatorial optimization routine to maximize classification accuracy by optimal selection of features and classifier. The proposed technique is used to design a fault classifier for two different MLIs, such as Cascaded H-bridge MLI (CHBMLI) and Packed U cell inverter (PUC), during the fault conditions (open circuit and short circuit) to check the feasibility. Simulation results illustrate classification accuracy of 97.84% and 98.61% for CHBMLI and PUC, respectively. Experimental validation of the designed classifier on the inverter prototype is also carried out and illustrates 95.56% and 94.28% classification accuracy for CHBMLI and PUC, respectively.","2169-3536","","10.1109/ACCESS.2022.3193784","","https://ieeexplore.ieee.org/stamp/stamp.jsp?arnumber=9839379","Ant colony optimization;combined optimizer;fault classification;inverters;machine learning;multiple signal classification","Circuit faults;Voltage;Feature extraction;Fault diagnosis;Switches;Multilevel inverters;Mathematical models","","29","","43","CCBY","25 Jul 2022","2022","","IEEE","IEEE Journals"
"Seafood Quality Detection Using Electronic Nose and Machine Learning Algorithms With Hyperparameter Optimization","D. R. Wijaya; N. F. Syarwan; M. A. Nugraha; D. Ananda; T. Fahrudin; R. Handayani","School of Applied Science, Telkom University, Bandung, Indonesia; School of Applied Science, Telkom University, Bandung, Indonesia; School of Applied Science, Telkom University, Bandung, Indonesia; Department of Software Engineering, Surabaya Telkom Institute of Technology, Surabaya, Indonesia; School of Applied Science, Telkom University, Bandung, Indonesia; School of Applied Science, Telkom University, Bandung, Indonesia",IEEE Access,"27 Jun 2023","2023","11","","62484","62495","The fisheries sector holds great importance in the Indonesian economy, particularly in terms of its contribution to growth and development. Both the fisheries and marine industries play significant roles in driving economic activities. The rising consumption of marine fishery products has resulted in a growing market demand for high-quality and safe products. Meeting this demand necessitates the maintenance of freshness in marine fishery products. Thus, this research aims to develop a fast, cheap, accurate method utilizing an electronic nose (e-nose) and machine learning algorithms as an alternative method for assessing the freshness quality of marine fishery products (seafood). This experiment employs seven algorithms with hyperparameter optimization to obtain the best performance. Machine learning algorithms are used for classification and regression tasks. The objective is to detect the freshness quality of marine fishery products accurately (classification task) while also identifying microbial populations present in the seafood (regression task). Through extensive investigations, the classification and regression models, specifically employing the k-Nearest Neighbors algorithm, demonstrated remarkable performance, achieving a very high accuracy score. Furthermore, the regression model yielded an RMSE value of 0.03 and an R2 value of 0.995, indicating the effectiveness of the approach in assessing and quantifying the quality attributes of marine fishery products.","2169-3536","","10.1109/ACCESS.2023.3286980","Directorate General of Vocational Education, Ministry of Education, Culture, Research, and Technology of the Republic of Indonesia through the Vocational Product Research Scheme; Telkom University; ","https://ieeexplore.ieee.org/stamp/stamp.jsp?arnumber=10154464","Seafood;electronic nose;machine learning algorithms;hyperparameter optimization;classification;regression","Aquaculture;Fish;Machine learning algorithms;Gas detectors;Statistics;Sociology;Random forests;Machine learning","","48","","40","CCBYNCND","16 Jun 2023","2023","","IEEE","IEEE Journals"
"An Ensemble Deep Learning Approach for Accurate Urinary Sediment Detection Using YOLOv9e and KD-YOLOX-ViT","M. Naznine; A. Salam; M. M. Khan; S. F. Nobi; M. E. H. Chowdhury","Department of Electrical Engineering, Qatar University, Doha, Qatar; Department of Electrical Engineering, Qatar University, Doha, Qatar; Department of Neurology, Hamad Medical Corporation, Doha, Qatar; Department of Electrical Engineering, Qatar University, Doha, Qatar; Department of Electrical Engineering, Qatar University, Doha, Qatar",IEEE Access,"16 Jun 2025","2025","13","","101934","101954","Urinary Tract Infections (UTIs) are common medical diseases that occur from bacterial infections which can impact any area of the urinary system. Detecting urine particles is crucial for diagnosing UTIs and other renal abnormalities, as the presence of red blood cells (RBCs), white blood cells (WBCs), casts, fungi, and bacteria in urine can indicate disorders such as hematuria, kidney stones, and urinary tract malignancies. This study introduces an advanced deep learning method that utilizes ensemble of YOLOv9e and KD-YOLOX-ViT models. YOLOv9e model is built upon the Generalized Efficient Layer Aggregation Network (GELAN) and Programmable Gradient Information (PGI). The KD-YOLOX-ViT model integrates knowledge distillation and Vision Transformer (ViT) modules within the YOLOX framework to improve performance. This ensemble framework combines the strengths of YOLOv9e and KD-YOLOX-ViT models to automate the detection and classification of seven distinct urine sediment particles, effectively addressing challenges related to class imbalance, image resolution, and domain adaptation. The YOLOv9e model exhibited exceptional performance, obtaining precision, recall, and mean average precision (mAP50) scores of 88.5%, 88.1%, and 92.2%, respectively. The KD-YOLOX-ViT model also performed well, achieving precision, recall, mAP50, and mAP50-95 scores of 86%, 88%, 86.7%, and 53.3%, respectively. By ensembling YOLOv9e and KD-YOLOX-ViT using Weighted Box Fusion (WBF), the model achieved a final mAP50 of 94.18%. The model’s adaptability was further validated through rigorous external validation on a novel dataset, yielding in a mAP50 of 94.64%. Comparative analysis with state-of-the-art methods confirms the model’s real-time analytical capabilities. Moreover, the integration of eXplainable AI (XAI) enhances interpretability, offering valuable insights for confident clinical diagnosis. This comprehensive approach shows significant promise in advancing diagnostic accuracy and enabling earlier, real-time treatment on a global scale.","2169-3536","","10.1109/ACCESS.2025.3577959","Qatar National Library; ","https://ieeexplore.ieee.org/stamp/stamp.jsp?arnumber=11028043","Urine sediment detection;YOLOv9e;KD-YOLOX-ViT;external validation;ensembling methods","Sediments;Accuracy;Adaptation models;Kidney;Deep learning;Microscopy;White blood cells;Medical diagnostic imaging;Feature extraction;Bacteria","","5","","48","CCBY","9 Jun 2025","2025","","IEEE","IEEE Journals"
"Enhancing DoS Detection in WSNs Using Enhanced Ant Colony Optimization Algorithm","R. Al-Rawashdeh; A. Aljughaiman; A. Albuali; Y. Alsenani; M. Alnaeem","Department of Information and Computer Science, College of Computing and Mathematics, King Fahd University of Petroleum and Minerals, Dhahran, Saudi Arabia; Department of Computer Networks and Communications, College of Computer Sciences and Information Technology, King Faisal University, Al-Ahsa, Saudi Arabia; Department of Computer Networks and Communications, College of Computer Sciences and Information Technology, King Faisal University, Al-Ahsa, Saudi Arabia; Department of Information Systems, College of Computing and Information Technology, King Abdulaziz University, Jeddah, Saudi Arabia; Department of Computer Networks and Communications, College of Computer Sciences and Information Technology, King Faisal University, Al-Ahsa, Saudi Arabia",IEEE Access,"30 Sep 2024","2024","12","","134651","134671","The increasing use of Wireless Sensor Networks (WSNs) is leading to network traffic growth as data exchange among WSN nodes increases. Protecting WSNs from Denial of Service (DoS) attacks is essential for enhancing data security and avoiding interruptions that can harm productivity and reputation. Detecting a DoS attack quickly is crucial to minimize its impact on the targeted system or network. To meet this requirement, it is critical to have an effective DoS attack detection mechanism that ensures system or network availability and safeguards data and resources. The suggested approach focuses on enhancing DoS attack detection, reducing anomalies, and offering an efficient way to protect WSNs from DoS attacks. A new framework has been proposed to improve DoS attack detection by using optimization techniques and Machine Learning (ML) algorithms to detect and manage DoS attacks effectively. This system integrates Ant Colony Optimization (ACO) with ML algorithms to propose the Enhanced Ant Colony Optimization (EACO) technique. The proposed system has been compared to ACO through the Support Vector Machine (SVM) and K-Nearest Neighbor (KNN) algorithms to assess their performance in identifying DoS attacks. The results from the assessment show that when the EACO algorithm is paired with ML algorithms, it can achieve accuracy, sensitivity, specificity, and F1 scores between 87.6% and 99.8%. Furthermore, the EACO surpasses ACO in terms of accuracy, sensitivity, specificity, F1 score, precision, and Negative Predictive Value (NPV) by about 3.64%, 38.6%, 1.11%, 27.53%, 16.35%, and 2.78%, respectively.","2169-3536","","10.1109/ACCESS.2024.3462636","Deanship of Scientific Research, Vice Presidency for Graduate Studies and Scientific Research, King Faisal University, Saudi Arabia(grant numbers:KFU241789); ","https://ieeexplore.ieee.org/stamp/stamp.jsp?arnumber=10681399","Ant colony optimization (ACO);denial of service (DoS);enhanced ant colony optimization (EACO);low energy adaptive clustering hierarchy (LEACH);wireless sensor network (WSN) security","Wireless sensor networks;Telecommunication traffic;Protocols;Support vector machines;Clustering algorithms;Classification algorithms;Ant colony optimization;Denial-of-service attack","","16","","44","CCBYNCND","17 Sep 2024","2024","","IEEE","IEEE Journals"
"Citrus Diseases and Pests Detection Model Based on Self-Attention YOLOV8","D. Luo; Y. Xue; X. Deng; B. Yang; H. Chen; Z. Mo","College of Electronic Engineering (College of Artificial Intelligence), South China Agricultural University, Guangzhou, China; College of Electronic Engineering (College of Artificial Intelligence), South China Agricultural University, Guangzhou, China; College of Electronic Engineering (College of Artificial Intelligence), South China Agricultural University, Guangzhou, China; College of Electronic Engineering (College of Artificial Intelligence), South China Agricultural University, Guangzhou, China; Guangzhou Tianhui Technology Company Ltd., Guangzhou, China; Lianzhou Haicheng Agricultural Science and Technology Development Company Ltd., Qingyuan, China",IEEE Access,"18 Dec 2023","2023","11","","139872","139881","Effective and timely detection of citrus diseases and pests is crucial for preserving crop health, optimizing agricultural yield, and mitigating economic losses. Although deep learning has greatly improved the accuracy of pest and disease identification, small pest and disease targets, and complex citrus orchard scenarios have brought great challenges to pest and disease identification. To solve these difficulties, the Light-SA YOLOV8 (Lightweight Self-Attention YOLOV8) model is introduced, tailored specifically for real-time detection within intricate natural settings. The model addresses challenges presented by complex backgrounds, such as uneven lighting and reflections on citrus leaves and fruits, by incorporating the BRA self-attention mechanism module before the SPPF layer in the backbone, while achieve flexible computation allocation and content awareness. Furthermore, to streamline computational complexity, the backbone incorporates the FasterNet Block. Moreover, to elevate precision and computational efficiency in the detection of citrus diseases and pests, an innovative feature fusion technique known as the AFPN (asymptotic characteristic pyramid network) structure is introduced at the Neck. The constructed dataset includes five types of diseases: anthracnose, citrus canker, melanosis, scab, and bacterial brown spot-along with one type of insect pest, the citrus shallow leaf moth. The experimental findings showcase the Light-SA YOLOV8 model’s robust performance, boasting an average detection accuracy of 92.6% across the six disease and pest categories within the test dataset. Achieving an mAP@0.5 of 92.5%, the model swiftly detects individual images in a mere 3.4ms, while consuming only 4.5MB of memory. Notably, in comparison to the original YOLOV8n, the Light-SA YOLOV8 model demonstrates remarkable enhancements in both detection accuracy and computational efficiency. It showcases a 2.8% surge in precision (P), a 0.9% improvement in mAP@0.5, and a substantial 20.7% reduction in computational workload. Additionally, when contrasted with Faster RCNN, YOLOV3-tiny, YOLOV8n, and YOLOV5n, the Light-SA YOLOV8 model exhibits an average increase in detection precision of 8.8%, 6%, 2.8%, and 1.8%, respectively. These results underscore the model’s superior performance in precision and computational efficiency compared to existing models. This research offers valuable insights for real-time plant pest and disease detection in natural environments with unstructured backgrounds.","2169-3536","","10.1109/ACCESS.2023.3340148","Independent Research and Development Projects of Maoming Laboratory(grant numbers:2022KF008); Qingyuan Science and Technology Plan Project(grant numbers:2022KJJH073); ","https://ieeexplore.ieee.org/stamp/stamp.jsp?arnumber=10345622","Citrus;disease and pest detection;target detection;YOLOV8;lightweight","Diseases;Feature extraction;Computational modeling;Routing;Resource management;Load modeling;Crops;Agriculture;YOLO","","72","","21","CCBYNCND","5 Dec 2023","2023","","IEEE","IEEE Journals"
"A Radar Signal Recognition System Based on Non-Negative Matrix Factorization Network and Improved Artificial Bee Colony Algorithm","J. Gao; Y. Lu; J. Qi; L. Shen","College of Information and Communication, Harbin Engineering University, Harbin, China; College of Information and Communication, Harbin Engineering University, Harbin, China; College of Information and Communication, Harbin Engineering University, Harbin, China; College of Information and Communication, Harbin Engineering University, Harbin, China",IEEE Access,"30 Aug 2019","2019","7","","117612","117626","The development of cognitive radio and electronic warfare brings new challenges to radar electronic reconnaissance, the recognition of radar signal plays an extreme important role in radar electronic reconnaissance. In order to realize the reliable recognition of radar signal at the condition of low signal-to-noise ratio (SNR), we propose a new radar signal recognition system based on non-negative matrix factorization network (NMFN) and ensemble learning, which can recognize radar signals including BPSK, LFM, NLFM, COSTAS, FRANK, P1, P2, P3 and P4. First, we explore feature extractor based on convolutional neural network (CNN), which applies transfer learning to solve the problem of small sample size. Second, we propose non-negative matrix factorization network to extract features, which can reduce the redundant information. Third, we develop feature fusion algorithm based on stacked autoencoder (SAE), which can acquire essential expression of features and reduce dimension of features. Finally, we propose improved artificial bee colony algorithm (IABC) as the strategy of ensemble learning, which can improve the recognition rate. The simulation results show that the recognition rates reach 94.23% at −4 dB, 99.82% at 6 dB.","2169-3536","","10.1109/ACCESS.2019.2936669","Key Laboratory Foundation Project of National Defense Science and Technology Bureau(grant numbers:KY10800180080); China Postdoctoral Science Foundation(grant numbers:2018M631911); Heilongjiang Postdoctoral Fund, China(grant numbers:LBH-Z18055); Fundamental Research Funds for the Central Universities(grant numbers:HEUCFG201832); Free Exploration Project of the Fundamental Research Funds for the Central Universities; ","https://ieeexplore.ieee.org/stamp/stamp.jsp?arnumber=8808862","Radar signal recognition;non-negative matrix factorization network;transfer learning;feature fusion;improved artificial bee colony algorithm","Feature extraction;Time-frequency analysis;Radar imaging;Signal processing algorithms;Signal to noise ratio;Radar signal processing","","16","","31","CCBY","21 Aug 2019","2019","","IEEE","IEEE Journals"
"Autonomous Scanning and Cleanliness Classification of Pharmaceutical Bins Through Artificial Intelligence and Robotics","S. Comari; M. Carricato","Department of Industrial Engineering, IRMA L@B, University of Bologna, Bologna, Italy; Department of Industrial Engineering, IRMA L@B, University of Bologna, Bologna, Italy",IEEE Access,"29 Aug 2024","2024","12","","117256","117270","In the pharmaceutical industry, bins need to be cleaned up to a critical level because the products that they contain are often incompatible with each other, and their mixture can facilitate the formation of bacterial fauna. In this work, a strategy is presented to fully automatize the procedure of cleanliness quality inspection of a pharmaceutical bin through a robotic arm and the use of both traditional and artificial-intelligence-based computer-vision techniques. An autonomous mobile robot is used to mimic the approach of a manipulator to a bin inserted in a washing cabin with an uncertain position. The manipulator is equipped with an eye-on-hand color camera and it carries out the binary classification of the bin surface status (e.g. clean vs dirty) through a convolutional neural network based on ResNet. The viewpoints from which the images are taken are the result of an optimization that, starting from the digital three-dimensional model of the bin and exploiting a virtual-twin-based planning scene, minimizes their number while maximizing the visible area of the bin from the current location of the robot. The results of this optimization are used to set up a pipeline that is entirely bin-independent. The same procedure may also be employed to generate the best washing trajectories to be performed by the cleaning robot, by simply replacing the inspection camera mounted on the robot end-effector with a washing nozzle. Though a complete tuning session is still required, preliminary experimental results are very promising, reaching a classifier accuracy (namely a capability of distinguishing clean and dirty surfaces) of 98% on conditioned data, showing that this work has the potential of becoming an effective and versatile industrial product.","2169-3536","","10.1109/ACCESS.2024.3447158","Italian Ministry for Economic Development and the Italian Emilia-Romagna Region through the Systems ENabling Efficient Cognitive Automation (SENECA) Project(grant numbers:CUP B76G19000520008); ","https://ieeexplore.ieee.org/stamp/stamp.jsp?arnumber=10643075","Artificial intelligence;computer vision;object scanning;quality inspection;robotics;surface cleanliness;trajectory planning","Robots;Solid modeling;Cameras;Three-dimensional displays;Pharmaceuticals;Trajectory;Surface cleaning;Artificial intelligence;Computer vision;Cleaning","","1","","31","CCBYNCND","21 Aug 2024","2024","","IEEE","IEEE Journals"
"PSPNet-SLAM: A Semantic SLAM Detect Dynamic Object by Pyramid Scene Parsing Network","X. Long; W. Zhang; B. Zhao","School of Mechanical and Automotive Engineering, Shanghai University of Engineering Science, Shanghai, China; School of Mechanical and Automotive Engineering, Shanghai University of Engineering Science, Shanghai, China; School of Mechanical and Automotive Engineering, Shanghai University of Engineering Science, Shanghai, China",IEEE Access,"7 Dec 2020","2020","8","","214685","214695","Simultaneous Localization and Mapping (SLAM) plays an important role in the computer vision and robotic field. The traditional SLAM framework adopts a strong static world assumption for convenience of analysis. It is very essential to know how to deal with the dynamic environment in the entire industry with widespread attention. Faced with these challenges, researchers consider introducing semantic information to collaboratively solve dynamic objects in the scene. So, in this paper, we proposed a PSPNet-SLAM: Pyramid Scene Parsing Network SLAM, which integrated the Semantic thread of pyramid structure and geometric threads of reverse ant colony search strategy into ORB-SLAM2. In the proposed system, a pyramid-structured PSPNet was used for semantic thread to segment dynamic objects in combination with context information. In the geometric thread, we proposed a OCMulti-View Geometry thread. On the one hand, the optimal error compensation homography matrix was designed to improve the accuracy of dynamic point detection. On the other hand, we came up with a reverse ant colony collection strategy to enhance the real-time performance of the system and reduce its time consumption during the detection of dynamic objects. We have evaluated our SLAM in public data sheets and real-time world and compared it with ORB-SLAM2, DynaSLAM. Many improvements have been achieved in this system including location accuracy in high-dynamic scenarios, which also outperformed the other four state-of-the-art SLAM systems coping with the dynamic environments. The real-time performance has been delivered, compared with the geometric thread of the excellent DynaSALM system.","2169-3536","","10.1109/ACCESS.2020.3041038","National Natural Science Foundation of China(grant numbers:51805312); Shanghai Sailing Program(grant numbers:18YF1409400); Training and Funding Program of Shanghai College young teachers(grant numbers:ZZGCD15102); Scientific Research Project of Shanghai University of Engineering Science(grant numbers:2016-19); Science and Technology Commission of Shanghai Municipality(grant numbers:19030501100); Shanghai University of Engineering Science Innovation Fund for Graduate Students(grant numbers:18KY0613); ","https://ieeexplore.ieee.org/stamp/stamp.jsp?arnumber=9272785","PSPNet-SLAM;dynamic;semantic;OCMulti-view geometry","Simultaneous localization and mapping;Semantics;Feature extraction;Vehicle dynamics;Real-time systems;Cameras;Instruction sets","","64","","39","CCBY","27 Nov 2020","2020","","IEEE","IEEE Journals"
"A Novel Deep Learning Framework With Meta-Heuristic Feature Selection for Enhanced Remote Sensing Image Classification","B. Ahmed; T. Akram; S. Rameez Naqvi; A. Alsuhaibani; Y. N. Altherwy; U. Masud","Department of Electrical and Computer Engineering, COMSATS University Islamabad, Wah Campus, Rawalpindi, Pakistan; Department of Electrical and Computer Engineering, COMSATS University Islamabad, Wah Campus, Rawalpindi, Pakistan; Department of Electrical and Computer Engineering, COMSATS University Islamabad, Wah Campus, Rawalpindi, Pakistan; Department of Information Systems, College of Computer Engineering and Sciences, Prince Sattam Bin Abdulaziz University, Al-Kharj, Saudi Arabia; Department of Information Systems, College of Computer Engineering and Sciences, Prince Sattam Bin Abdulaziz University, Al-Kharj, Saudi Arabia; Department of Electrical Communication Engineering, University of Kassel, Kassel, Germany",IEEE Access,"10 Jul 2024","2024","12","","91974","91998","We propose a novel deep learning architecture, called XcelNet17, for image classification in remote sensing. Comprising fourteen convolutional and three fully connected layers, XcelNet17 outperforms several benchmark architectures available in the literature in terms of classification accuracy. Additionally, we present BA-ABC, a new hybrid feature selection algorithm that inherits the strengths of the Bat Algorithm (BA) and the Artificial Bee Colony (ABC) algorithm. Together these contributions significantly enhance the performance and accuracy of remote sensing image classification tasks. The proposed framework is thoroughly trained and verified using five benchmark datasets typically used for remote sensing image classification, namely AID, RSSCN7, SIRI-WHU, UC Merced, and WHU RS-19. Our simulation results suggest that in terms of classification accuracy, XcelNet17 outperforms most of the well established networks including AlexNet, VGG16, VGG19, ResNet50, and DarkNet19 by obtaining accuracy values in the range of 94.6% and 99.9%. Furthermore, the proposed features selection method, when integrated with XcelNet17, yields much improved classification accuracy in comparison to various benchmarks including WOA, GWO, BA, ABC, and ACO algorithms. For example, an 8% superior performance on WHU-RS19 dataset has been observed. The attained results are further validated by an in-depth statistical analysis.","2169-3536","","10.1109/ACCESS.2024.3422368","Prince Sattam Bin Abdulaziz University(grant numbers:PSAU/2024/R/1445); ","https://ieeexplore.ieee.org/stamp/stamp.jsp?arnumber=10583878","Artificial bee colony;bat algorithm;bio-inspired feature selection;CNN architecture;image classification;remote sensing","Image classification;Classification algorithms;Feature extraction;Accuracy;Remote sensing;Convolutional neural networks;Benchmark testing;Bees algorithm","","23","","65","CCBYNCND","3 Jul 2024","2024","","IEEE","IEEE Journals"
"An Extensive Analysis of Machine Learning Techniques With Hyper-Parameter Tuning by Bayesian Optimized SVM Kernel for the Detection of Human Lung Disease","P. Ramadevi; R. Das","Department of Mathematics, School of Advanced Sciences, Vellore Institute of Technology (VIT), Vellore, Tamil Nadu, India; Department of Mathematics, School of Advanced Sciences, Vellore Institute of Technology (VIT), Vellore, Tamil Nadu, India",IEEE Access,"19 Jul 2024","2024","12","","97752","97770","The COVID-19 coronavirus epidemic started in Wuhan in 2019, had a detrimental impact on millions of people’s lives, and caused many fatalities. Different limitation choices were made globally to prevent the disease, which is still present, from spreading. To stop the spread of COVID-19, it is important to use individually a medical method and automated testing technologies aimed at quick identification. Artificial intelligence (AI) methods for diagnosing COVID-19 might effectively use chest X-ray (CXR) images from chest radiography. In this research, we developed training Support Vector machine kernel option hyperparameters of the Convolutional neural networks (CNN) optimized using the Bayesian method. Additionally, CNN pre-trained models and Support Vector Machine (SVM) classifiers were used to classify the CXR images. Six well-known deep pre-trained models are compared to the optimized CNN’s performance using the CXR image dataset: COVID-19, Normal, Pneumonia Bacterial, Pneumonia Viral, and Tuberculosis (TB) for multi-classification. In this research, CNN models such as AlexNet, ReseNet50, ReseNet101, VGG16, VGG19, and InceptionV3 with the proposed method SVM kernel utilized the dataset. The proposed approach shows that using the SVM kernel could give it a better forecasting technique. ReseNet101 achieved the best accuracy of 98.7% result, a hybrid model that included Deep CNN features with Bayesian optimization produced a high degree of classification performance within a short amount of time.","2169-3536","","10.1109/ACCESS.2024.3422449","Vellore Institute of Technology, Vellore, Tamil Nadu, India; ","https://ieeexplore.ieee.org/stamp/stamp.jsp?arnumber=10583855","Convolutional neural networks;Bayesian optimization;machine learning model;ReseNet101;SVM kernel","Support vector machines;Kernel;COVID-19;Accuracy;Bayes methods;Residual neural networks;Machine learning;Convolutional neural networks;Machine learning;Hyperparameter optimization","","29","","54","CCBYNCND","3 Jul 2024","2024","","IEEE","IEEE Journals"
"DAViT: A Domain-Adapted Vision Transformer for Automated Pneumonia Detection and Explanation Using Chest X-Ray Images","M. Fu; C. Tantithamthavorn; T. Le","School of Computing and Information Systems, The University of Melbourne, Melbourne, VIC, Australia; Faculty of Information Technology, Monash University, Clayton, VIC, Australia; Faculty of Information Technology, Monash University, Clayton, VIC, Australia",IEEE Access,"17 Jun 2025","2025","13","","103033","103044","Pneumonia, a leading cause of mortality worldwide, especially among children under five, is typically diagnosed via chest X-rays. However, detecting it is challenging as expert radiologists must discern subtle patterns. Artificial intelligence (AI) offers a scalable alternative by automating diagnosis through deep learning (DL) models. Despite progress, current methods face two key limitations: 1) reliance on CNNs that capture local but may overlook global features, and 2) the use of pre-trained models from natural image datasets like ImageNet, which lack the contextual relevance of medical imaging, leading to suboptimal performance. To address these challenges, we propose DAViT (Domain-Adapted Vision Transformer), a hybrid architecture that combines Vision Transformers (ViTs) and shallow CNNs with domain adaptation. The ViT leverages self-attention to capture global features, while the CNN extracts local ones. To mitigate domain differences, we adapt the model using a diverse chest X-ray dataset. We evaluate DAViT on a real-world dataset of 5,856 chest X-rays. The results demonstrate that DAViT achieves state-of-the-art performance with a 97% F1-score and 96% AUC for pneumonia detection, outperforming twelve baseline methods. For pneumonia type classification, DAViT achieves an 81% F1-score and 84% AUC, outperforming baselines by 25% to 74%. An ablation study highlights the critical contributions of domain adaptation, ViT, and CNN components, collectively enhancing performance by 21%. Finally, we apply Grad-CAM on top of DAViT to generate interpretable heatmaps that highlight relevant areas for bacterial and viral pneumonia cases, providing insights to assist medical practitioners in decision-making. These findings indicate the potential of DAViT to assist clinicians in pneumonia diagnosis through improved model accuracy and interpretability. The training code and pre-trained models are available at https://github.com/awsm-research/DAViT","2169-3536","","10.1109/ACCESS.2025.3579314","Faculty of Information Technology (FIT) Early Career Researcher Seed Grant 2024 from Monash University, Australia; ","https://ieeexplore.ieee.org/stamp/stamp.jsp?arnumber=11031440","Domain adaptation in vision transformers;deep learning for chest X-ray images;explainable AI for X-ray images;pneumonia detection;pneumonia type classification","Pneumonia;Biomedical imaging;X-ray imaging;Feature extraction;Transformers;Computer vision;Convolutional neural networks;Adaptation models;Deep learning;Accuracy","","21","","31","CCBY","12 Jun 2025","2025","","IEEE","IEEE Journals"
"Detection of Tooth Position by YOLOv4 and Various Dental Problems Based on CNN With Bitewing Radiograph","K. -C. Li; Y. -C. Mao; M. -F. Lin; Y. -Q. Li; C. -A. Chen; T. -Y. Chen; P. A. R. Abu","Department of Information Management, Chung Yuan Christian University, Taoyuan, Taiwan; Department of General Dentistry, Chang Gung Memorial Hospital, Taoyuan, Taiwan; Department of Electronic Engineering, Chung Yuan Christian University, Zhongli, Taiwan; Department of Electronic Engineering, Chung Yuan Christian University, Zhongli, Taiwan; Department of Electrical Engineering, Ming Chi University of Technology, New Taipei City, Taiwan; Department of Electronic Engineering, Feng Chia University, Taichung, Taiwan; Department of Information Systems and Computer Science, Ateneo de Manila University, Quezon City, Philippines",IEEE Access,"25 Jan 2024","2024","12","","11822","11835","Periodontitis is a high prevalence dental disease caused by bacterial infection of the bone that surrounds the tooth. Early detection and precision treatment can prevent more severe symptoms such as tooth loss. Traditionally, periodontal disease is identified and labeled manually by dental professionals. The task requires expertise and extensive experience, and it is highly repetitive and time-consuming. The aim of this study is to explore the application of AI in the field of dental medicine. With the inherent learning capabilities, AI exhibits remarkable proficiency in processing extensive datasets and effectively managing repetitive tasks. This is particularly advantageous in professions demanding extensive experiential knowledge, such as dentistry. By harnessing AI, the potential arises to amplify process efficiency and velocity. In this study, bitewing radiographs are used as the image source, and there are two major steps to detect the dental symptoms including 1) tooth position identification; and 2) symptom identification. The study combines image enhancement techniques and tooth position identification using Gaussian filtering and adaptive binarization for data preprocessing, facilitated by the YOLOv4 model to precisely mark tooth positions. The subsequent step enhances symptom area visibility via contrast enhancement, utilizing a CNN model, particularly the AlexNet model, with significant improvements in caries recognition accuracy (92.85%) and restorations recognition accuracy (96.55%) compared to prior research. Moreover, the inclusion of periodontal disease symptoms achieves an accuracy of 91.13%. By harnessing deep learning techniques based on CNN models, this research enhances diagnostic precision, reduces errors, and increases efficiency for dentists, thereby providing meticulous and swift patient care. This innovation not only saves time but also has the potential for widespread implementation in remote and preventive medicine, aligning with the aspiration of universal health care accessibility.","2169-3536","","10.1109/ACCESS.2023.3348788","National Science and Technology Council, Taiwan(grant numbers:111-2221-E-033-041,111-2823-8-033-001,111-2622-E-131-001,110-2223-8-033-002,110-2221-E-027-044-MY3,110-2218-E-035-007,110-2622-E-131-002,109-2622-E-131-001-CC3,109-2221-E-131-025,109-2410-H-197-002-MY3,112-2410-H-197-002-MY2,112-2222-E-035-004,112-2410-H-033-014); ","https://ieeexplore.ieee.org/stamp/stamp.jsp?arnumber=10378667","Biomedical image;bitewing radiographic;contrast limited adaptive histogram equalization;tooth segmentation;tooth position;YOLO;CNN","Teeth;Dentistry;Diseases;Image restoration;Artificial intelligence;Diagnostic radiography;Adaptation models","","35","","31","CCBYNCND","1 Jan 2024","2024","","IEEE","IEEE Journals"
"Multi-Layer Stacking Ensemble Learning Framework Utilizing Gut Microbiota Data for Colorectal Cancer Classification","Y. Liu; F. Zhang; H. Chen; K. Chen; Y. Zhang; C. Luo; J. Luo; N. Li; M. Dai; J. Zhai; X. Du","Key Laboratory of Data Engineering and Knowledge Engineering, School of Information, Renmin University of China, Beijing, China; Key Laboratory of Data Engineering and Knowledge Engineering, School of Information, Renmin University of China, Beijing, China; National Infrastructures for Translational Medicine, Peking Union Medical College Hospital, Institute of Clinical Medicine, Chinese Academy of Medical Sciences and Peking Union Medical College, Beijing, China; Department of Computer Science and Engineering, University of California, Riverside, CA, USA; Department of Cancer Epidemiology, Cancer Hospital, National Cancer Center/National Clinical Research Center for Cancer, Chinese Academy of Medical Sciences and Peking Union Medical College, Beijing, China; Department of Cancer Epidemiology, Cancer Hospital, National Cancer Center/National Clinical Research Center for Cancer, Chinese Academy of Medical Sciences and Peking Union Medical College, Beijing, China; Department of Cancer Epidemiology, Cancer Hospital, National Cancer Center/National Clinical Research Center for Cancer, Chinese Academy of Medical Sciences and Peking Union Medical College, Beijing, China; Department of Cancer Epidemiology, Cancer Hospital, National Cancer Center/National Clinical Research Center for Cancer, Chinese Academy of Medical Sciences and Peking Union Medical College, Beijing, China; Department of Cancer Epidemiology, Cancer Hospital, National Cancer Center/National Clinical Research Center for Cancer, Chinese Academy of Medical Sciences and Peking Union Medical College, Beijing, China; Department of Computer Science and Technology, Tsinghua University, Beijing, China; Key Laboratory of Data Engineering and Knowledge Engineering, School of Information, Renmin University of China, Beijing, China",Big Data Mining and Analytics,"8 Jul 2026","2026","9","4","919","938","The gut microbiota has been increasingly recognized as a promising non-invasive biomarker source for Colorectal Cancer (CRC) detection. In this study, we develop a multi-layer stacking ensemble learning framework that integrates multiple machine learning models to improve the classification accuracy of CRC based on gut microbiota profiles. Our framework is trained using publicly available microbiome datasets comprising 1129 samples from diverse geographical regions (Europe, America, and Asia), and independently evaluated on an external validation cohort collected from Peking Union Medical College Hospital (PUMCH) in China. Based on our experiments, feature extraction of gut microbiota at the genus and species levels is found to achieve the best performance. The framework integrates multiple base classifiers—including Light Gradient Boosting Machine (LightGBM), eXtreme Gradient Boosting (XGBoost), Random Forests (RF), and Support Vector Machines (SVM)—combined through a weighting layer to optimize final classifications. Analysis of the feature importance in the trained model reveals several microbial populations previously reported to be associated with CRC, such as Gemella morbillorum and Fusobacterium nucleatum. These findings support the microbiological interpretability of our proposed framework. Experimental results show that our ensemble model achieves an Area Under the Receiver Operating Characteristic Curve (namely ROC_AUC) of 77.04% when validated on a real-world clinical dataset from Peking Union Medical College Hospital, surpassing existing microbiome-based CRC classification approaches.","2097-406X","","10.26599/BDMA.2025.9020088","National Natural Science Foundation of China(grant numbers:82173606,82273726,82473705); ","https://ieeexplore.ieee.org/stamp/stamp.jsp?arnumber=11600501","machine learning;Colorectal Cancer (CRC);classification modeling;human gut microbiota","Machine learning;Modeling;Printing;Microbiome;Colorectal cancer;Machining;Educational institutions;Training;Accuracy;Stacking","","","","77","","8 Jul 2026","August 2026","","TUP","TUP Journals"
"Zero-Shot Transfer Learning Framework for Plant Leaf Disease Classification","R. Satya Rajendra Singh; R. K. Sanodiya","Indian Institute of Information Technology Sri City, Sri City, Chittoor, India; Indian Institute of Information Technology Sri City, Sri City, Chittoor, India",IEEE Access,"25 Dec 2023","2023","11","","143861","143880","Agriculture’s pivotal role in sustaining livelihoods and driving economic growth is widely recognized, yet various challenges like the adverse effects of climate change and limited resource availability hinder its productivity. Notably, plants are susceptible to various viruses and bacteria, impacting yield and food security. The emergence of deep learning, particularly convolutional neural networks (CNNs), has transformed agriculture by facilitating tasks such as disease detection. However, a significant challenge arises from the often unrealistic assumption that training and testing data share the same distribution. To address this, domain adaptation and transfer learning techniques have been employed, bridging the gap between different data distributions. Therefore, a novel framework named ‘Zero-Shot Transfer Learning’ is introduced. This addresses the challenge of improving classifier performance when trained on a source domain with different classes and tested on a target domain, exemplified by tomato and potato datasets. More specifically, in this framework, we include different CNN models along with techniques such as data augmentation, synthetic data generation, and robust discriminative losses, enhancing classifier performance in zero-shot scenarios. Extensive experiments on plant leaf disease classification under the zero-shot Transfer Learning assumption demonstrate the superiority of the proposed framework for effective disease classification. Ultimately, this framework holds the potential to promote crop yield optimization and ensure food security.","2169-3536","","10.1109/ACCESS.2023.3343759","","https://ieeexplore.ieee.org/stamp/stamp.jsp?arnumber=10363182","Agriculture;classification;deep learning;zero-shot transfer learning;disease identification","Transfer learning;Task analysis;Support vector machines;Agriculture;Training;Image segmentation;Feature extraction;Classification algorithms;Deep learning;Diseases;Zero-shot learning;Economics;Market research;Climate change","","38","","111","CCBY","18 Dec 2023","2023","","IEEE","IEEE Journals"
"Mitigation of Black Hole and Gray Hole Attack Using Swarm Inspired Algorithm With Artificial Neural Network","P. Rani; Kavita; S. Verma; G. N. Nguyen","School of Computer Science and Engineering, Lovely Professional University, Phagwara, India; School of Computer Science and Engineering, Lovely Professional University, Phagwara, India; School of Computer Science and Engineering, Lovely Professional University, Phagwara, India; Graduate School, Duy Tan University, Nang, Vietnam",IEEE Access,"13 Jul 2020","2020","8","","121755","121764","Wireless technology and the latest developments in a mobile object, has led to a Mobile Ad Hoc network (MANET), which is a collection of mobile nodes that are communicating with each other without requiring any fixed infrastructure. Due to the dynamic nature with a decentralized system, these networks are susceptible to different attacks such as Black Hole Attack (BHA), Gray Hole Attack (GHA), Sink Hole Attack (SHA) and many more. Several researchers have worked for the detection and mitigation of individual attacks, either GHA or BHA nodes. But the protection of MANET against a dual-threat is scarce. In this paper, the protection against dual attacks has been presented for BHA and GHA by using the concept of Artificial Neural Network (ANN) as a deep learning algorithm along with the swarm-based Artificial Bee Colony (ABC) optimization technique. The performance of the system has been increased by the selection of appropriate and best nodes for data packets transmission which is explained in the result section of this paper. For the network designing and simulation purposes, MATLAB software is used with communication and neural network toolboxes. The examined results show that the presented protocol performs better in contrast to the existing work under black hole as well as gray hole attack condition. A mobile ad hoc network (MANET) is a collection of mobile nodes that dynamically form a temporary network without using any existing network infrastructure.","2169-3536","","10.1109/ACCESS.2020.3004692","","https://ieeexplore.ieee.org/stamp/stamp.jsp?arnumber=9125902","ABC;ANN;AODV;black hole attack;gray hole attack;MANET","Mobile ad hoc networks;Routing protocols;Routing;Data communication;Optimization;Delays","","93","","47","CCBY","25 Jun 2020","2020","","IEEE","IEEE Journals"
"A Deep Embedded Clustering Algorithm for the Binning of Metagenomic Sequences","H. Q. Bao; L. V. Vinh; T. Van Hoai","Faculty of Computer Science and Engineering, Ho Chi Minh City University of Technology (HCMUT), Ho Chi Minh City, Vietnam; Faculty of Information Technology, HCMC University of Technology and Education, Ho Chi Minh City, Vietnam; Faculty of Computer Science and Engineering, Ho Chi Minh City University of Technology (HCMUT), Ho Chi Minh City, Vietnam",IEEE Access,"26 May 2022","2022","10","","54348","54357","The study of metagenomic sequences brings a deep understanding of microbial communities. One of the crucial steps in metagenomic projects is to classify sequences into different organisms, named the binning problem. In the emerging methods for classification, deep learning is a potential technology to be applicable with high accuracy. However, it is well-known that reference databases, which are highly required by deep learning based methods, are not always available. As a result, some existing binning solutions have applied unsupervised learning processes, but utilizing the strength of deep learning in an unsupervised model is still a challenging problem. This work proposes a binning algorithm for metagenomic sequences, called MetaDEC, which applies a deep unsupervised learning approach. By following the two-phase paradigm, the algorithm firstly divides sequences into groups of overlapping sequences. The groups are then classified into clusters using an adversarial deep embedded clustering technique. Experimental results show that MetaDEC achieves competitive performance compared to existing methods on both simulated and real metagenomic data.","2169-3536","","10.1109/ACCESS.2022.3176954","Vietnam National University Ho Chi Minh City (VNU-HCM)(grant numbers:B2019-20-06); ","https://ieeexplore.ieee.org/stamp/stamp.jsp?arnumber=9779750","Algorithm;clustering;deep learning;metagenomics;DNA sequence","Genomics;Clustering algorithms;Classification algorithms;Bioinformatics;Feature extraction;Sequential analysis;Organisms","","13","","29","CCBY","23 May 2022","2022","","IEEE","IEEE Journals"
"On the Prediction of Varroa Mite Infestations in Honey Bee Colonies via Acoustic Monitoring","M. Abdollahi; Y. Zhu; H. R. Guimarães; N. Coallier; S. Maucourt; P. Giovenazzo; T. H. Falk","INRS-EMT, Université du Québec, Montreal, QC, Canada; INRS-EMT, Université du Québec, Montreal, QC, Canada; INRS-EMT, Université du Québec, Montreal, QC, Canada; Nectar Technologies Inc., Montreal, QC, Canada; Department of Biology, Laval University, Québec City, QC, Canada; Department of Biology, Laval University, Québec City, QC, Canada; INRS-EMT, Université du Québec, Montreal, QC, Canada",IEEE Sensors Journal,"15 Apr 2026","2026","26","8","12157","12167","Honey bees play a vital role in global ecosystems and agriculture through their pollination services. However, the Varroa destructor mite remains one of the most damaging parasites affecting honey bee health, contributing significantly to colony decline. Early detection of Varroa infestation is essential for effective beekeeping management. In this study, we propose a machine learning approach for predicting Varroa mite infestation levels based on the acoustic analysis of hive recordings. We introduce a set of nine spectral shape descriptors (SSDs) computed from conventional and modulation spectrograms to characterize the acoustic environment within hives. We evaluate the predictive power of these features against traditional cepstral features across multiple classifiers, including support vector machines (SVMs), random forests (RFs), and k-nearest neighbors (KNNs). Our results demonstrate that the proposed SSDs significantly improve the classification performance relative to conventional features across numerous figures of merit, particularly in hive-independent test settings. This work highlights the potential of spectral acoustic monitoring combined with the supervised learning as a scalable and noninvasive tool for precision beekeeping and early detection of parasitic threats.","1558-1748","","10.1109/JSEN.2026.3666127","Natural Sciences and Engineering Research Council of Canada (NSERC) through the Alliance Program (ALLRP)(grant numbers:548872-19); ","https://ieeexplore.ieee.org/stamp/stamp.jsp?arnumber=11409881","Beehive acoustics;honey bees;modulation spectrogram;Varroa mite infestation","Spectrogram;Frequency modulation;Monitoring;Feature extraction;Spectral shape;Cepstral analysis;Acoustic measurements;Time-frequency analysis;Fluctuations;Temperature sensors","","1","","38","CCBY","24 Feb 2026","15 April15, 2026","","IEEE","IEEE Journals"
"MDC-Net: A Multidimensional Dynamic Convolutional Network for the Cellular Detection of Vaginitis Pathogens","Z. Lu; M. Wen; Y. Liu; W. Zhang; H. Bi","China University of Mining and Technology, Xuzhou, Jiangsu, China; China University of Mining and Technology, Xuzhou, Jiangsu, China; Nanjing University of Chinese Medicine, Nanjing, Jiangsu, China; China University of Mining and Technology, Xuzhou, Jiangsu, China; China University of Mining and Technology, Xuzhou, Jiangsu, China",IEEE Access,"22 Dec 2025","2025","13","","212827","212837","Vaginitis, a common gynecological condition in women, is diagnosed with the use of immunofluorescence microscopy to identify five cell types in vaginal secretions: trichomonas, leukocytes, epithelial cells, clue cells, and spores. The risk of manual diagnosis errors is relatively high due to large numbers of samples and complex morphology. Automated detection of vaginal secretions through fluorescence microscopy is essential; however, current methods fall short of meeting clinical requirements for detecting vaginal inflammation pathogens. To establish an efficient and accurate system for detecting vaginitis pathogens at the cellular level, this study has created a high-quality fluorescence microscopy image dataset of vaginal secretions with sufficient samples, named VagFluor. To address issues such as artifactual interference, blurred boundaries, and cell adhesion occlusion in the VagFluor dataset, this study has proposed a new algorithm for auxiliary diagnosis and treatment of vaginitis: MDC-Net. The feature extraction stage has introduced a full-dimensional adaptive module that retains complete information from the cell edge to the bacterial colony, enhancing model sensitivity. Additionally, a cross-stage multi-scale spatial pyramid pooling module has been built, which can capture subtle discriminative features in non-central positions of similar categories. Furthermore, a multi-channel feature fusion module has been introduced to guide the network in focusing on target details, effectively resolving the problem of feature confusion. Experimental results have demonstrated that MDC-Net can achieve higher accuracy on the VagFluor dataset than current state-of-the-art detectors.","2169-3536","","10.1109/ACCESS.2025.3640699","“Intelligent Prediction and Diagnosis of Coronary Heart Disease Based on Multimodal Retinal Features”(grant numbers:XYYJDYCTD202502); ","https://ieeexplore.ieee.org/stamp/stamp.jsp?arnumber=11278583","Medical image analysis;cell detection;vaginitis;dynamic convolution","Feature extraction;Pathogens;Microscopy;Accuracy;Fluorescence;Kernel;Convolution;Medical diagnostic imaging;Image edge detection;Attention mechanisms","","","","41","CCBY","5 Dec 2025","2025","","IEEE","IEEE Journals"
"A Novel Decomposing Model With Evolutionary Algorithms for Feature Selection in Long Non-Coding RNAs","R. P. Bonidia; J. S. Machida; T. C. Negri; W. A. L. Alves; A. Y. Kashiwabara; D. S. Domingues; A. De Carvalho; A. R. Paschoal; D. S. Sanches","Department of Computer Science, Bioinformatics Graduate Program, Federal University of Technology—Paraná (UTFPR), Cornélio Procópio, Brazil; Department of Computer Science, Bioinformatics Graduate Program, Federal University of Technology—Paraná (UTFPR), Cornélio Procópio, Brazil; Universidade Nove de Julho (UNINOVE), São Paulo, Brazil; Universidade Nove de Julho (UNINOVE), São Paulo, Brazil; Department of Computer Science, Bioinformatics Graduate Program, Federal University of Technology—Paraná (UTFPR), Cornélio Procópio, Brazil; Department of Computer Science, Bioinformatics Graduate Program, Federal University of Technology—Paraná (UTFPR), Cornélio Procópio, Brazil; Institute of Mathematics and Computer Sciences, University of São Paulo (USP), São Carlos, Brazil; Department of Computer Science, Bioinformatics Graduate Program, Federal University of Technology—Paraná (UTFPR), Cornélio Procópio, Brazil; Department of Computer Science, Bioinformatics Graduate Program, Federal University of Technology—Paraná (UTFPR), Cornélio Procópio, Brazil",IEEE Access,"12 Oct 2020","2020","8","","181683","181697","Machine learning algorithms have been applied to numerous transcript datasets to identify Long non-coding RNAs (lncRNAs). Nevertheless, before these algorithms are applied to RNA data, features must be extracted from the original sequences. As many of these features can be redundant or irrelevant, the predictive performance of the algorithms can be improved by performing feature selection. However, the most current approaches usually select features independently, ignoring possible relations. In this paper, we propose a new model, which identifies the best subsets, removing unnecessary, irrelevant, and redundant predictive features, taking the importance of their co-occurrence into account. The proposed model is based on decomposing solutions and is called $k$ -rounds of decomposition features. In this model, the least relevant features are suppressed according to their contribution to a classification task. To evaluate our proposal, we extract from 5 plant species datasets, a set of features based on sequence structures, using GC content, k-mer (1-6), sequence length, and Open Reading Frame. Next, we apply 5 metaheuristics approaches (Genetic Algorithm, ($\mu + \lambda $ ) Evolutionary Algorithm, Artificial Bee Colony, Ant Colony Optimization, and Particle Swarm Optimization) to select the best feature subsets. The main contribution of this work was to include in each metaheuristic a decomposition model that uses round and voting scheme. To investigate its relevance, we select the REPTree classifier to assess the predictive capacity of each subset of features selected in 8 plant species. We identified that the inclusion of the proposed decomposition model significantly reduces the dimensions of the datasets and improves predictive performance, regardless of the metaheuristic. Furthermore, the resulting pipeline has been compared with five approaches in the literature, for lncRNA, when it also showed superior predictive performance. Finally, this study generated a new pipeline to find a minimum number of features in lncRNAs and biological sequences.","2169-3536","","10.1109/ACCESS.2020.3028039","master’s scholarship from the Federal University of Technology—Paraná (UTFPR)(grant numbers:April/2018); PROBAL (Coordenação de Aperfeiçoamento de Pessoal de Nível Superior-Brasil(grant numbers:(CAPES)/DAAD—88887.144045/2017-00); CAPES(grant numbers:PROEX-11919694/D); ","https://ieeexplore.ieee.org/stamp/stamp.jsp?arnumber=9210051","Feature selection;machine learning;metaheuristic;bioinformatics;lncRNAs","Feature extraction;Prediction algorithms;Predictive models;Biological system modeling;Computational modeling;Training","","16","","101","CCBY","30 Sep 2020","2020","","IEEE","IEEE Journals"
"Memetic Particle Gravitation Optimization Algorithm for Solving Clustering Problems","K. -W. Huang; Z. -X. Wu; H. -W. Peng; M. -C. Tsai; Y. -C. Hung; Y. -C. Lu","Department of Electrical Engineering, National Kaohsiung University of Science and Technology, Kaohsiung, Taiwan; Department of Electrical Engineering, National Kaohsiung University of Science and Technology, Kaohsiung, Taiwan; Department of Electrical Engineering, National Kaohsiung University of Science and Technology, Kaohsiung, Taiwan; Department of Electrical Engineering, National Kaohsiung University of Science and Technology, Kaohsiung, Taiwan; Department of Electrical Engineering, National Kaohsiung University of Science and Technology, Kaohsiung, Taiwan; Department of Electrical Engineering, National Kaohsiung University of Science and Technology, Kaohsiung, Taiwan",IEEE Access,"1 Jul 2019","2019","7","","80950","80968","Data clustering is a well-known data analysis technique for organizing unlabeled datapoints into clusters on the basis of similarity measures. The real-world applications of data clustering include bioinformatics, vector quantization, data mining, geographical information systems, pattern recognition, image processing, and wireless sensors. The data in a cluster are similar (minimizing the intra-cluster distance) and differ from the data in other clusters (maximizing the inter-cluster distance). The cluster problem has been proven to be NP-hard, but can be solved using meta-heuristic algorithms, such as ant colony optimization, genetic algorithms, gravitational search algorithm (GSA), and particle swarm optimization (PSO). This paper proposes a memetic clustering algorithm with efficient search and fast convergence, respectively, based on PSO and GSA, called the memetic particle gravitation optimization (MPGO) algorithm. The two main mechanisms of MPGO are hybrid operation and diversity enhancement. The former involves the exchange of individuals from two subpopulations after a predefined number of function evaluations (FEs), whereas the latter involves an enhancement operator, which is similar to the crossover process of differential evolution, for enhancing the diversity of each system. Individuals from the PSO and GSA systems are selected for the exchange of solutions by using the roulette-wheel approach. The performance of the proposed algorithm was evaluated on 52 benchmark test functions, six UCI machine learning benchmarks, and image segmentation of six well-known images. A comparison with existing algorithms verified the superior performance of the proposed algorithm in terms of a fitness value, an accuracy rate, and a peak signal-to-noise ratio.","2169-3536","","10.1109/ACCESS.2019.2923979","Ministry of Science and Technology, Taiwan(grant numbers:MOST 107-2218-E-992-003); ","https://ieeexplore.ieee.org/stamp/stamp.jsp?arnumber=8742583","Data clustering;gravitational search algorithm;image segmentation;memetic algorithm;particle swarm optimization","Clustering algorithms;Signal processing algorithms;Partitioning algorithms;Optimization;Machine learning algorithms;Particle swarm optimization;Convergence","","21","","106","CCBY","20 Jun 2019","2019","","IEEE","IEEE Journals"
"Deep Semantic Segmentation and Multi-Class Skin Lesion Classification Based on Convolutional Neural Network","M. A. Anjum; J. Amin; M. Sharif; H. U. Khan; M. S. A. Malik; S. Kadry","College of Electrical and Mechanical Engineering, National University of Sciences & Technology (NUST), Islamabad, Pakistan; Department of Computer Science, University of Wah, Wah, Pakistan; Department of Computer Science, COMSATS University Islamabad, Wah Campus, Wah, Pakistan; Department of Accounting and Information System, College of Business & Economics, Qatar University, Doha, Qatar; Department of Information Technology, Government College University Faisalabad, Faisalabad, Pakistan; Department of Mathematics and Computer Science, Faculty of Science, Beirut Arab University, Beirut, Lebanon",IEEE Access,"21 Jul 2020","2020","8","","129668","129678","Skin cancer is developed due to abnormal cell growth. These cells are grown rapidly and destroy the normal skin cells. However, it's curable at an initial stage to reduce the patient's mortality rate. In this article, the method is proposed for localization, segmentation and classification of the skin lesion at an early stage. The proposed method contains three phases. In phase I, different types of the skin lesion are localized using tinyYOLOv2 model in which open neural network (ONNX) and squeeze Net model are used as a backbone. The features are extracted from depthconcat7 layer of squeeze Net and passed as an input to the tinyYOLOv2. The propose model accurately localize the affected part of the skin. In Phase II, 13-layer 3D-semantic segmentation model (01 input, 04 convolutional, 03 batch-normalization, 03 ReLU, softmax and pixel classification) is used for segmentation. In the proposed segmentation model, pixel classification layer is used for computing the overlap region between the segmented and ground truth images. Later in Phase III, extract deep features using ResNet-18 model and optimized features are selected using ant colony optimization (ACO) method. The optimized features vector is passed to the classifiers such as optimized (O)-SVM and O-NB. The proposed method is evaluated on the top MICCAI ISIC challenging 2017, 2018 and 2019 datasets. The proposed method accurately localized, segmented and classified the skin lesion at an early stage.","2169-3536","","10.1109/ACCESS.2020.3009276","Qatar University Internal(grant numbers:IRCC-2020-009); ","https://ieeexplore.ieee.org/stamp/stamp.jsp?arnumber=9139937","YOLOv2;ant colony optimization;squeeze Net;ResNet-18;SVM;ONNX","Lesions;Skin;Feature extraction;Image segmentation;Skin cancer;Semantics;Computational modeling","","72","","43","CCBY","14 Jul 2020","2020","","IEEE","IEEE Journals"
"Touch-Point Detection Using Thermal Video With Applications to Prevent Indirect Virus Spread","G. Ma; W. Ross; M. Tucker; P. -C. Hsu; D. M. Buckland; P. J. Codd","Department of Mechanical Engineering and Materials Science, Duke University, Durham, NC, USA; Department of Neurosurgery, Duke University, Durham, NC, USA; Department of Mechanical Engineering and Materials Science, Duke University, Durham, NC, USA; Department of Mechanical Engineering and Materials Science, Duke University, Durham, NC, USA; Department of Mechanical Engineering and Materials Science, Duke University, Durham, NC, USA; Department of Mechanical Engineering and Materials Science, Duke University, Durham, NC, USA",IEEE Journal of Translational Engineering in Health and Medicine,"2 Jun 2021","2021","9","","1","11","Viral and bacterial pathogens can be transmitted through direct contact with contaminated surfaces. Efficient decontamination of contaminated surfaces could lead to decreased disease transmission, if optimized methods for detecting contaminated surfaces can be developed. Here we describe such a method whereby thermal tracking technology is utilized to detect thermal signatures incurred by surfaces through direct contact. This is applicable in public places to assist with targeted sanitation and cleaning efforts to potentially reduce chance of disease transmission. In this study, we refer to the touched region of the surface as a “touch-point” and examine how the touch-point regions can be automatically localized with a computer vision pipeline of a thermal image sequence. The pipeline mainly comprises two components: a single-frame and a multi-frame analysis. The single-frame analysis consists of a Background subtraction method for image pre-processing and a U-net deep learning model for segmenting the touch-point regions. The multi-frame analysis performs a summation of the outputs from the single-frame analysis and creates a cumulative map of touch-points. Results show that the touch-point detection pipeline can achieve 75.0% precision and 81.5% F1-score for the testing experiments of predicting the touch-point regions. This preliminary study shows potential applications of preventing indirect pathogen spread in public spaces and improving the efficiency of cleaning sanitation.","2168-2372","","10.1109/JTEHM.2021.3083098","Duke MEDx Pilot Study Program, Duke University; ","https://ieeexplore.ieee.org/stamp/stamp.jsp?arnumber=9439478","Image processing;health and safety;photothermal effects;sanitary engineering","Surface contamination;Surface treatment;Image segmentation;Feature extraction;Coronaviruses;Semantics;Heating systems","Image Processing, Computer-Assisted;Sanitation;Touch;Touch Perception;Viruses","1","","31","CCBY","24 May 2021","2021","","IEEE","IEEE Journals"
"Effective Edge Solution for Early Detection of Rice Disease on ARM- M Microcontroller","C. Jing Xan; H. Nugroho; S. Eswaran; T. Fei Siang","Electrical and Electronic Engineering Department, University of Nottingham Malaysia, Semenyih, Malaysia; Electrical and Electronic Engineering Department, University of Nottingham Malaysia, Semenyih, Malaysia; Department of Electrical and Computer Engineering, Curtin University Malaysia, Miri, Malaysia; Faculty of Engineering, Computing and Science, Swinburne University of Technology, Sarawak Campus, Kuching, Malaysia",IEEE Access,"17 Oct 2024","2024","12","","148267","148280","The increasing need for efficient and sustainable agriculture has driven the adoption of advanced technologies like Artificial Intelligence (AI) in crop management. This study evaluates the feasibility of deploying AI models on ARM-M microcontrollers for real-time detection of rice plant diseases, crucial for early intervention and crop health management. We developed and assessed the performance of five Convolutional Neural Network (CNN) architectures: MobileNet V1, MobileNet V2, FD-MobileNet, ResNet, and SqueezeNet. These models were trained on a dataset comprising 5932 high-quality images of rice leaves affected by four prevalent diseases: bacterial blight, blast, brown spot, and tungro. The AI models were optimized and quantized to meet the computational and memory constraints of the ARM-M microcontroller. Our evaluation focused on accuracy, computational efficiency, and resource utilization. The results demonstrated that FD-MobileNet achieves high accuracy of 98.44% with lower computational costs, making it suitable for deployment in resource-constrained environments. The deployment on ARM-M microcontrollers showcased the potential for real-time, on-site disease monitoring, enabling farmers to take timely and effective actions. This study underscores the transformative impact of integrating AI with embedded systems in smart agriculture, promoting sustainable farming practices and enhancing food security.","2169-3536","","10.1109/ACCESS.2024.3470970","Research Consortium of Swinburne University of Technology Sarawak Campus, University of Nottingham Malaysia, Curtin University Malaysia, and Swinburne Innovation Malaysia; ","https://ieeexplore.ieee.org/stamp/stamp.jsp?arnumber=10700722","Deep learning;ARM-M microcontrollers;edge computing;smart agriculture;resource-efficient AI","Plant diseases;Microcontrollers;Artificial intelligence;Accuracy;Real-time systems;Computational modeling;Deep learning;Convolutional neural networks;Crop yield;Servers;Edge computing;Sustainable development;Smart agriculture","","14","","56","CCBYNCND","30 Sep 2024","2024","","IEEE","IEEE Journals"
"Iteratively Pruned Deep Learning Ensembles for COVID-19 Detection in Chest X-Rays","S. Rajaraman; J. Siegelman; P. O. Alderson; L. S. Folio; L. R. Folio; S. K. Antani","Lister Hill National Center for Biomedical Communications, National Library of Medicine, Bethesda, USA; Takeda Pharmaceuticals, Cambridge, USA; School of Medicine, Saint Louis University, St. Louis, USA; Functional and Applied Biomechanics Section, Clinical Center, National Institutes of Health, Bethesda, USA; Radiological and Imaging Sciences, Clinical Center, National Institutes of Health, Bethesda, USA; Lister Hill National Center for Biomedical Communications, National Library of Medicine, Bethesda, USA",IEEE Access,"29 Jun 2020","2020","8","","115041","115050","We demonstrate use of iteratively pruned deep learning model ensembles for detecting pulmonary manifestations of COVID-19 with chest X-rays. This disease is caused by the novel Severe Acute Respiratory Syndrome Coronavirus 2 (SARS-CoV-2) virus, also known as the novel Coronavirus (2019-nCoV). A custom convolutional neural network and a selection of ImageNet pretrained models are trained and evaluated at patient-level on publicly available CXR collections to learn modality-specific feature representations. The learned knowledge is transferred and fine-tuned to improve performance and generalization in the related task of classifying CXRs as normal, showing bacterial pneumonia, or COVID-19-viral abnormalities. The best performing models are iteratively pruned to reduce complexity and improve memory efficiency. The predictions of the best-performing pruned models are combined through different ensemble strategies to improve classification performance. Empirical evaluations demonstrate that the weighted average of the best-performing pruned models significantly improves performance resulting in an accuracy of 99.01% and area under the curve of 0.9972 in detecting COVID-19 findings on CXRs. The combined use of modality-specific knowledge transfer, iterative model pruning, and ensemble learning resulted in improved predictions. We expect that this model can be quickly adopted for COVID-19 screening using chest radiographs.","2169-3536","","10.1109/ACCESS.2020.3003810","Intramural Research Program of the National Library of Medicine (NLM); U.S. National Institutes of Health (NIH); ","https://ieeexplore.ieee.org/stamp/stamp.jsp?arnumber=9121222","COVID-19;convolutional neural network;deep learning;ensemble;iterative pruning","Lung;COVID-19;Microorganisms;Computational modeling;National Institutes of Health;Predictive models","","292","","42","CCBY","19 Jun 2020","2020","","IEEE","IEEE Journals"
"Novel Approach for Intrusion Detection in IoT Networks Based on ResNet-ABC-Chatterjee Algorithm","M. M. Feghhi; R. M. Alsharfa; M. R. Faisal","Faculty of Electrical and Computer Engineering, University of Tabriz, Tabriz, Iran; Faculty of Electrical and Computer Engineering, University of Tabriz, Tabriz, Iran; Department of Cybersecurity Engineering Techniques, Ibn Khaldun Private University College, Iraq",Journal of Mobile Multimedia,"8 Sep 2026","2026","22","4","413","452","The intrusion detection in the Internet of Things (IoT) network presents a number of difficulties, necessitating the skillful use of network device attributes for precise threat identification. With a multi-phase approach, this research provides a novel intrusion detection method. This technique takes advantage of the non-linear relationship identification capability of the Chatterjee correlation. The Artificial Bee Colony (ABC) approach is employed for optimizing the feature selection procedure. Lastly, a specialized Residual Neural Network (ResNet) is designed that can detect complex relationships from the data using minimal computational cost. The above design contains three types of residual blocks which are designed in a discriminatory fashion to enable the model to capture both the high-level and low-level features. At each layer, an increase in the number of filters is used to enhance the process of feature extraction. The convolutional layers are of great importance since they control the whole learning process. To ensure the effectiveness of the network in collecting complex relations, a method for converting 1D features into 2D images is provided to facilitate the ResNet input. Experimental results indicate that the suggested approach is exceptionally adept at identifying intrusions in the IoT networks, achieving accuracy of 98.5711%. The combination of ABC optimization, ResNet, and Chatterjee correlation leads in a strong and effective intrusion detection system, which shows promise for improving the cyber security of IoT environments.","1550-4654","","10.13052/jmm1550-4646.2241","","https://ieeexplore.ieee.org/stamp/stamp.jsp?arnumber=11683942","Intrusion detection;Internet of Things;Artificial Bee Colony;neural network;feature selection;cyber security","Internet of Things;Modeling;Intrusion detection;Optimization;Printing;Equations;Feature extraction;NSL-KDD;Testing;Correlation","","","","48","","8 Sep 2026","July 2026","","River Publishers","River Publishers Journals"
"CariesAttNet: An Attention-Enhanced Encoder-Decoder Network for Automated Caries Segmentation in CBCT Images","Z. Zhang; L. Li; J. Wu; L. Tang; D. Xu; Z. Liu; R. Zhang; P. Ren","Second Clinical Medical School, Xuzhou Medical University, Xuzhou, Jiangsu, China; School of Medical Information and Engineering, Xuzhou Medical University, Xuzhou, Jiangsu, China; School of Medical Information and Engineering, Xuzhou Medical University, Xuzhou, Jiangsu, China; School of Medical Information and Engineering, Xuzhou Medical University, Xuzhou, Jiangsu, China; School of Medical Information and Engineering, Xuzhou Medical University, Xuzhou, Jiangsu, China; Xuzhou Stomatological Hospital, Xuzhou, Jiangsu, China; School of Medical Information and Engineering, Xuzhou Medical University, Xuzhou, Jiangsu, China; School of Medical Information and Engineering, Xuzhou Medical University, Xuzhou, Jiangsu, China",IEEE Access,"27 Aug 2025","2025","13","","147569","147580","Dental caries is a prevalent bacterial infection, and its early and accurate detection is essential for preventing irreversible damage to dental structures. Cone-beam computed tomography (CBCT) offers high spatial resolution and clear anatomical visualization, enabling precise assessment of caries lesions. However, the manual layer-by-layer annotation of caries regions in CBCT images is not only time-consuming and inefficient but also heavily reliant on professional expertise, which can easily lead to inconsistencies in segmentation results. To address this challenge, we propose CariesAttNet, a novel attention-guided convolutional neural network designed for automatic caries segmentation. The network adopts an encoder–decoder architecture with skip connections, featuring an attention ConvNeXt block that enhances local feature extraction, a large kernel attention module that captures long-range contextual information through convolutional attention, and a multi-scale attention gate that effectively aggregates features across multiple semantic levels. Experimental results on a private CBCT dataset demonstrate that CariesAttNet outperforms existing mainstream methods across all evaluation metrics, achieving dice similarity coefficient and intersection over union scores of 80.85% and 72.01%, respectively, on the test set. Further ablation experiments and interpretability analyses validate the effectiveness and synergistic benefits of each module.","2169-3536","","10.1109/ACCESS.2025.3601329","Jiangsu Provincial Education Science Planning Project(grant numbers:B-b/2024/01/156); ","https://ieeexplore.ieee.org/stamp/stamp.jsp?arnumber=11132366","Attention mechanisms;caries segmentation;convolutional neural networks;deep learning;dental image analysis","Image segmentation;Feature extraction;Dentistry;Biomedical imaging;Lesions;Accuracy;Teeth;Computer architecture;Transformers;Image analysis","","1","","56","CCBY","21 Aug 2025","2025","","IEEE","IEEE Journals"
"Analysis and Identification of Dermatological Diseases Using Gaussian Mixture Modeling","C. Gupta; N. K. Gondhi; P. K. Lehana","Department of Computer Science and Engineering, Shri Mata Vaishno Devi University, Katra, India; Department of Computer Science and Engineering, Shri Mata Vaishno Devi University, Katra, India; Department of Electronics, University of Jammu, Jammu, India",IEEE Access,"5 Aug 2019","2019","7","","99407","99427","Skin diseases are common and are mainly caused by virus, bacteria, fungus, or chemical disturbances. Timely analysis and identification are of utmost importance in order to control the further spread of these diseases. Control of these diseases is even more difficult in rural and resource-poor environments due to a lack of expertise in primary health centers. Hence, there is a need for providing self-assisting and innovative measures for the appropriate diagnosis of skin diseases. Use of mobile applications may provide inexpensive, simple, and efficient solutions for early diagnosis and treatment. This paper investigates the application of the Gaussian mixture model (GMM) based on the analysis and classification of skin diseases from their visual images using a Mahalanobis distance measure. The GMM has been preferred over the convolution neural network (CNN) because of limited resources available within the mobile device. Gray-level co-occurrence matrix (GLCM) parameters contrast, correlation, energy, and homogeneity derived from skin images have been used as the input data for the GMM. The analysis of the results showed that the proposed method is able to predict the classification of skin diseases with satisfactory efficiency. It was also observed that different diseases occupy distinct spatial positions in multidimensional space clustered using the Mahalanobis distance measure.","2169-3536","","10.1109/ACCESS.2019.2929857","","https://ieeexplore.ieee.org/stamp/stamp.jsp?arnumber=8766099","Artificial neural network;convolution neural network;dermatology;dermoscopy;Euclidean distance;Gaussian mixture model;gray level co-occurrence matrix;Mahalanobis distance;melanoma;support vector machine;teledermoscopy;ultra-violet radiations","Dermis;Visualization;Dermatology;Melanoma;Gaussian mixture model","","23","","63","CCBY","18 Jul 2019","2019","","IEEE","IEEE Journals"
"Exploring Deep Learning and Explainable AI for Precise Rice Leaf Disease Detection and Classification","T. Mahmud; M. S. Akter; T. Akter; M. Shahadat Hossain; K. Andersson","Department of Computer Science and Engineering, Rangamati Science and Technology University, Rangamati, Bangladesh; Department of Computer Science and Engineering, Port City International University, Chattogram, Bangladesh; Department of Computer Science and Engineering, Port City International University, Chattogram, Bangladesh; Department of Computer Science and Engineering, University of Chittagong, Chattogram, Bangladesh; Cybersecurity Laboratory, Luleå University of Technology, Skellefteå, Sweden",IEEE Access,"22 Sep 2025","2025","13","","162821","162844","This study presents an innovative approach to detect and classify four types of rice leaf diseases, including bacterial leaf blight, brown spot, tungro, and blast, as well as healthy leaves, using deep learning techniques. By integrating explainable AI methods, such as Grad-CAM, Grad-CAM++, and LIME, our proposed method provides detailed visual explanations of model predictions, enhancing transparency and trustworthiness. Image preprocessing techniques, including Gaussian filtering and Contrast Limited Adaptive Histogram Equalization (CLAHE), were employed to enhance image contrast, while Canny and Prewitt edge detection algorithms were utilized for feature extraction. Experimental results demonstrate that models achieved remarkable accuracy of 99%, significantly outperforming previous methods. However, the study is limited by the insufficient number of rice disease samples. We anticipate that expanding the dataset and increasing the testing scale will further improve the model’s generalization capacity and better support agricultural development. The integration of visualization techniques not only improves the interpretability of deep learning models but also facilitates their practical application in precision agriculture.","2169-3536","","10.1109/ACCESS.2025.3609671","","https://ieeexplore.ieee.org/stamp/stamp.jsp?arnumber=11162500","Rice leaf diseases;edge detection;Prewitt;Canny;deep learning;explainable AI","Diseases;Accuracy;Convolutional neural networks;Visualization;Feature extraction;Crops;Biological system modeling;Image edge detection;Predictive models;Deep learning","","18","","52","CCBYNCND","12 Sep 2025","2025","","IEEE","IEEE Journals"
"A Review of Leaf Diseases Detection and Classification by Deep Learning","A. S. Doutoum; B. Tugrul","Department of Computer Engineering, Ankara University, Ankara, Turkey; Department of Computer Engineering, Ankara University, Ankara, Turkey",IEEE Access,"2 Nov 2023","2023","11","","119219","119230","Leaf’s primary function is to produce nutrients through photosynthesis and support the plant’s growth. Leaf diseases caused by bacteria or other pathogens can negatively impact agricultural yields. Immediate and early diagnosis of diseases is vital for plant health. The significant development of deep learning algorithms for leaf disease classification and detection contributed to a solid tool with a robust and reliable accuracy rate. This study presents a comprehensive review of leaf disease research in the literature. It also highlights the gaps that need to be filled as well as the obstacles and problems facing research projects. The total number of papers retrieved from five electronic databases is 256. We analyzed and classified them into seven research questions. The results demonstrate that 63% of the papers are journal articles, 35% are conference papers, and 2% are workshop papers.","2169-3536","","10.1109/ACCESS.2023.3326721","","https://ieeexplore.ieee.org/stamp/stamp.jsp?arnumber=10290721","Classification;deep learning;leaf diseases","Diseases;Deep learning;Convolutional neural networks;Databases;Bibliographies;Machine learning;Plant diseases;Classification algorithms;Plants (biology)","","54","","78","CCBYNCND","23 Oct 2023","2023","","IEEE","IEEE Journals"
"Enhancing Detection of Inundated Areas Using Novel Hybrid PolSAR-Metaheuristic-Deep Learning Models","S. Lee; F. Rezaie; E. Lee; S. Kim; H. H. Nguyen; D. Lee; A. A. Alesheikh; M. Panahi; Z. Kalantari; M. Choi; F. Lei; H. Kim","Department of Environment and Energy Engineering, Gwangju Institute of Science and Technology, Gwangju, South Korea; Faculty of Geodesy and Geomatics Engineering, Department of GIS, K. N. Toosi University of Technology, Tehran, Iran; Department of Environment and Energy Engineering, Gwangju Institute of Science and Technology, Gwangju, South Korea; Department of Environment and Energy Engineering, Gwangju Institute of Science and Technology, Gwangju, South Korea; Department of Environment and Energy Engineering, Gwangju Institute of Science and Technology, Gwangju, South Korea; Department of Environment and Energy Engineering, Gwangju Institute of Science and Technology, Gwangju, South Korea; Faculty of Geodesy and Geomatics Engineering Department of Geospatial Information Systems, K. N. Toosi University of Technology, Tehran, Iran; Department of Physical Geography and the Bolin Centre for Climate Research, Stockholm University, Stockholm, Sweden; Department of Sustainable Development, Environmental Science and Engineering (SEED), KTH Royal Institute of Technology, Stockholm, Sweden; School of Civil, Architectural, and Environmental Engineering, and Department of Water Resources, Graduate School of Water Resources, Sungkyunkwan University, Suwon, South Korea; Department of Civil and Environmental Engineering, University of Connecticut, Storrs, CT, USA; Department of Environment and Energy Engineering, Gwangju Institute of Science and Technology, Gwangju, South Korea",IEEE Journal of Selected Topics in Applied Earth Observations and Remote Sensing,"17 Jul 2026","2026","19","","22476","22496","Floods are renowned as the most destructive natural phenomena, and their frequency and intensity increase due to climate change. Accurate and timely flood mapping is critical for effective risk mitigation. However, traditional approaches relying on optical remote sensing imagery and synthetic aperture radar (SAR) classification face significant limitations due to cloud cover and misclassification-induced low accuracy. To address these challenges, this study developed a novel hybrid framework of metaheuristic optimization (MO) and deep learning (DL)-based semantic segmentation for more precise flood mapping. Three MO algorithms including artificial bee colony, genetic algorithm, and swarm-based simulated annealing (SwarmSA) were used to identify the most informative combination set of polarimetric SAR (PolSAR), including VV and VH, PolSAR decomposed features, and textural descriptors from the gray-level co-occurrence matrix (GLCM). Three convolutional neural network-based DL models (e.g., VGG16-U-Net, DRN, and CPNet) were trained to extract flood-inundated areas from the Sentinel-1 SAR imagery. The proposed methodology was applied to the April 2019 flood event in Khuzestan province, Iran. The results showed that the CPNet model coupled with the SwarmSA achieved the highest F1-score (flooded areas: 0.901; nonflooded area: 0.976) and IoU (flooded areas: 0.820; nonflooded area: 0.954) in mapping inundated areas. Furthermore, the selected feature set, which includes dissimilarity from VV, GLCM correlation from VV, homogeneity from VH, GLCM mean from VV, and GLCM correlation from VH effectively captured the spectral and textural characteristics of flooded areas. The results highlighted the effectiveness of integrating MO-based feature selection techniques with DL architectures to achieve high-resolution and expeditious flood extent mapping.","2151-1535","","10.1109/JSTARS.2026.3704360","AI-based GIST Research Scientist Project and the GIST Future-Leading Specialized Research Project; Gwangju Institute of Science and Technology; Korea Basic Science Institute(grant numbers:RS-2024-00404673); National Research Foundation of Korea; Korea government(grant numbers:RS-2025-02363044,RS-2025-24535700); InnoCORE program of the Ministry of Science and ICT(grant numbers:N10250155); ","https://ieeexplore.ieee.org/stamp/stamp.jsp?arnumber=11568476","Deep learning (DL);flood;polarimetric synthetic aperture radar (PolSAR);semantic segmentation","Modeling;Floods;Polarization;Synthetic aperture radar;Specific absorption rate;Feature extraction;Algorithms;Educational institutions;Scattering;Optimization","","","","138","CCBY","16 Jun 2026","2026","","IEEE","IEEE Journals"
"A Spatial Ensemble Model for Rockfall Source Identification From High Resolution LiDAR Data and GIS","A. M. Fanos; B. Pradhan","Department of Civil Engineering, Universiti Putra Malaysia (UPM), Serdang, Malaysia; Centre for Advanced Modelling and Geospatial Information Systems (CAMGIS), Faculty of Engineering and Information Technology, University of Technology Sydney, Ultimo, NSW, Australia",IEEE Access,"18 Jun 2019","2019","7","","74570","74585","Rockfall source identification is the most challenging task in rockfall hazard and risk assessment. This difficulty rises in the areas where there is a presence of other types of the landslide, such as shallow landslide and debris flow. The aim of this paper is to develop and test a hybrid model that can accurately identify the source areas. High-resolution light detection and ranging data (LiDAR) was employed to derive the digital terrain model (DTM), from which several conditioning factors were extracted. These conditioning factors were optimized utilizing the ant colony optimization (ACO). Different machine learning algorithms, namely, logistic regression (LR), random tree (RT), random forest (RF), support vector machine (SVM), and artificial neural network (ANN), in addition to their ensemble models (stacking, bagging, and voting), were examined. This is based on the selected best subset of conditioning factors and inventory dataset. Stacking LR-RT (the best fit model) was then utilized to produce the probabilities of different landslide types. On the other hand, the Gaussian mixture model (GMM) was optimized and applied for automatically identifying the slope threshold of the occurrence of the different landslide types. In order to reduce the model sensitivity to the alteration in various conditioning factors and to improve the model computations performance, land use probability area was formed. The rockfall sources were identified by integrating the probability maps and the reclassified slope raster based on the GMM results. The accuracy assessment reveals that the developed hybrid model can identify the probable rockfall regions with an accuracy of 0.95 based on the validation dataset and 0.94 on based the training dataset. The slope thresholds calculated by GMM were found to be > 58°, 22°-58°, and 9°-22° for rockfall, shallow landslide, and debris flow, respectively. This indicates that the model can be generalized and replicated in different regions, and the proposed method can be applied in various landslides studies.","2169-3536","","10.1109/ACCESS.2019.2919977","University of Technology Sydney(grant numbers:323930,321740.2232335,321740.2232357); ","https://ieeexplore.ieee.org/stamp/stamp.jsp?arnumber=8726404","Remote sensing;machine learning;rockfall;hybrid model;GIS;LiDAR","Terrain factors;Mathematical model;Stacking;Laser radar;Indexes;Rocks","","26","","59","OAPA","30 May 2019","2019","","IEEE","IEEE Journals"
"Bayesian Automatic Screening of Pneumonia and Lung Lesions Localization From CT Scans: A Combined Method Toward a More User-Centred and Explainable Approach","Á. Moure Prado; A. Guerrero-López; J. D. Arias-Londoño; J. I. Godino-Llorente","Escuela Técnica Superior de Ingenieros de Telecomunicación, Universidad Politécnica de Madrid, Madrid, Spain; Escuela Técnica Superior de Ingenieros de Telecomunicación, Universidad Politécnica de Madrid, Madrid, Spain; Escuela Técnica Superior de Ingenieros de Telecomunicación, Universidad Politécnica de Madrid, Madrid, Spain; Escuela Técnica Superior de Ingenieros de Telecomunicación, Universidad Politécnica de Madrid, Madrid, Spain",IEEE Access,"20 Oct 2025","2025","13","","178160","178175","While semantic segmentation allows precise localization of potential lesions, a segmentation based on object detection using bounding boxes is considered more effective for indicating the location of the target without replacing clinical expertise, reducing potential attentional and automation biases. In this context, this work lays a foundation for better and more explainable localization of lesions in the lungs due to pneumonia by applying a combined approach first using a Bayesian uncertainty measure to evaluate the likelihood of a specific slice being positive in a particular disease and, second, directing the localization of the lesions toward those positive images following object detection methods. This approach provides confidence measures for the model’s predictions and the regions of interest (i.e., bounding boxes) pointing to the lesions, improves the overall model’s explainability, and leaves the expert at the centre of the decision. However, despite its advantages, identifying the existing lesions using bounding boxes also comes with challenges, especially in effectively managing overlapping boxes and developing a fusion strategy to combine smaller boxes into larger ones. In this respect, this paper also proposes a methodology to deal with such a problem. The methods proposed are tested with a large corpus of approximately 90,000 Computed Tomography (CT) images extracted from public datasets of COVID-19, bacterial, fungal and other viral types of pneumonia, as well as control individuals, paying special attention to the first of these diseases due to the increasing interest raised by the recent pandemic. For this aim, this work uses a Bayesian neural network based on DenseNet121 for the screening module; and Cascade R-CNN, RetinaNet, and YOLO architectures for identifying the lesions. The method shows screening accuracies for COVID-19 up to 94.61%, which are complemented with robust uncertainty measures. The localization of the associated lesions is carried out with  $mAP_{50}$  of 0.5726 and DICE of 0.9003. The results and the methodology can easily be extrapolated to other pneumonias.","2169-3536","","10.1109/ACCESS.2025.3607282","Comunidad de Madrid (Consejería de Educación, Universidades, Ciencia y Portavocía); Universidad Politécnica de Madrid, to finance research actions on SARS-CoV-2 and COVID-19 disease with the REACT-UE resources of European Regional Development Funds; in part by the Ministry of Economy and Competitiveness of Spain(grant numbers:PID2021-128469OB-I00,TED2021-131688B-I00); Comunidad de Madrid, Spain; Universidad Politécnica de Madrid through the María Zambrano Grant; European Union-NextGenerationEU(grant numbers:UP2021-035); ","https://ieeexplore.ieee.org/stamp/stamp.jsp?arnumber=11153418","Pneumonia;COVID-19;localization of lung lesions;automatic screening;decision support system;CT scan;explainable AI;Bayesian deep learning;object detection","Lesions;COVID-19;Computed tomography;Pneumonia;Location awareness;Lungs;Accuracy;Semantic segmentation;Object detection;Bayes methods","","3","","60","CCBYNCND","8 Sep 2025","2025","","IEEE","IEEE Journals"
"Honey Bee Sound Fundamental Frequency Trajectory Estimation Using Adaptive AR Modeling","P. Książek; B. Szlachetko","Department of Acoustics, Multimedia and Signal Processing, Wrocław University of Science and Technology, Wrocław, Poland; Department of Acoustics, Multimedia and Signal Processing, Wrocław University of Science and Technology, Wrocław, Poland",IEEE Access,"27 Jul 2026","2026","14","","111497","111508","Acoustic monitoring of honey bee (Apis mellifera) colonies is a vital tool for non-invasive health and behavioral assessment. However, traditional time-frequency analysis often lacks the precision required to track the rapid wing beat frequency fluctuations characteristic of complex bee behaviors. This paper proposes a high-resolution method for fundamental frequency ( $F_{0}$ ) trajectory estimation using adaptive Autoregressive (AR) modeling via the Lee-Morf ladder algorithm. To ensure the estimator’s accuracy, we conducted a quasi-stationarity study using Rényi entropy to determine the optimal analysis window and applied the Akaike Information Criterion (AIC) to identify the ideal AR model order. The method was validated on a dataset of 226 manually segmented acoustic events from worker and drone specimens, categorized into “stable” and “variable” buzzing states. Our findings demonstrate that an effective time window of 50 ms and an AR model order between 20 and 25 are optimal for capturing bee acoustic dynamics. Compared to state-of-the-art and baseline methods, the adaptive ladder algorithm provides either superior temporal resolution, enabling precise tracking of frequency ridges even during highly variable bursts or better robustness towards added signal noise, providing accurate estimates at negative SNR in a synthetic signal test. Furthermore, features extracted from these trajectories, such as  $F_{0}$  range, variance, zero-crossing rate and the length of the acoustic event differentiate between specimen behavioral characteristics with an Extra Trees-based classification model showing 70% accuracy based on features extracted from the fundamental frequency track. This framework introduces a robust tool for automated apicultural research, offering new possibilities for decoding honey bee acoustic signals in controlled environments.","2169-3536","","10.1109/ACCESS.2026.3715592","","https://ieeexplore.ieee.org/stamp/stamp.jsp?arnumber=11615140","Adaptive modelling;pitch estimation;honey bee;stationarity;feature extraction;machine learning","Modeling;Frequency;Timing;Windows;Drones;Testing;Argon;Machine learning;Recording;Filtering","","","","36","CCBY","21 Jul 2026","2026","","IEEE","IEEE Journals"
"Identifying Bacteria Species on Microscopic Polyculture Images Using Deep Learning","A. Borowa; D. Rymarczyk; D. Ochońska; A. Sroka-Oleksiak; M. Brzychczy-Włoch; B. Zieliński","Faculty of Mathematics and Computer Science, Jagiellonian University, Kraków, Poland; Faculty of Mathematics and Computer Science, Jagiellonian University, Kraków, Poland; Department of Molecular Medical Microbiology, Chair of Microbiology, Faculty of Medicine, Jagiellonian University Medical College, Kraków, Poland; Department of Molecular Medical Microbiology, Chair of Microbiology, Faculty of Medicine, Jagiellonian University Medical College, Kraków, Poland; Department of Molecular Medical Microbiology, Chair of Microbiology, Faculty of Medicine, Jagiellonian University Medical College, Kraków, Poland; Faculty of Mathematics and Computer Science, Jagiellonian University, Kraków, Poland",IEEE Journal of Biomedical and Health Informatics,"4 Jan 2023","2023","27","1","121","130","Preliminary microbiological diagnosis usually relies on microscopic examination and, due to the routine culture and bacteriological examination, lasts up to 11 days. Hence, many deep learning methods based on microscopic images were recently introduced to replace the time-consuming bacteriological examination. They shorten the diagnosis by 1–2 days but still require iterative culture to obtain monoculture samples. In this work, we present a feasibility study for further shortening the diagnosis time by analyzing polyculture images. It is possible with multi-MIL, a novel multi-label classification method based on multiple instance learning. To evaluate our approach, we introduce a dataset containing microscopic images for all combinations of four considered bacteria species. We obtain ROC AUC above 0.9, proving the feasibility of the method and opening the path for future experiments with a larger number of species.","2168-2208","","10.1109/JBHI.2022.3209551","Fundacja na rzecz Nauki Polskiej; Team-Net Program(grant numbers:POIR.04.04.00-00-14DE/18-00); European Commission; European Regional Development Fund; Priority Research Area DigiWorld through Excellence Initiative Program; Research University at the Jagiellonian University; Kraków, Poland; Initiative of Excellence; Ministry of Science and Higher Education of the Russian Federation; ","https://ieeexplore.ieee.org/stamp/stamp.jsp?arnumber=9903318","Deep learning;medical imaging;microorganisms;microscopy;neural networks","Microorganisms;Microscopy;Feature extraction;Deep learning;Random forests;Iterative methods;Standards","Humans;Deep Learning;Microscopy","10","","56","CCBY","26 Sep 2022","Jan. 2023","","IEEE","IEEE Journals"
"Artificial Intelligence-Empowered Path Selection: A Survey of Ant Colony Optimization for Static and Mobile Sensor Networks","X. Chen; L. Yu; T. Wang; A. Liu; X. Wu; B. Zhang; Z. Lv; Z. Sun","School of Mechanical and Automotive Engineering, South China University of Technology, Guangzhou, China; School of Medical Information Technology, Anhui University of Chinese Medicine, Hefei, China; College of Computer Science and Technology, Huaqiao University, Xiamen, China; School of Information Science and Engineering, Central South University, Changsha, China; Guangzhou Polytechnic of Sports, Guangzhou, China; School of Computer and Information, Hefei University of Technology, Hefei, China; School of Computer Science and Information Engineering, Luoyang Institute of Science and Technology, Luoyang, China; School of Computer Science and Information Engineering, Luoyang Institute of Science and Technology, Luoyang, China",IEEE Access,"27 Apr 2020","2020","8","","71497","71511","Artificial intelligence-empowered path selection plays an important role in wireless sensor networks (WSNs), because it can exceed the cognitive performance of humans and determine multiple aspects of the network performance. Ant colony optimization (ACO) is an effective intelligence algorithm which succeeds in addressing several issues of WSNs, including data transmission, node deployment, etc. There exist several ACO-based transmission strategies for WSNs, but the summary and comparison of such works are very limited. This paper provides a comprehensive overview of ACO-based transmission strategies for static and mobile WSNs. First, we provide a classification of existing ACO-based transmission methods, which distinguishes itself from other works in network types. Second, the highly typical ACO-based transmission strategies for WSNs are illustrated and discussed. Finally, we summarize the paper and present several open issues concerning the design of such networks. This survey contributes to system design guidance and network performance improvement.","2169-3536","","10.1109/ACCESS.2020.2984329","National Natural Science Foundation of China(grant numbers:61701005); Key Project of Outstanding Young Talents Support Program of Anhui Higher Education Institutions(grant numbers:gxyqZD2016128); Key Project of Natural Science Research in Anhui Higher Education Institutions(grant numbers:KJ2015A054,KJ2019A0437); Key Project of Humanities and Social Sciences Research in Anhui Higher Education Institutions(grant numbers:SK2019A0242,SK2018A0216); Domestic Visiting Research Project of Excellent Young Backbone Talents from Anhui Provincial Universities(grant numbers:gxgnfx2019009); Guangzhou Science and Technology Project(grant numbers:201704030062); College Research Project of Guangzhou Municipal Educational Bureau(grant numbers:201831794); ","https://ieeexplore.ieee.org/stamp/stamp.jsp?arnumber=9050878","Wireless sensor networks;transmission protocol;ant colony optimization","Wireless sensor networks;Protocols;Trajectory;Relays;Data communication;Ant colony optimization;Silicon","","27","","115","CCBY","30 Mar 2020","2020","","IEEE","IEEE Journals"
"Optimized SVM-Driven Multi-Class Approach by Improved ABC to Estimating Ship Systems State","H. Cao; J. Zhang; X. Cao; R. Li; Y. Wang","Marine Engineering College, Dalian Maritime University, Dalian, China; Marine Engineering College, Dalian Maritime University, Dalian, China; Dalian Shipping Vocational and Technical College, Dalian, China; Dalian Shipping Vocational and Technical College, Dalian, China; Dalian Shipping Vocational and Technical College, Dalian, China",IEEE Access,"23 Nov 2020","2020","8","","206719","206733","In the intelligent ship field, with the upgrading of ship maintenance mode, the human-centered system maintenance will be gradually replaced by the artificial intelligence decision methods. To improve the training speed and testing accuracy of the state estimation model, an optimized Support Vector Machine (SVM) driven approach by Improved Artificial Bee Colony (IABC) was proposed to solve the global parameters optimization problem. First, the IABC method was achieved from three aspects: nectar source initializing, employed bee global neighborhood searching, and scouts mutation neighborhood searching. Second, the multi-class SVM with one-against-one classifiers was selected, and the best global parameters were achieved by the IABC. Third, the optimized SVM model was adopted in the testing to verify the effectiveness of state estimation. Finally, the elaborated methodology was applied to two actual ship systems to get the analysis results. The effectiveness was verified by using two examples. The results show the following: the IABC optimized SVM can obtain the global optimal parameters at a faster speed than the traditional ABC optimized method; the IABC optimized method can help the training start with better initial parameters, and get a higher classification accuracy rate than the traditional ABC optimized method. Based on the comparative analysis results, the IABC optimized SVM shows an obvious advantage of parameter optimization in the training process, and it can also significantly improve the model training efficiency and achieve a higher state estimation accuracy. The optimized SVM by IABC is an effective state estimation method in ship systems.","2169-3536","","10.1109/ACCESS.2020.3037251","Research on Intelligent Ship Testing and Verification(grant numbers:2018/473); National Natural Science Foundation of China(grant numbers:51479017); ","https://ieeexplore.ieee.org/stamp/stamp.jsp?arnumber=9253367","Marine engineering;support vector machine;artificial bee colony;state estimation","Marine vehicles;Support vector machines;Training;Optimization;State estimation;Maintenance engineering;Testing","","7","","37","CCBYNCND","10 Nov 2020","2020","","IEEE","IEEE Journals"
"Hierarchical Flexible Beta Fuzzy Design by a Multi-Objective Evolutionary Hybrid Approach","Y. Jarraya; S. Bouaziz; A. M. Alimi","Research Groups in Intelligent Machines, National Engineering School of Sfax, University of Sfax, Sfax, Tunisia; Research Groups in Intelligent Machines, National Engineering School of Sfax, University of Sfax, Sfax, Tunisia; Research Groups in Intelligent Machines, National Engineering School of Sfax, University of Sfax, Sfax, Tunisia",IEEE Access,"15 Mar 2018","2018","6","","11544","11558","This paper introduces a novel evolutionary approach for the automated modeling of efficient hierarchical or multilevel fuzzy systems. The proposed approach is formed by two principal learning stages: the first stage consists of using a proposed multi-objective algorithm called the multi-objective extended immune programming algorithm in order to evolve the architecture of the hierarchical fuzzy system. The use of such a step aims to optimize the structure of the hierarchical fuzzy system and to generate in the same time an accurate and an interpretable fuzzy system with a few number of fuzzy rules. In the second stage, the parameters of beta membership function parameters and the consequent parts of rules are tuned by applying the hybrid artificial bee colony algorithm. The proposed hybrid approach interleaves these two learning phases for the architecture learning and the parameter tuning until a near optimum hierarchical fuzzy system is generated. The efficiency of the methodology is evaluated through some well-known benchmark time-series problems, a nonlinear plant identification problem, and some high-dimensional classification data sets. Compared with other existing works, the proposed system proves its superiority in terms of reaching high accuracy, smaller rule-base, and good convergence speed.","2169-3536","","10.1109/ACCESS.2018.2807124","Ministry of Higher Education and Scientific Research of Tunisia(grant numbers:LR11ES48); ","https://ieeexplore.ieee.org/stamp/stamp.jsp?arnumber=8306272","Beta basis function;hierarchical fuzzy system;hierarchical structure optimization;multi-objective optimization;parameter tuning","Fuzzy systems;Optimization;Clustering algorithms;Data mining;Tuning;Input variables;Encoding","","1","","49","OAPA","2 Mar 2018","2018","","IEEE","IEEE Journals"
"Semantic SLAM Based on Improved DeepLabv3⁺ in Dynamic Scenarios","Z. Hu; J. Zhao; Y. Luo; J. Ou","Key Laboratory of Optoelectronic Information Sensing and Technology, Chongqing University of Posts and Telecommunications, Chongqing, China; Key Laboratory of Optoelectronic Information Sensing and Technology, Chongqing University of Posts and Telecommunications, Chongqing, China; Key Laboratory of Optoelectronic Information Sensing and Technology, Chongqing University of Posts and Telecommunications, Chongqing, China; Key Laboratory of Optoelectronic Information Sensing and Technology, Chongqing University of Posts and Telecommunications, Chongqing, China",IEEE Access,"2 Mar 2022","2022","10","","21160","21168","Simultaneous Localization and Mapping (SLAM) plays an irreplaceable role in the field of artificial intelligence. The traditional visual SLAM algorithm is stable assuming a static environment, but has lower robustness and accuracy in dynamic scenes, which affects its localization accuracy. To address this problem, a semantic SLAM system is proposed that incorporates ORB-SLAM3, semantic segmentation thread and geometric thread, namely DeepLabv3+_SLAM. The improved DeepLabv3+ semantic segmentation network combines context information to segment potential a priori dynamic objects. Then, the geometry thread uses a multi-view geometry method to detect the motion state information of the dynamic object. Finally, a new ant colony strategy is proposed to find the group of all dynamic feature points through the optimal path, and avoids traversing all the feature points to reduce the dynamic object detection time and improve the real-time performance of the system. By conducting experiments on public data sets, the results show that the method proposed in this paper effectively improves the positioning accuracy of the system in a high-dynamic environment compared with similar algorithms, and the real-time performance of the system is improved.","2169-3536","","10.1109/ACCESS.2022.3154086","National Natural Science Foundation for Young Scholars of China(grant numbers:61703067,61803058); National Natural Science Foundation of China(grant numbers:51775076,61801061); ","https://ieeexplore.ieee.org/stamp/stamp.jsp?arnumber=9721010","DeepLabv3⁺_SLAM;semantic;high-dynamic environment;new ant colony strategy","Semantics;Simultaneous localization and mapping;Heuristic algorithms;Dynamics;Visualization;Real-time systems;Vehicle dynamics","","44","","28","CCBY","24 Feb 2022","2022","","IEEE","IEEE Journals"
"Grouped ABC for Feature Selection and Mean-Variance Optimization for Rule Mining: A Hybrid Framework","M. Rana; O. Dahiya; P. Singh; W. Boulila; A. Ammar","School of Computer Science and Engineering, Lovely Professional University, Phagwara, Punjab, India; School of Computer Science and Engineering, Lovely Professional University, Phagwara, Punjab, India; School of Computer Science and Engineering, Lovely Professional University, Phagwara, Punjab, India; Robotics and Internet of Things Laboratory, Prince Sultan University, Riyadh, Saudi Arabia; Robotics and Internet of Things Laboratory, Prince Sultan University, Riyadh, Saudi Arabia",IEEE Access,"17 Aug 2023","2023","11","","85747","85759","Data mining has become a popular process in recent times. However, with the increase in data, traditional data mining methods are not sufficient to solve many problems. Therefore, advanced techniques are needed to provide better results without consuming more time during execution. Soft computing algorithms are used for mathematical optimization to achieve better results in less time. The primary purpose of this work is to propose a framework for rule mining that shall generalize the currently applied methods in rule mining. In this respect, this paper represents the R-miner using a soft computing algorithm. The Grouped -Artificial Bee Colony Optimization (G-ABC) was used to select the relevant attribute set and further verify the features. Mean-Variance optimization is used to find whether the selected rule is valid for further classification. Furthermore, a neural-based deep learning method is applied to validate the outcome. The investigation outcome indicates that the proposed algorithm provides more optimized results in terms of the number of rules generated, the time required for calculation, and obtaining supplementary information for rule mining.","2169-3536","","10.1109/ACCESS.2023.3303360","Prince Sultan University; ","https://ieeexplore.ieee.org/stamp/stamp.jsp?arnumber=10210547","Rule mining;feature selection;particle swarm optimization;artificial bee colony optimization","Data mining;Optimization;Classification algorithms;Prediction algorithms;Machine learning algorithms;Feature extraction;Databases","","4","","41","CCBYNCND","7 Aug 2023","2023","","IEEE","IEEE Journals"
"Ant-Based Feature and Instance Selection for Multiclass Imbalanced Data","Y. Villuendas-Rey; C. Yáñez-Márquez; O. Camacho-Nieto","Instituto Politécnico Nacional, Centro de Innovación y Desarrollo Tecnológico en Cómputo, Mexico City, Mexico; Instituto Politécnico Nacional, Centro de Investigación en Computación, Mexico City, Mexico; Instituto Politécnico Nacional, Centro de Innovación y Desarrollo Tecnológico en Cómputo, Mexico City, Mexico",IEEE Access,"1 Oct 2024","2024","12","","133952","133968","This paper introduces a novel algorithm called Ant-based Feature and Instance Selection. This new algorithm addresses the simultaneous selection of instances and features for mixed, incomplete, and imbalanced data in the context of lazy instance-based classifiers. The proposed algorithm uses a hybrid selection strategy based on metaheuristic procedures and Rough Sets. The Ant-based Feature and Instance Selection algorithm combines Ant Colony Optimization and Generic Extended Rough Sets for Mixed and Incomplete Information Systems. It has five stages: reduct computation, metadata computation, intelligent instance preprocessing, submatrices creation, and fusion. To test the performance of the proposed algorithm, we used 25 datasets from the Machine Learning repository of the University of California at Irvine. All these datasets are imbalanced, with multiple classes and represent real-world classification problems. The number of classes ranges between three and eight classes. Most of them also have mixed or incomplete descriptions. We used several performance measures and computed the Instance Retention ratio and the Feature Retention ratio. To determine the existence or not of significant differences in the performance of the compared algorithms, we used non-parametric hypothesis testing. The statistical analysis results confirm the high quality of the proposed algorithm for selecting features and instances in multiclass imbalanced data.","2169-3536","","10.1109/ACCESS.2024.3418669","Instituto Polit?cnico Nacional; ","https://ieeexplore.ieee.org/stamp/stamp.jsp?arnumber=10570201","Multiclass imbalanced data;feature selection;instance selection;nearest neighbor","Feature extraction;Rough sets;Classification algorithms;Training;Metadata;Metaheuristics;Information systems;Nearest neighbor methods;Ant colony optimization;Algorithm design and theory","","2","","67","CCBYNCND","24 Jun 2024","2024","","IEEE","IEEE Journals"
"Intelligent Identification of Ocean Surface Rainfall from CFOSAT Scatterometer Observations","J. Song; Q. Yan; C. Fan; J. Meng; J. Zhang","College of Oceanography and Space Informatics, China University of Petroleum, Qingdao, China; College of Oceanography and Space Informatics, China University of Petroleum, Qingdao, China; First Institute of Oceanography, Ministry of Natural Resources, Qingdao, China; First Institute of Oceanography, Ministry of Natural Resources, Qingdao, China; College of Oceanography and Space Informatics, China University of Petroleum, Qingdao, China",IEEE Journal of Selected Topics in Applied Earth Observations and Remote Sensing,"17 Sep 2026","2026","19","","29524","29540","The China–France Oceanography Satellite scatterometer (CSCAT) provides up to 16 multiangular normalized radar cross-section (NRCS) slices, which serve as rich information sources for high-quality ocean surface wind retrieval. However, rainfall can alter backscattering characteristics and consequently degrade the accuracy of wind retrieval. Therefore, accurate rainfall identification is of critical importance. In this study, various machine learning models integrated with different intelligent optimization algorithms are developed for CSCAT rainfall identification. Through systematic comparative evaluation, the optimal models are identified. Furthermore, the impacts of the number of valid NRCS slices, observational position within the swath, and polarization on the performance of the optimal models are investigated. In addition, the effects of classification probability threshold, rain-rate threshold, and CSCAT measurement instability on performance are discussed to support practical applicability. The results demonstrate that the eXtreme Gradient Boosting model optimized by Ant Colony Optimization (ACO-XGB) and the light gradient boosting machine model optimized by particle swarm optimization (PSO-LGBM) achieve better performance among all candidate models. Specifically, ACO-XGB exhibits superior discriminative capability (AUC = 0.9382) and a lower false positive rate (FPR = 0.0368), whereas PSO-LGBM shows better performance in reducing the false negative rate (FNR = 0.1973). By fully exploiting the multiangular and dual-polarization observations of CSCAT, the proposed models achieve effective rainfall identification and maintain robust performance under varying observational conditions, rendering them suitable for operational applications.","2151-1535","","10.1109/JSTARS.2026.3728180","Natural Science Foundation of Shandong Province(grant numbers:ZR2025MS558); Fundamental Research Funds for the Central Universities(grant numbers:26CX05049A); Natural Science Foundation of China(grant numbers:42206178,61931025); Key Program of Joint Fund of the National Natural Science Foundation of China and Shandong Province(grant numbers:U2006207); ","https://ieeexplore.ieee.org/stamp/stamp.jsp?arnumber=11668669","China-France Oceanography Satellite (CFOSAT) scatterometer;machine learning;optimization algorithm;rainfall identification","Modeling;Rain;Wind;Polarization;Wind speed;Measurement;Optimization;Oceans;Surfaces;Azimuth","","","","50","CCBYNCND","27 Aug 2026","2026","","IEEE","IEEE Journals"
"Ebola Optimization Search Algorithm: A New Nature-Inspired Metaheuristic Optimization Algorithm","O. N. Oyelade; A. E. -S. Ezugwu; T. I. A. Mohamed; L. Abualigah","School of Mathematics, Statistics, and Computer Science, University of KwaZulu-Natal, Pietermaritzburg Campus, Pietermaritzburg, KwaZulu-Natal, South Africa; School of Mathematics, Statistics, and Computer Science, University of KwaZulu-Natal, Pietermaritzburg Campus, Pietermaritzburg, KwaZulu-Natal, South Africa; School of Mathematics, Statistics, and Computer Science, University of KwaZulu-Natal, Pietermaritzburg Campus, Pietermaritzburg, KwaZulu-Natal, South Africa; Faculty of Computer Sciences and Informatics, Amman Arab University, Amman, Jordan",IEEE Access,"14 Feb 2022","2022","10","","16150","16177","Nature computing has evolved with exciting performance to solve complex real-world combinatorial optimization problems. These problems span across engineering, medical sciences, and sciences generally. The Ebola virus has a propagation strategy that allows individuals in a population to move among susceptible, infected, quarantined, hospitalized, recovered, and dead sub-population groups. Motivated by the effectiveness of this strategy of propagation of the disease, a new bio-inspired and population-based optimization algorithm is proposed. This study presents a novel metaheuristic algorithm named Ebola Optimization Search Algorithm (EOSA) based on the propagation mechanism of the Ebola virus disease. First, we designed an improved SIR model of the disease, namely SEIR-HVQD: Susceptible (S), Exposed (E), Infected (I), Recovered (R), Hospitalized (H), Vaccinated (V), Quarantine (Q), and Death or Dead (D). Secondly, we represented the new model using a mathematical model based on a system of first-order differential equations. A combination of the propagation and mathematical models was adapted for developing the new metaheuristic algorithm. To evaluate the performance and capability of the proposed method in comparison with other optimization methods, two sets of benchmark functions consisting of forty-seven (47) classical and thirty (30) constrained IEEE-CEC benchmark functions were investigated. The results indicate that the performance of the proposed algorithm is competitive with other state-of-the-art optimization methods based on scalability, convergence, and sensitivity analyses. Extensive simulation results show that the EOSA outperforms popular metaheuristic algorithms such as the Particle Swarm Optimization Algorithm (PSO), Genetic Algorithm (GA), and Artificial Bee Colony Algorithm (ABC). Also, the algorithm was applied to address the complex problem of selecting the best combination of convolutional neural network (CNN) hyperparameters in the image classification of digital mammography. Results obtained showed the optimized CNN architecture successfully detected breast cancer from digital images at an accuracy of 96.0%. The source code of EOSA is publicly available at https://github.com/NathanielOy/EOSA_Metaheuristic.","2169-3536","","10.1109/ACCESS.2022.3147821","","https://ieeexplore.ieee.org/stamp/stamp.jsp?arnumber=9698015","Ebola virus;metaheuristic algorithm;optimization problems;constrained benchmark functions;image classification;convolutional neural network","Optimization;Viruses (medical);Diseases;Metaheuristics;Mathematical models;Heuristic algorithms;Statistics","","435","","80","CCBY","31 Jan 2022","2022","","IEEE","IEEE Journals"
"A Hybrid Intelligent Model for the Condition Monitoring and Diagnostics of Wind Turbines Gearbox","A. Heydari; D. A. Garcia; A. Fekih; F. Keynia; L. B. Tjernberg; L. De Santoli","Department of Astronautics, Electrical and Energetic Engineering (DIAEE), Sapienza University of Rome, Rome, Italy; Department of Planning, Design, and Technology of Architecture, Sapienza University of Rome, Roma, Italy; Department of Electrical and Computer Engineering, University of Louisiana at Lafayette, Lafayette, LA, USA; Department of Energy Management and Optimization, Institute of Science and High Technology and Environmental Sciences, Graduate University of Advanced Technology, Kerman, Iran; School of Electrical Engineering and Computer Science, KTH Royal Institute of Technology Stockholm, Stockholm, Sweden; Department of Astronautics, Electrical and Energetic Engineering (DIAEE), Sapienza University of Rome, Rome, Italy",IEEE Access,"29 Jun 2021","2021","9","","89878","89890","Wind turbines (WTs) are often operated in harsh and remote environments, thus making them more prone to faults and costly repairs. Additionally, the recent surge in wind farm installations have resulted in a dramatic increase in wind turbine data. Intelligent condition monitoring and fault warning systems are crucial to improving the efficiency and operation of wind farms and reducing maintenance costs. Gearbox is the major component that leads to turbine downtime. Its failures are mainly caused by the gearbox bearings. Devising condition monitoring approaches for the gearbox bearings is an effective predictive maintenance measure that can reduce downtime and cut maintenance cost. In this paper, we propose a hybrid intelligent condition monitoring and fault warning system for wind turbine's gearbox. The proposed framework encompasses the following: a) clustering filter- (based on power, rotor speed, blade pitch angle, and wind speed signals)-using the automatic clustering model and ant bee colony optimization algorithm (ABC), b) prediction of gearbox bearing temperature and lubrication oil temperature signals- using variational mode decomposition (VMD), group method of data handling (GMDH) network, and multi-verse optimization (MVO) algorithm, and c) anomaly detection based on the Mahalanobis distances and wavelet transform denoising approach. The proposed condition monitoring system was evaluated using 10 min average SCADA datasets of two 2 MW on-shore wind turbines located in the south of Sweden. The results showed that this strategy can diagnose potential anomalies prior to failure and inhibit reporting alarms in healthy operations.","2169-3536","","10.1109/ACCESS.2021.3090434","","https://ieeexplore.ieee.org/stamp/stamp.jsp?arnumber=9459745","Automatic clustering;condition monitoring;forecasting;GMDH neural network;multi-verse optimization;wind turbine assessment","Wind turbines;Condition monitoring;Optimization;Analytical models;Transforms;Maintenance engineering;Indexes","","39","","52","CCBY","18 Jun 2021","2021","","IEEE","IEEE Journals"
"IR-QLA: Machine Learning-Based Q-Learning Algorithm Optimization for UAVs Faster Trajectory Planning by Instructed- Reinforcement Learning","M. Muzammul; M. Assam; Y. Y. Ghadi; N. Innab; M. Alajmi; T. J. Alahmadi","Department of Computer Science and Technology, Zhejiang University, Hangzhou, China; Department of Computer Science and Technology, Zhejiang University, Hangzhou, China; Department of Computer Science and Software Engineering, Al Ain University, Al Ain, United Arab Emirates; Department of Computer Science and Information Systems, College of Applied Sciences, AlMaarefa University, Diriyah, Riyadh, Saudi Arabia; Department of Computer Engineering, College of Computers and Information Technology, Taif University, Taif, Saudi Arabia; Department of Information Systems, College of Computer and Information Sciences, Princess Nourah Bint Abdulrahman University, P.O. Box 84428, Riyadh, Saudi Arabia",IEEE Access,"4 Jul 2024","2024","12","","91300","91315","Trajectory planning for unmanned aerial vehicles (UAVs) presents a formidable challenge, particularly in environments where details about the terrain and objectives are not known beforehand. This uncertainty has propelled the adoption of UAVs across diverse sectors such as logistics, weather forecasting, security surveillance, and autonomous driving, where their ability to navigate autonomously is crucial. Recent advancements have leveraged deep learning for robust object detection and tracking, significantly enhancing data acquisition from aerial imagery and UAV-based applications. Despite numerous innovations, the critical issue of optimizing UAV trajectories in unknown environments remains largely unaddressed. This paper introduces a novel approach, the Instructed Reinforcement Q-Learning Algorithm (IR-QLA), which utilizes Received Signal Strength (RSS) as a dynamic reward metric to refine trajectory planning continuously. By integrating a unique instructed reinforcement principle, this method significantly accelerates the learning process, improving the UAVs’ navigational efficiencies. Our findings demonstrate that IR-QLA not only surpasses traditional algorithms like Ant Colony and Particle Swarm Optimization in terms of convergence speed but also minimizes the path length and iteration counts needed for trajectory optimization. Future studies will explore alternative reward sources and advanced algorithms to further enhance the precision and speed of UAV trajectory planning, aiming to establish new benchmarks in the field.","2169-3536","","10.1109/ACCESS.2024.3420169","Princess Nourah bint Abdulrahman University Researchers Supporting(grant numbers:PNURSP2024R513); Princess Nourah bint Abdulrahman University, Riyadh, Saudi Arabia; ","https://ieeexplore.ieee.org/stamp/stamp.jsp?arnumber=10574810","Machine learning;reinforcement learning;trajectory planning;Q-learning","Autonomous aerial vehicles;Heuristic algorithms;Trajectory planning;Path planning;Q-learning;Planning;Navigation;Machine learning;Reinforcement learning","","12","","52","CCBYNCND","27 Jun 2024","2024","","IEEE","IEEE Journals"
"Optimized ANFIS Model Using Hybrid Metaheuristic Algorithms for Parkinson’s Disease Prediction in IoT Environment","I. M. El-Hasnony; S. I. Barakat; R. R. Mostafa","Information Systems Department, Faculty of Computers and Information Sciences, Mansoura University, Mansoura, Egypt; Information Systems Department, Faculty of Computers and Information Sciences, Mansoura University, Mansoura, Egypt; Information Systems Department, Faculty of Computers and Information Sciences, Mansoura University, Mansoura, Egypt",IEEE Access,"6 Jul 2020","2020","8","","119252","119270","Throughout recent years, the progress of telemonitoring and telediagnostics devices for evaluating and tracking Parkinson's (PD) disease has become increasingly important. The early detection of PD increases the consistency of the treatment of patients and ultimately allows it possible to achieve a rapid diagnostic decision from an experienced clinician. In this paper, a proposed fog-based ANFIS+PSOGWO model provided for Parkinson's disease prediction. The proposed model exploits the advantages of the grey wolf optimization (GWO) and the particle swarm optimization (PSO) for adjusting the adaptive neuro-fuzzy inference system (ANFIS) parameters with the use of chaotic tent map for the initialization. The fog processing utilized for gathering and analyzing the data at the edge of the gateways and notifying the local community instantly. Compared to other optimization methods, many evaluation metrics used like the root mean square error (RMSE), the mean square error (MSE), the standard deviation (SD), and the accuracy and five standard datasets from repository of UCI machine learning that demonstrated the superiority of the model proposed against the grey wolf optimization (GWO), the particle swarm optimization (PSO), the differential evolution (DE), the genetic algorithm (GA), the ant colony optimization (ACO), and the standard ANFIS model. Moreover, the proposed ANFIS+PSOGWO applied for Parkinson's disease prediction and achieved an accuracy of 87.5%. The proposed ANFIS+PSOGWO compared in producing positive outcomes better than PSO, GWO, GA, ACO, DE, and some recent literature for Parkinson's disease prediction. The proposed model produced accuracy for the Parkinson's disease prediction has outperformed its closest competitors in all algorithms by 7.3%.","2169-3536","","10.1109/ACCESS.2020.3005614","","https://ieeexplore.ieee.org/stamp/stamp.jsp?arnumber=9127458","Parkinson’s disease (PD);metaheuristic’s algorithms;fog computing;Internet of Things (IoT);adaptive neuro-fuzzy inference system (ANFIS)","Adaptation models;Genetic algorithms;Optimization;Predictive models;Parkinson's disease;Prediction algorithms","","97","","67","CCBY","29 Jun 2020","2020","","IEEE","IEEE Journals"
